date,vix,move,spyClose,qqqClose,hygClose,kreClose,jnkClose,rspClose,dxyClose,hyOas,igOas,tenYYield,realTenY,nfci,aaiiBearish,putCall,vixChange5d,spyDrawdown,qqqDrawdown,rspSpyRel60d,hygRet20d,jnkRet20d,hyOasChange20d,igOasChange20d,dxyChange20d,tenYChange20d,realTenYChange20d,kreRel20d,fearGreed,fearGreedSource,volInputsAvailable,creditInputsAvailable,sentimentInputsAvailable,scoreInputsAvailable,scoreInputCompleteness,volatilityScore,creditScore,sentimentScore,scoreTotal,regime,regimeTitle,overheated,spyRealizedVol20dTrailing,spyRet5dFwd,spyRealizedVol5dFwd,spyRet10dFwd,spyRealizedVol10dFwd,spyRet20dFwd,spyRealizedVol20dFwd,spyRet60dFwd,spyRealizedVol60dFwd,spyMaxDrawdown20dFwd,spyMaxDrawdown60dFwd,opportunityScore,riskScore,allocationAction,allocationStance
2021-10-05,21.3,62.83,405.0795,346.8566,65.6417,61.0156,79.2558,139.8109,93.98,,,1.54,-0.91,-0.659,40.7186,,-1.95,-4.1269,-6.3683,0.6132,-0.4915,-0.4496,,,1.578,16.0,7.0,12.6208,18.7667,cnn,3,5,2,10,0.6667,1,0,3,4,normal,Normal / Mild Pullback,False,,0.1201,9.8251,4.0499,10.7459,6.6497,8.5463,10.3285,13.6435,0.1201,0.1201,50.23,5.33,HOLD,维持
2021-10-06,21.0,60.65,406.763,349.0792,65.604,60.8238,79.2121,140.004,94.27,,,1.53,-0.9,-0.659,40.7186,,-1.56,-3.7284,-5.7683,0.9465,-0.6618,-0.6133,,,1.7485,18.0,13.0,13.1121,20.0667,cnn,3,5,2,10,0.6667,1,0,3,4,normal,Normal / Mild Pullback,False,,0.0644,9.6927,4.0262,10.7455,6.8567,8.6018,9.595,13.6596,-0.2943,-0.2943,48.24,5.33,HOLD,维持
2021-10-07,19.54,60.91,410.2798,352.282,65.6115,61.3731,79.183,141.1909,94.22,,,1.58,-0.88,-0.659,36.7925,,-3.6,-2.8961,-4.9037,1.2277,-0.7408,-0.7222,,,1.8815,28.0,20.0,12.1982,24.6,cnn,3,5,2,10,0.6667,0,0,2,2,normal,Normal / Mild Pullback,False,,0.8754,14.5958,3.4035,10.4344,6.4401,8.3922,9.2847,13.609,-1.149,-1.149,37.56,3.33,HOLD,维持
2021-10-08,18.77,59.65,409.5316,350.5253,65.4155,61.6433,79.0445,140.8597,94.07,,,1.61,-0.89,-0.657,36.7925,,-2.33,-3.0732,-5.3779,1.0973,-0.8909,-0.7965,,,1.6094,26.0,16.0,13.3642,25.2667,cnn,3,5,2,10,0.6667,0,0,1,1,normal,Normal / Mild Pullback,False,,1.8293,14.6754,3.4851,10.332,7.0045,8.1862,9.4477,13.597,-0.9683,-0.9683,34.75,3.33,HOLD,维持
2021-10-11,20.0,59.65,406.5666,347.8369,65.2119,60.9285,78.7675,140.0868,94.32,,,1.61,-0.89,-0.657,36.7925,,-2.96,-3.7749,-6.1036,1.2351,-1.4462,-1.3778,,,1.8355,28.0,15.0,11.8191,25.9,cnn,3,5,2,10,0.6667,0,0,1,1,normal,Normal / Mild Pullback,False,,2.8756,11.3024,4.7988,8.4451,7.8769,7.2374,8.1289,14.1469,-0.2461,-0.2461,36.2,3.33,HOLD,维持
2021-10-12,19.85,62.95,405.5659,346.6236,65.3326,60.8936,78.9133,140.1237,94.52,,,1.59,-0.9,-0.657,36.7925,,-1.45,-4.0117,-6.4311,1.8543,-1.219,-1.0874,,,2.0183,31.0,15.0,14.0312,22.7,cnn,3,5,2,10,0.6667,0,0,2,2,normal,Normal / Mild Pullback,False,,3.9251,8.6968,5.152,7.7909,7.7856,7.34,8.2939,14.133,0.3597,0.3597,41.59,3.33,HOLD,维持
2021-10-13,18.64,60.84,407.0249,349.3994,65.506,60.5536,79.0955,140.3537,94.08,,,1.56,-0.96,-0.657,36.7925,,-2.36,-3.6664,-5.6818,1.1938,-1.1028,-1.0931,,,1.7191,25.0,8.0,12.0957,24.1,cnn,3,5,2,10,0.6667,0,0,2,2,normal,Normal / Mild Pullback,False,,3.9593,8.6015,4.3109,9.1321,6.5352,8.4568,7.4791,14.166,1.6821,1.6821,39.8,3.33,HOLD,维持
2021-10-14,16.86,59.35,413.8713,355.8342,65.8754,61.4602,79.5328,142.7642,93.96,,,1.52,-1.0,-0.657,31.7536,,-2.68,-2.046,-3.9448,1.0342,-0.5112,-0.5101,,,1.1846,18.0,1.0,11.9774,31.8333,cnn,3,5,2,10,0.6667,0,0,1,1,normal,Normal / Mild Pullback,False,,2.5062,3.9663,3.5751,6.8287,4.8068,6.8255,5.5696,13.8011,0.7616,0.7616,28.37,3.33,HOLD,维持
2021-10-15,16.3,62.7,417.0233,358.0761,65.7623,61.3905,79.3725,143.2518,93.94,,,1.59,-0.97,-0.651,31.7536,,-2.47,-1.3,-3.3396,1.1051,-0.558,-0.6023,,,0.794,22.0,-1.0,9.7859,43.6333,cnn,3,5,2,10,0.6667,0,0,0,0,normal,Normal / Mild Pullback,False,,1.626,4.9566,3.0009,6.4603,4.7996,6.8186,5.726,13.835,0.2961,0.2961,19.03,3.33,HOLD,维持
2021-10-18,16.31,70.77,418.2579,361.6769,65.7322,61.5387,79.336,143.3071,93.95,,,1.59,-0.95,-0.651,31.7536,,-3.69,-1.0078,-2.3676,1.0436,-0.252,-0.3125,,,0.7615,28.0,3.0,10.6496,46.5667,cnn,3,5,2,10,0.6667,0,0,0,0,normal,Normal / Mild Pullback,False,,1.8695,5.1613,2.8735,6.4902,4.526,6.8505,5.6989,13.8335,0.7715,0.7402,18.05,3.33,HOLD,维持
2021-10-19,15.7,68.25,421.4847,364.4139,65.7774,61.591,79.3943,144.1443,93.79,,,1.65,-0.89,-0.651,31.7536,,-4.15,-0.2441,-1.6288,0.8177,-0.3539,-0.4028,,,0.6331,32.0,7.0,10.023,53.4,cnn,3,5,2,10,0.6667,0,0,0,0,normal,Normal / Mild Pullback,False,,1.1805,3.9762,2.4987,5.9633,4.1363,6.5777,3.4444,14.0867,0.3928,-0.0311,16.11,3.48,HOLD,维持
2021-10-20,15.49,65.47,423.1402,363.9384,65.8,63.2038,79.4527,145.2484,93.56,,,1.65,-0.92,-0.651,31.7536,,-3.15,0.0,-1.7571,0.9103,-0.5009,-0.4929,,,0.107,33.0,4.0,11.6619,56.5667,cnn,3,5,2,10,0.6667,0,0,0,0,normal,Normal / Mild Pullback,False,,0.3382,5.8711,2.721,6.2053,3.4769,6.7201,3.0819,14.0693,0.1569,-0.4222,15.61,3.59,HOLD,维持
2021-10-21,15.01,69.42,424.2438,366.1609,65.6342,62.7853,79.2413,145.4231,93.77,,,1.68,-0.96,-0.651,27.7512,,-1.85,0.0,-1.1572,0.6746,-0.7968,-0.7756,,,0.7197,27.0,-6.0,7.8754,60.2,cnn,3,5,2,10,0.6667,0,0,0,0,normal,Normal / Mild Pullback,False,,1.0428,8.7271,2.9366,6.2865,3.5583,6.7397,0.9929,14.5561,-0.1036,-0.6812,15.41,3.83,HOLD,维持
2021-10-22,15.43,72.04,423.8042,363.0843,65.4759,63.4479,79.0663,145.8372,93.61,,,1.66,-0.98,-0.64,27.7512,,-0.87,-0.1036,-1.9877,0.7295,-0.8897,-0.8865,,,0.3,19.0,-11.0,8.1789,59.5,cnn,3,5,2,10,0.6667,0,0,0,0,normal,Normal / Mild Pullback,False,,1.3529,8.2995,3.4009,5.8921,3.4803,6.7862,0.0479,14.7159,0.181,-0.5782,15.92,3.62,HOLD,维持
2021-10-25,15.24,68.96,426.0771,366.8015,65.5889,63.692,79.1903,146.1683,93.81,,,1.64,-1.02,-0.64,27.7512,,-1.07,0.0,-0.9843,0.2069,-0.6282,-0.6497,,,0.4605,16.0,-15.0,3.8162,62.9667,cnn,3,5,2,10,0.6667,0,0,0,0,normal,Normal / Mild Pullback,False,,0.9856,7.9594,2.9371,5.8961,2.6386,6.8246,-1.5872,14.8473,-0.3534,-1.5872,15.34,3.71,HOLD,维持
2021-10-26,15.98,66.7,426.4605,367.9565,65.604,63.1428,79.2121,145.8832,93.95,,,1.63,-1.06,-0.64,27.7512,,0.28,0.0,-0.6725,-0.1378,-0.1505,-0.1858,,,0.192,9.0,-22.0,1.5134,63.0333,cnn,3,5,2,10,0.6667,0,0,0,0,normal,Normal / Mild Pullback,False,,1.3027,8.0069,2.5046,6.6284,2.6822,6.823,-3.6059,15.3759,-0.443,-3.6059,15.42,3.34,HOLD,维持
2021-10-27,16.98,70.06,424.5712,368.8105,65.5512,60.9459,79.1246,143.9419,93.86,,,1.54,-1.11,-0.64,29.4372,,1.49,-0.443,-0.4419,-1.0538,-0.4132,-0.4964,,,-0.5088,-1.0,-29.0,-2.4801,58.3333,cnn,3,5,2,10,0.6667,0,0,0,0,normal,Normal / Mild Pullback,False,,2.3748,5.1703,2.1325,7.8327,3.4146,6.4847,-2.7657,15.3865,0.9649,-3.1769,17.1,3.33,HOLD,维持
2021-10-28,16.53,71.96,428.6678,372.9062,65.7171,62.0269,79.3142,145.4047,93.35,,,1.57,-1.0,-0.64,29.4372,,1.52,0.0,0.0,-0.5524,-0.047,-0.1395,,,-0.9549,5.0,-15.0,-1.6678,64.4,cnn,3,5,2,10,0.6667,0,0,0,0,normal,Normal / Mild Pullback,False,,1.8742,2.9199,1.1891,6.6419,0.1418,10.2353,-4.8707,15.4284,0.1418,-4.8707,15.99,3.33,HOLD,维持
2021-10-29,16.26,75.45,429.5377,374.7406,65.5437,61.8176,79.1684,145.1471,94.12,,,1.55,-0.96,-0.626,29.4372,,0.83,0.0,0.0,-1.0495,-0.5491,-0.5312,,,0.0851,7.0,-6.0,-3.3467,65.4333,cnn,3,5,2,10,0.6667,0,0,0,0,normal,Normal / Mild Pullback,False,,2.0207,2.5521,1.7463,7.3698,1.1649,11.093,-5.3016,15.4205,-0.061,-5.3016,15.54,3.33,HOLD,维持
2021-11-01,16.41,78.34,430.2766,376.0217,65.4733,63.8576,79.0726,146.3064,93.88,,,1.58,-0.92,-0.626,29.4372,,1.17,0.0,0.0,-0.6737,-0.3023,-0.3138,,,0.0746,9.0,-3.0,-1.9674,66.1333,cnn,3,5,2,10,0.6667,0,0,0,0,normal,Normal / Mild Pullback,False,,1.9324,3.0627,1.6063,7.4028,-0.9738,13.1957,-5.931,15.4326,-0.9738,-5.931,15.76,3.33,HOLD,维持
2021-11-02,16.03,71.04,432.0162,377.594,65.6322,63.6484,79.2042,146.7112,94.09,,,1.56,-0.95,-0.626,29.4372,,0.05,0.0,0.0,-0.655,-0.0145,-0.0651,,,0.117,2.0,-4.0,-2.1892,68.2667,cnn,3,5,2,10,0.6667,0,0,0,0,normal,Normal / Mild Pullback,False,8.5821,1.1864,5.8873,1.5977,7.3951,-2.4681,13.6017,-3.983,16.2683,-2.4681,-6.3098,15.03,3.33,HOLD,维持
2021-11-03,15.1,71.22,434.6537,381.6024,65.7608,65.4007,79.3944,147.576,93.86,,,1.6,-0.93,-0.626,29.4372,,-1.88,0.0,0.0,-1.0159,0.2389,0.2301,,,-0.4349,7.0,-3.0,0.6251,72.2,cnn,3,5,2,10,0.6667,0,0,0,0,normal,Normal / Mild Pullback,False,8.6375,-0.2367,8.3213,0.7359,7.1764,-1.5751,14.6016,-2.8467,16.6514,-3.0599,-6.8783,15.0,8.66,HOLD,维持
2021-11-04,15.44,64.61,436.7021,386.494,65.9347,64.3458,79.5846,147.2724,94.35,,,1.53,-1.03,-0.626,26.0,,-1.09,0.0,0.0,-2.0663,0.4926,0.5072,,,0.138,-5.0,-15.0,-1.4997,72.4333,cnn,3,5,2,10,0.6667,0,0,0,0,normal,Normal / Mild Pullback,False,8.427,-0.6725,7.0961,0.604,7.0014,-2.8892,14.7098,-2.649,16.6836,-3.5146,-7.3151,15.0,8.59,HOLD,维持
2021-11-05,16.48,66.9,438.2173,386.8628,66.1843,65.0258,79.943,148.3949,94.32,,,1.45,-1.09,-0.608,26.0,,0.22,0.0,0.0,-1.3156,1.1753,1.1367,,,0.2658,-16.0,-20.0,-1.418,73.6,cnn,3,5,2,10,0.6667,0,0,0,0,normal,Normal / Mild Pullback,False,8.2205,-0.2689,9.1233,0.0768,6.8961,-2.0788,15.3605,-2.0432,16.7938,-3.8482,-7.6356,15.14,8.77,HOLD,维持
2021-11-08,17.22,70.97,438.5913,386.3387,66.1012,65.1043,79.8625,148.6157,94.05,,,1.51,-1.11,-0.608,26.0,,0.81,0.0,-0.1355,-1.0606,1.3636,1.3901,,,-0.2863,-10.0,-22.0,-0.9485,74.5333,cnn,3,5,2,10,0.6667,0,0,0,0,normal,Normal / Mild Pullback,False,7.2788,-0.3199,9.0813,-0.29,7.0256,-0.1386,17.1569,-4.4273,17.4645,-3.9302,-7.7144,15.57,9.15,HOLD,维持
2021-11-09,17.78,73.02,437.1417,383.6794,66.1541,64.8776,79.921,148.5973,93.96,,,1.46,-1.17,-0.608,26.0,,1.75,-0.3305,-0.8229,-0.5431,1.2574,1.277,,,-0.5925,-13.0,-27.0,-1.1532,77.1714,cnn,3,5,2,10,0.6667,0,0,0,0,normal,Normal / Mild Pullback,False,7.3806,0.4065,9.1986,0.1733,6.8508,0.4579,17.1379,-3.6595,17.4915,-3.6116,-7.4083,17.15,10.2,HOLD,维持
2021-11-10,18.73,78.31,433.6249,378.0405,65.7835,64.7032,79.5114,147.6497,94.85,,,1.56,-1.14,-0.608,26.0,,3.63,-1.1324,-2.2805,-0.278,0.4236,0.5258,,,0.8184,0.0,-18.0,0.2981,73.0857,cnn,3,5,2,10,0.6667,0,0,0,0,normal,Normal / Mild Pullback,False,8.4895,0.9749,6.1197,1.2554,5.1364,0.5888,17.0602,-3.1898,17.4312,-2.8299,-6.6574,20.65,8.57,HOLD,维持
2021-11-11,17.66,78.31,433.7651,379.0886,65.67,65.2699,79.3871,148.0085,95.18,,,1.56,-1.14,-0.608,24.0,,2.22,-1.1004,-2.0096,-0.132,-0.3119,-0.1832,,,1.2984,4.0,-14.0,1.328,72.2286,cnn,3,5,2,10,0.6667,0,0,0,0,normal,Normal / Mild Pullback,False,6.8329,1.2852,5.9952,-1.035,13.0436,1.5029,17.3618,-2.4248,17.5223,-2.8613,-6.6876,19.57,8.22,HOLD,维持
2021-11-12,16.29,78.61,437.0388,383.0777,65.6927,65.0258,79.3871,148.7261,95.13,,,1.58,-1.15,-0.588,24.0,,-0.19,-0.354,-0.9784,-0.0225,-0.1059,0.0184,,,1.2668,-1.0,-18.0,1.0706,74.0,cnn,3,5,2,10,0.6667,0,0,0,0,normal,Normal / Mild Pullback,False,6.8259,0.3467,4.6241,-0.5714,14.0725,-0.1498,17.4898,-1.7383,17.7156,-3.5889,-7.3865,16.12,8.93,HOLD,维持
2021-11-15,16.49,81.59,437.1884,382.9903,65.6171,65.2699,79.292,148.9837,95.41,,,1.63,-1.13,-0.588,24.0,,-0.73,-0.3199,-1.001,0.1893,-0.1752,-0.0555,,,1.554,4.0,-18.0,1.4706,71.6286,cnn,3,5,2,10,0.6667,0,0,0,0,normal,Normal / Mild Pullback,False,6.8583,0.03,5.2738,-2.5394,16.9854,-0.8707,17.6553,-3.5366,18.0879,-3.6219,-7.4182,16.05,7.98,HOLD,维持
2021-11-16,16.37,81.58,438.9187,385.7176,65.6473,65.2437,79.3139,149.1769,95.92,,,1.63,-1.1,-0.588,24.0,,-1.41,0.0,-0.296,0.0525,-0.1978,-0.1012,,,2.271,-2.0,-21.0,1.7231,72.4857,cnn,3,5,2,10,0.6667,0,0,0,0,normal,Normal / Mild Pullback,False,6.5836,-0.2323,4.2918,-4.0018,17.0554,0.2813,18.4926,-5.8116,18.4883,-4.0018,-7.7832,15.1,8.33,HOLD,维持
2021-11-17,17.11,81.58,437.8525,385.9214,65.5792,64.6858,79.1969,148.3857,95.83,,,1.6,-1.1,-0.588,24.0,,-1.62,-0.2429,-0.2433,-0.4832,-0.3356,-0.3219,,,2.4263,-5.0,-18.0,-1.0941,69.2,cnn,3,5,2,10,0.6667,0,0,0,0,normal,Normal / Mild Pullback,False,6.7265,0.2777,4.3457,-2.2942,19.6353,-0.361,18.75,-5.8909,18.4919,-3.7681,-7.5586,15.62,3.33,HOLD,维持
2021-11-18,17.59,74.51,439.3397,389.9201,65.5263,64.5463,79.1091,147.8428,95.54,,,1.59,-1.14,-0.588,27.2321,,-0.07,0.0,0.0,-1.4962,-0.1644,-0.1667,,,1.8876,-9.0,-18.0,-0.7276,70.1429,cnn,3,5,2,10,0.6667,0,0,0,0,normal,Normal / Mild Pullback,False,6.7462,-2.2907,16.2933,-3.4722,19.5915,-1.7551,19.0586,-4.6969,18.7981,-4.0938,-7.8716,15.0,7.39,HOLD,维持
2021-11-19,17.91,73.39,438.554,392.0941,65.4733,64.0581,79.0506,146.886,96.07,,,1.54,-1.11,-0.57,27.2321,,1.62,-0.1788,0.0,-1.8639,-0.0038,-0.0199,,,2.6279,-12.0,-13.0,-2.4338,62.7714,cnn,3,5,2,10,0.6667,0,0,0,0,normal,Normal / Mild Pullback,False,6.7926,-0.9149,20.3498,-2.154,21.0579,-2.6257,19.3739,-4.4192,18.801,-3.922,-7.7065,16.45,3.33,HOLD,维持
2021-11-22,19.17,79.21,437.3194,387.5422,65.2237,64.7468,78.7581,147.116,96.5,,,1.63,-0.98,-0.57,27.2321,,2.68,-0.4598,-1.1609,-1.6059,-0.5568,-0.5458,,,2.8675,-1.0,4.0,-0.9571,60.0,cnn,3,5,2,10,0.6667,0,0,0,0,normal,Normal / Mild Pullback,False,6.8312,-2.5686,24.0349,0.1519,23.9121,-0.6166,20.4898,-6.1968,19.2767,-3.6508,-7.4459,18.16,3.33,HOLD,维持
2021-11-23,19.38,80.57,437.8992,385.7758,65.133,65.7755,78.6484,147.7233,96.49,,,1.67,-0.95,-0.57,27.2321,,3.01,-0.3279,-1.6114,-0.7509,-0.718,-0.7117,,,2.7036,4.0,11.0,1.4485,60.3714,cnn,3,5,2,10,0.6667,0,0,0,0,normal,Normal / Mild Pullback,False,6.8295,-3.7784,23.5279,0.2841,23.9394,0.2442,20.8073,-6.9276,19.3019,-3.7784,-7.5685,18.24,3.33,HOLD,维持
2021-11-24,18.58,83.15,439.0685,387.0181,65.1179,65.6099,78.6118,147.7969,96.84,,,1.64,-0.97,-0.57,35.7143,,1.47,-0.0617,-1.2946,-1.0936,-0.6611,-0.6482,,,3.1749,10.0,14.0,4.0982,56.9429,cnn,3,5,2,10,0.6667,0,1,0,1,normal,Normal / Mild Pullback,False,6.4914,-2.5648,28.2222,-0.6582,24.1446,0.5993,20.9023,-8.1716,19.3837,-4.0346,-8.1716,12.54,13.21,HOLD,维持
2021-11-26,28.62,89.45,429.2758,379.6807,64.6488,62.3233,78.012,143.9511,96.09,,,1.48,-1.07,-0.554,35.7143,,11.03,-2.2907,-3.1659,-1.4362,-1.6255,-1.6417,,,2.9352,-9.0,-7.0,0.3356,31.2571,cnn,3,5,2,10,0.6667,4,0,1,5,normal,Normal / Mild Pullback,False,10.1639,-1.2092,24.3003,2.5644,21.1744,4.3503,19.5916,-7.7429,19.1893,-1.8454,-7.7429,48.96,23.52,HOLD,维持
2021-11-29,22.96,89.41,434.5415,387.9207,65.0498,62.454,78.4874,145.1563,96.34,,,1.52,-1.02,-0.554,35.7143,,5.05,-1.0921,-1.0644,-2.1766,-0.7536,-0.8601,,,2.3587,-3.0,-6.0,-0.1339,38.1143,cnn,3,5,2,10,0.6667,2,0,1,3,normal,Normal / Mild Pullback,False,11.0351,-1.2505,24.143,0.424,21.127,3.0016,19.2466,-7.4893,19.2801,-3.0348,-8.8608,31.42,7.4,HOLD,维持
2021-11-30,27.19,84.04,426.0864,382.2235,64.7775,60.8587,78.1364,141.3105,95.99,,,1.43,-1.07,-0.554,35.7143,,8.02,-3.0166,-2.5174,-2.5865,-1.0628,-1.184,,,2.2476,-15.0,-15.0,-3.759,24.7714,cnn,3,5,2,10,0.6667,3,0,2,5,normal,Normal / Mild Pullback,False,13.1151,2.7922,22.9809,1.7122,18.5478,5.1799,17.5592,-3.5719,19.4665,-1.1107,-7.0523,53.38,15.89,HOLD,维持
2021-12-01,31.12,82.97,421.3538,375.7209,64.7866,60.0567,78.212,139.5533,96.05,,,1.43,-1.01,-0.554,35.7143,,11.74,-4.0938,-4.1758,-2.249,-1.2884,-1.2528,,,2.0831,-13.0,-6.0,-3.2554,25.3571,cnn,3,5,2,10,0.6667,4,0,1,5,normal,Normal / Mild Pullback,False,13.5219,4.222,18.2764,4.4617,18.1967,6.0672,16.9322,-2.7383,19.3466,0.6482,-6.0083,56.52,27.44,HOLD,维持
2021-12-02,27.95,82.55,427.8073,378.4286,65.2647,62.0966,78.7552,142.9298,96.13,,,1.44,-1.03,-0.554,42.381,,9.37,-2.6249,-3.4853,-1.4508,-0.7544,-0.8052,,,2.4185,-16.0,-10.0,-3.5325,22.9286,cnn,3,5,2,10,0.6667,3,0,3,6,normal,Normal / Mild Pullback,False,14.5402,1.9567,19.6351,1.9786,18.1933,4.2039,16.391,-5.6645,19.3031,-0.8701,-7.4262,58.91,19.15,HOLD,维持
2021-12-03,30.67,79.14,424.0848,371.8483,65.2647,60.4054,78.7478,142.1478,96.12,,,1.35,-1.08,-0.543,42.381,,2.05,-3.4722,-5.1635,-1.2736,-1.0163,-1.0514,,,1.876,-18.0,-5.0,-3.3309,20.1571,cnn,3,5,2,10,0.6667,2,0,3,5,normal,Normal / Mild Pullback,False,14.6505,3.8198,16.2165,1.7788,18.5394,5.7272,15.9258,-3.0858,19.6281,0.6966,-6.6136,57.69,14.85,HOLD,维持
2021-12-06,27.18,87.89,429.1075,374.8279,65.5531,61.9571,79.0414,144.2547,96.29,,,1.43,-1.01,-0.543,42.381,,4.22,-2.329,-4.4036,-1.113,-0.9538,-1.1277,,,2.0886,-2.0,8.0,-2.6963,21.2571,cnn,3,5,2,10,0.6667,2,0,3,5,normal,Normal / Mild Pullback,False,15.3083,1.6958,19.156,-0.482,18.5727,4.4547,15.5959,-4.697,19.4797,-0.482,-7.7067,53.45,11.39,HOLD,维持
2021-12-07,21.89,88.14,437.9835,386.1154,65.9021,62.1402,79.5259,146.6928,96.37,,,1.48,-0.99,-0.543,42.381,,-5.3,-0.3087,-1.5248,-1.5024,-0.3011,-0.4214,,,2.4668,-3.0,12.0,-4.4203,37.8857,cnn,3,5,2,10,0.6667,1,0,2,3,normal,Normal / Mild Pullback,False,17.137,-1.0507,12.4286,-0.7673,17.7012,0.3727,15.8115,-7.387,19.0224,-2.4988,-9.5771,27.47,8.78,HOLD,维持
2021-12-08,19.9,80.29,439.1432,387.843,65.8869,62.0182,79.5406,147.0701,95.89,,,1.52,-1.0,-0.543,42.381,,-11.22,-0.0447,-1.0842,-1.3387,-0.4038,-0.476,,,2.0541,6.0,17.0,-4.8431,41.3143,cnn,3,5,2,10,0.6667,0,0,1,1,normal,Normal / Mild Pullback,False,17.1156,0.23,17.7453,-0.0398,18.4593,0.0136,15.7887,-10.3545,19.8867,-2.7563,-10.3545,19.14,6.76,HOLD,维持
2021-12-09,21.58,79.54,436.1783,382.1362,65.591,61.3295,79.1515,146.0212,96.27,,,1.49,-0.98,-0.543,30.5221,,-6.37,-0.7196,-2.5397,-1.427,-0.2926,-0.4526,,,1.4971,-7.0,16.0,-5.7691,36.8571,cnn,3,5,2,10,0.6667,1,0,1,2,normal,Normal / Mild Pullback,False,17.0381,0.0215,18.3321,1.2658,18.2823,0.2954,15.6595,-10.4294,19.8964,-2.0953,-10.4294,25.43,8.67,HOLD,维持
2021-12-10,18.69,74.36,440.2842,386.2902,65.7428,61.4689,79.3277,146.9688,96.05,,,1.48,-0.96,-0.541,30.5221,,-11.98,0.0,-1.4802,-1.6839,0.1108,-0.0748,,,0.9141,-8.0,18.0,-7.2179,42.0,cnn,3,5,2,10,0.6667,0,0,0,0,normal,Normal / Mild Pullback,False,17.3392,-1.9659,17.4134,1.7413,19.0012,-0.7636,15.2791,-8.8857,20.6031,-3.0083,-11.2647,15.52,7.01,HOLD,维持
2021-12-13,20.31,76.41,436.3841,380.7095,65.7428,59.9346,79.3424,145.9016,96.32,,,1.42,-0.98,-0.541,30.5221,,-6.87,-0.8858,-2.9035,-1.6119,0.0762,-0.0563,,,1.2509,-16.0,17.0,-7.6912,35.4,cnn,3,5,2,10,0.6667,1,0,1,2,normal,Normal / Mild Pullback,False,17.4703,-2.1415,17.7756,2.5667,18.1501,1.0353,15.282,-8.4864,20.5559,-2.1415,-10.4717,25.9,9.15,HOLD,维持
2021-12-14,21.89,78.98,433.3817,376.7691,65.6289,60.4838,79.2176,145.0275,96.57,,,1.44,-0.93,-0.541,30.5221,,0.0,-1.5677,-3.9085,-1.6809,0.0181,-0.0938,,,1.2158,-19.0,20.0,-6.5188,31.5429,cnn,3,5,2,10,0.6667,1,0,1,2,normal,Normal / Mild Pullback,False,17.6379,0.2863,23.2202,3.4093,17.4084,2.0103,15.042,-9.0241,20.6576,-1.4636,-9.8514,30.9,9.33,HOLD,维持
2021-12-15,19.29,74.06,440.1533,385.3584,65.8794,60.9546,79.4892,146.61,96.51,,,1.47,-0.92,-0.541,30.5221,,-0.61,-0.0297,-1.7179,-1.8768,0.3535,0.221,,,0.6151,-16.0,18.0,-6.8361,37.8,cnn,3,5,2,10,0.6667,0,0,1,1,normal,Normal / Mild Pullback,False,18.4842,-0.2692,21.2183,1.537,16.2126,-0.943,14.8978,-11.0784,20.3794,-2.9795,-11.2383,19.88,8.27,HOLD,维持
2021-12-16,20.57,69.1,436.2719,375.4491,65.8306,61.0679,79.4011,146.3524,96.04,,,1.44,-0.98,-0.541,39.3204,,-1.01,-0.9113,-4.2452,-1.3216,0.3834,0.2578,,,0.2191,-16.0,12.0,-5.2509,33.5714,cnn,3,5,2,10,0.6667,1,0,1,2,normal,Normal / Mild Pullback,False,18.7423,1.2441,20.1663,2.1821,15.3665,-0.0209,14.5656,-8.3145,20.8956,-2.1163,-10.4486,27.6,10.55,HOLD,维持
2021-12-17,21.57,72.46,431.6286,373.576,65.7697,59.5859,79.3614,144.4111,96.57,,,1.41,-0.97,-0.544,39.3204,,2.88,-1.9659,-4.7229,-1.8276,0.3715,0.3188,,,1.0781,-18.0,17.0,-6.0358,32.5143,cnn,3,5,2,10,0.6667,1,0,1,2,normal,Normal / Mild Pullback,False,19.0534,3.7815,17.4539,3.8794,13.6343,-0.735,15.4582,-5.2732,21.3438,-1.0633,-9.4853,33.19,10.89,HOLD,维持
2021-12-20,22.87,77.02,427.0389,369.9521,65.6555,58.5819,79.2729,142.9292,96.55,,,1.43,-0.96,-0.544,39.3204,,2.56,-3.0083,-5.6471,-1.7952,0.2782,0.2812,,,0.4996,-11.0,15.0,-6.0828,29.4286,cnn,3,5,2,10,0.6667,1,0,1,2,normal,Normal / Mild Pullback,False,19.3693,4.8112,11.3328,4.9606,11.3513,-0.7099,15.4361,-3.0573,21.4168,-0.7099,-8.5125,38.14,11.24,HOLD,维持
2021-12-21,21.01,79.52,434.6227,378.2317,66.0058,60.3795,79.6634,145.8265,96.49,,,1.48,-0.96,-0.544,39.3204,,-0.88,-1.2859,-3.5355,-2.1589,1.199,1.1495,,,-0.0104,-15.0,2.0,-6.1667,34.0286,cnn,3,5,2,10,0.6667,1,0,1,2,normal,Normal / Mild Pullback,False,20.4942,3.1141,9.6943,1.1489,14.4683,-3.5222,14.3323,-3.7055,21.2176,-3.5222,-10.1088,28.21,12.48,HOLD,维持
2021-12-22,18.63,76.85,438.9684,382.8381,66.1809,60.8442,79.8991,146.8507,96.08,,,1.46,-1.01,-0.544,39.3204,,-0.66,-0.2989,-2.3607,-2.9604,1.6089,1.5903,,,-0.4249,-21.0,-6.0,-7.7225,39.5429,cnn,3,5,2,10,0.6667,0,0,1,1,normal,Normal / Mild Pullback,False,20.8103,1.811,10.6932,0.0535,13.6201,-6.3525,14.9793,-4.6868,21.103,-6.3525,-10.9987,19.74,10.82,HOLD,维持
2021-12-23,17.96,77.29,441.6996,385.7243,66.3713,61.3791,80.1349,147.8473,96.02,,,1.5,-0.97,-0.544,33.871,,-2.61,0.0,-1.6246,-2.9532,1.9249,1.9375,,,-0.8468,-14.0,0.0,-7.0057,50.4857,cnn,3,5,2,10,0.6667,0,0,0,0,normal,Normal / Mild Pullback,False,20.9041,0.9265,11.1352,-0.9583,13.2868,-6.5363,14.8298,-4.1677,21.2091,-6.9316,-11.5491,15.57,10.93,HOLD,维持
2021-12-27,17.68,80.12,447.9507,392.0993,66.4398,62.2734,80.1791,149.7388,96.09,,,1.48,-1.02,-0.551,33.871,,-3.89,0.0,0.0,-2.6639,2.7703,2.7778,,,0.0,0.0,5.0,-4.2457,56.4,cnn,3,5,2,10,0.6667,0,0,0,0,normal,Normal / Mild Pullback,False,19.6232,0.0943,5.5837,-2.462,10.338,-8.9658,13.6209,-6.722,21.1284,-8.9658,-12.7834,15.0,9.52,HOLD,维持
2021-12-28,17.54,77.52,447.5847,390.282,66.4094,62.3173,80.1496,149.9695,96.2,,,1.49,-1.01,-0.551,33.871,,-5.33,-0.0817,-0.4635,-2.5881,2.0901,2.1177,,,-0.1453,-3.0,1.0,-3.1267,62.9714,cnn,3,5,2,10,0.6667,0,0,0,0,normal,Normal / Mild Pullback,False,19.28,0.1426,5.5393,-1.4931,11.8646,-9.1199,13.5701,-5.2384,21.3852,-9.1199,-12.7121,15.34,9.14,HOLD,维持
2021-12-29,16.95,78.0,448.1572,390.2237,66.3028,62.4312,79.9949,150.4124,95.93,,,1.55,-0.98,-0.551,33.871,,-4.06,0.0,-0.4784,-3.0707,2.3547,2.3785,,,-0.0625,12.0,9.0,-2.4681,64.0286,cnn,3,5,2,10,0.6667,0,0,0,0,normal,Normal / Mild Pullback,False,17.6166,-1.9058,14.8355,-1.3529,11.9789,-9.6842,13.38,-4.8973,21.4135,-9.6842,-12.8236,15.17,7.31,HOLD,维持
2021-12-30,17.33,77.62,446.9183,389.0576,66.2723,62.1419,79.9507,150.1725,95.97,,,1.52,-1.06,-0.551,30.5439,,-1.3,-0.2764,-0.7758,-2.6442,2.2933,2.2231,,,-0.0833,9.0,-5.0,-2.4467,63.9714,cnn,3,5,2,10,0.6667,0,0,0,0,normal,Normal / Mild Pullback,False,16.9944,-1.7263,14.9755,-2.4425,13.5397,-7.1846,17.0225,-3.9554,21.4707,-9.4338,-12.5819,15.88,6.63,HOLD,维持
2021-12-31,17.22,77.1,445.7919,386.6281,66.2571,62.1244,79.9801,150.1725,95.67,,,1.52,-1.04,-0.559,30.5439,,-0.74,-0.5278,-1.3954,-2.1278,1.5206,1.5554,,,-0.4785,8.0,-1.0,-3.9914,62.5429,cnn,3,5,2,10,0.6667,0,0,0,0,normal,Normal / Mild Pullback,False,16.4512,-1.8675,14.9522,-2.156,13.6164,-5.2741,18.6703,-2.5215,21.6303,-9.205,-12.361,16.65,6.03,HOLD,维持
2022-01-03,16.6,84.08,448.3731,390.35,66.2266,63.2818,79.9286,150.3017,96.24,,,1.63,-0.97,-0.559,30.5439,,-1.08,0.0,-0.4461,-2.5913,1.4739,1.4995,,,0.1248,28.0,11.0,-0.913,65.2286,cnn,3,5,2,10,0.6667,0,0,0,0,normal,Normal / Mild Pullback,False,15.9854,-2.5539,12.8061,-4.442,14.8649,-5.1831,18.7312,-3.6811,21.6229,-9.7277,-12.8656,15.16,5.52,HOLD,维持
2022-01-04,16.91,83.11,448.2228,385.287,66.0591,65.0706,79.7812,151.5105,96.29,,,1.66,-0.91,-0.559,30.5439,,-0.63,-0.0335,-1.7374,-1.7236,0.7719,0.936,,,0.0,23.0,10.0,0.5461,64.2571,cnn,3,5,2,10,0.6667,0,0,0,0,normal,Normal / Mild Pullback,False,15.6565,-1.6333,16.3057,-5.4026,14.929,-4.2299,19.2259,-5.1318,21.8368,-9.6974,-12.8363,15.68,5.16,HOLD,维持
2022-01-05,19.73,78.68,439.616,373.4505,65.5489,64.6497,79.1698,149.176,96.19,,,1.71,-0.82,-0.559,30.5439,,2.78,-1.9531,-4.7562,-1.5173,-0.536,-0.4478,,,-0.1868,23.0,17.0,3.652,51.0286,cnn,3,5,2,10,0.6667,0,0,0,0,normal,Normal / Mild Pullback,False,15.8209,0.5637,7.989,-4.618,13.2694,-4.6501,19.8032,-3.0003,21.5046,-7.9295,-11.1298,22.77,5.34,HOLD,维持
2022-01-06,19.61,77.73,439.2031,373.1882,65.5565,67.0961,79.1845,149.5082,96.25,,,1.73,-0.73,-0.559,33.3333,,2.28,-2.0452,-4.8231,-1.4743,-0.5015,-0.4476,,,0.3754,21.0,27.0,8.173,52.1429,cnn,3,5,2,10,0.6667,0,0,0,0,normal,Normal / Mild Pullback,False,15.7995,-0.7287,13.4828,-6.4025,15.0298,-4.1117,19.9578,-2.0774,21.5839,-7.8429,-11.0463,22.67,5.31,HOLD,维持
2022-01-07,18.76,74.69,437.4667,369.1454,65.389,67.7537,78.9709,149.2683,95.74,,,1.76,-0.72,-0.565,33.3333,,1.54,-2.4324,-5.8541,-1.0491,-0.308,-0.2282,,,-0.5505,27.0,26.0,10.1496,49.2571,cnn,3,5,2,10,0.6667,0,0,0,0,normal,Normal / Mild Pullback,False,15.6703,-0.2939,13.3286,-5.632,15.9696,-4.04,19.9503,-2.9305,21.7205,-7.4771,-10.6932,23.4,5.17,HOLD,维持
2022-01-10,19.4,78.12,436.9223,369.3885,65.4423,67.6485,78.9783,148.5209,95.99,,,1.78,-0.7,-0.565,33.3333,,2.8,-2.5539,-5.7921,-1.4562,-0.457,-0.4405,,,-0.0625,30.0,26.0,10.8999,51.1429,cnn,3,5,2,10,0.6667,0,0,0,0,normal,Normal / Mild Pullback,False,15.2907,-1.9377,18.1844,-6.6679,16.0499,-3.1299,20.2802,-3.7814,21.8082,-7.3618,-10.5819,24.47,4.75,HOLD,维持
2022-01-11,18.41,77.85,440.9019,374.9374,65.7469,67.8852,79.3761,149.9234,95.62,,,1.75,-0.79,-0.565,33.3333,,1.5,-1.6663,-4.3769,-1.0109,0.0063,0.0424,,,-0.7267,33.0,19.0,12.1049,56.1143,cnn,3,5,2,10,0.6667,0,0,0,0,normal,Normal / Mild Pullback,False,15.293,-3.8318,14.262,-7.7424,13.7057,-2.5993,20.7482,-4.1694,21.747,-8.198,-11.389,21.17,4.76,HOLD,维持
2022-01-12,17.62,74.55,442.0939,376.4242,65.8535,68.0694,79.5013,150.0434,95.0,,,1.74,-0.74,-0.565,33.3333,,-2.11,-1.4004,-3.9977,-0.9444,0.3422,0.3581,,,-1.6258,30.0,19.0,10.3236,55.9429,cnn,3,5,2,10,0.6667,0,0,0,0,normal,Normal / Mild Pullback,False,15.0512,-5.1527,10.7974,-8.4455,12.5102,-4.607,21.5165,-4.6834,21.7389,-8.4455,-11.628,19.48,4.49,HOLD,维持
2022-01-13,20.31,72.57,436.0024,367.0076,65.6174,68.4727,79.2729,149.3513,94.79,,,1.7,-0.73,-0.565,38.29,,0.7,-2.759,-6.3993,0.1624,-0.3976,-0.2721,,,-1.7822,23.0,19.0,13.4034,52.1714,cnn,3,5,2,10,0.6667,1,0,0,1,normal,Normal / Mild Pullback,False,14.8897,-5.7154,12.6149,-4.8608,20.4838,-5.1816,22.0457,-5.0036,21.8361,-7.1664,-10.3933,26.17,6.31,HOLD,维持
2022-01-14,19.19,76.59,436.1808,369.2913,65.5565,69.0777,79.1993,149.093,95.17,,,1.78,-0.66,-0.564,38.29,,0.43,-2.7192,-5.8169,-0.4219,-0.4164,-0.2542,,,-0.9059,34.0,32.0,13.1398,55.8,cnn,3,5,2,10,0.6667,0,0,0,0,normal,Normal / Mild Pullback,False,14.5569,-5.3538,15.0094,-3.1869,23.4289,-5.5302,22.0164,-5.3943,21.8423,-7.2043,-10.4299,23.3,3.95,HOLD,维持
2022-01-18,22.79,84.63,428.4562,360.0981,65.2367,67.6134,78.7941,146.7216,95.73,,,1.87,-0.59,-0.564,38.29,,3.39,-4.442,-8.1615,-0.099,-0.8105,-0.7148,,,-0.8698,46.0,38.0,14.3123,53.7143,cnn,3,5,2,10,0.6667,1,0,0,1,normal,Normal / Mild Pullback,False,15.4338,-4.8238,13.8818,-0.7755,22.3582,-2.2761,22.2322,-2.5856,21.6953,-5.5313,-8.8151,33.85,6.91,HOLD,维持
2022-01-19,23.85,80.14,424.0073,356.1429,65.1758,65.7721,78.7205,145.1991,95.51,,,1.83,-0.57,-0.564,38.29,,5.44,-5.4343,-9.1702,-0.4852,-0.7307,-0.6969,,,-1.0772,40.0,39.0,13.0764,44.8286,cnn,3,5,2,10,0.6667,2,0,0,2,normal,Normal / Mild Pullback,False,15.4119,-4.0664,14.7944,1.2396,22.2036,-1.14,21.9689,-2.7891,21.7407,-4.5401,-7.8583,40.6,9.46,HOLD,维持
2022-01-20,25.59,80.96,419.3143,351.5172,65.0539,64.0446,78.5437,143.3537,95.74,,,1.83,-0.5,-0.564,46.7249,,7.97,-6.4809,-10.35,-0.3439,-1.4421,-1.4055,,,-0.7773,35.0,46.0,9.9427,39.1429,cnn,3,5,2,10,0.6667,3,0,2,5,normal,Normal / Mild Pullback,False,14.2848,-3.4717,14.7006,-0.0336,24.9193,-2.169,22.9287,-1.6607,21.6274,-3.4717,-6.8271,56.65,14.22,ADD_SMALL,小幅分批加仓/维持偏加
2022-01-21,28.85,81.03,411.083,341.7701,65.0615,62.7908,78.5215,141.2591,95.64,,,1.75,-0.59,-0.557,46.7249,,8.54,-8.3168,-12.8358,0.4524,-1.6915,-1.7242,,,-0.458,29.0,42.0,10.1997,26.7286,cnn,3,5,2,10,0.6667,3,0,2,5,normal,Normal / Mild Pullback,False,14.91,0.9064,22.2415,2.4476,22.3765,-0.8562,21.9519,1.9276,21.4907,-1.5389,-4.9614,70.88,19.56,ADD_SMALL,小幅分批加仓/维持偏加
2022-01-24,29.9,83.77,412.8287,343.3346,64.993,63.6676,78.4405,142.3202,95.92,,,1.75,-0.63,-0.557,46.7249,,10.71,-7.9274,-12.4368,1.6857,-2.0766,-2.1143,,,-0.1041,25.0,34.0,10.9827,23.1286,cnn,3,5,2,10,0.6667,4,0,3,7,panic,Panic Pullback,False,14.7596,2.2895,25.0961,1.687,22.5191,-2.3349,22.1751,1.4213,21.4761,-2.3349,-5.3633,76.96,25.47,ADD_SMALL,小幅分批加仓/维持偏加
2022-01-25,31.16,84.57,407.7885,335.3756,64.8026,63.615,78.2269,140.973,95.95,,,1.78,-0.63,-0.557,46.7249,,8.37,-9.0515,-14.4667,1.9162,-2.4642,-2.4348,,,-0.1457,30.0,39.0,12.2153,20.8857,cnn,3,5,2,10,0.6667,3,0,3,6,panic,Panic Pullback,False,13.5328,4.2535,20.2301,3.7908,21.2775,-2.8817,22.6327,1.1395,21.5528,-2.8817,-4.1936,80.67,21.11,ADD_SMALL,小幅分批加仓/维持偏加
2022-01-26,31.96,85.75,406.7654,334.851,64.5818,63.2643,77.9617,139.8381,96.49,,,1.85,-0.53,-0.557,46.7249,,8.11,-9.2797,-14.6005,1.7359,-2.752,-2.7298,,,0.3015,36.0,48.0,11.7072,19.5143,cnn,3,5,2,10,0.6667,3,0,3,6,panic,Panic Pullback,False,13.4824,5.531,17.8219,5.5748,21.5971,-1.1722,23.3611,-1.3882,22.2996,-2.6374,-3.9526,82.32,21.73,ADD_SMALL,小幅分批加仓/维持偏加
2022-01-27,30.49,85.62,404.7568,331.4788,64.3001,61.9314,77.6007,139.0538,97.26,,,1.81,-0.59,-0.557,52.9412,,4.9,-9.7277,-15.4605,1.0353,-3.0206,-2.9929,,,1.3864,26.0,39.0,9.8362,18.6,cnn,3,5,2,10,0.6667,2,1,4,7,normal,Normal / Mild Pullback,False,13.2939,3.5618,29.4862,4.1926,24.2234,1.5096,24.5987,-0.3243,22.311,-2.1542,-3.476,77.22,22.96,ADD_SMALL,小幅分批加仓/维持偏加
2022-01-28,27.66,85.29,414.8091,341.8769,64.4828,62.2647,77.7775,141.4344,97.27,,,1.78,-0.66,-0.543,52.9412,,-1.19,-7.4857,-12.8086,0.4023,-2.7002,-2.7182,,,1.3546,26.0,40.0,7.9536,23.8571,cnn,3,5,2,10,0.6667,2,0,4,6,normal,Normal / Mild Pullback,False,17.0122,1.5273,25.0907,-0.3371,24.0048,-1.2038,22.9491,-5.5566,22.5088,-4.5254,-5.8151,69.83,13.84,ADD_SMALL,小幅分批加仓/维持偏加
2022-01-31,24.83,85.14,422.2803,352.8097,64.498,62.782,77.7701,143.612,96.54,,,1.79,-0.65,-0.543,52.9412,,-5.07,-5.8194,-10.0203,0.1653,-2.6549,-2.7632,,,0.9094,27.0,39.0,6.6853,29.2,cnn,3,5,2,10,0.6667,1,0,3,4,normal,Normal / Mild Pullback,False,18.6754,-0.589,21.4442,-2.4205,21.7605,-4.4298,22.4276,-6.9667,22.1808,-6.2146,-7.4815,55.21,10.48,ADD_SMALL,小幅分批加仓/维持偏加
2022-02-01,21.96,85.22,425.1336,355.21,64.7541,63.729,78.1916,144.7285,96.39,,,1.81,-0.62,-0.543,52.9412,,-9.2,-5.1831,-9.4082,0.9467,-2.2235,-2.1732,,,0.1559,18.0,35.0,6.2117,30.8,cnn,3,5,2,10,0.6667,1,0,3,4,normal,Normal / Mild Pullback,False,18.7363,-0.4438,21.8057,-1.5123,23.2979,-3.3249,23.3899,-5.2569,22.7655,-6.844,-8.1024,50.85,10.54,HOLD,维持
2022-02-02,22.09,84.85,429.2634,358.0962,64.8534,63.5624,78.2655,145.6697,95.94,,,1.78,-0.63,-0.543,52.9412,,-9.87,-4.262,-8.6721,0.2111,-1.8251,-1.8999,,,-0.3635,12.0,28.0,1.9966,28.8,cnn,3,5,2,10,0.6667,1,0,3,4,normal,Normal / Mild Pullback,False,19.2299,0.0415,23.4965,-2.3505,22.5308,-4.7316,23.0216,-9.636,23.8664,-7.7402,-9.636,49.75,11.09,HOLD,维持
2022-02-03,24.35,85.74,419.1736,343.5776,64.2726,63.1941,77.6592,143.8242,95.38,,,1.82,-0.56,-0.543,43.6567,,-6.14,-6.5123,-12.3748,1.259,-1.9471,-1.908,,,-0.8421,11.0,26.0,2.5156,26.0571,cnn,3,5,2,10,0.6667,1,0,2,3,normal,Normal / Mild Pullback,False,19.7903,0.6091,19.9521,-2.1361,21.9673,-3.2311,21.7304,-6.9038,23.4659,-5.5195,-7.4608,53.38,11.7,HOLD,维持
2022-02-04,23.22,87.68,421.1445,347.9119,64.0204,64.4042,77.3191,143.695,95.48,,,1.93,-0.48,-0.523,43.6567,,-4.44,-6.0727,-11.2695,0.3741,-2.3432,-2.3558,,,-0.8,20.0,25.0,0.1039,27.6,cnn,3,5,2,10,0.6667,1,0,2,3,normal,Normal / Mild Pullback,False,19.9426,-1.8364,24.4021,-3.2249,21.7068,-6.5233,23.7702,-6.9147,23.4646,-6.5233,-7.8939,50.44,11.87,HOLD,维持
2022-02-07,22.86,87.44,419.7931,345.1131,63.9745,64.7111,77.2526,143.7873,95.4,,,1.92,-0.48,-0.523,43.6567,,-1.97,-6.3742,-11.9832,0.5928,-2.1631,-2.1759,,,-0.3551,16.0,24.0,-0.4697,27.9143,cnn,3,5,2,10,0.6667,1,0,2,3,normal,Normal / Mild Pullback,False,19.9348,-1.8423,24.4014,-3.9552,22.0312,-6.9333,23.8175,-3.7712,24.3143,-6.9333,-7.5974,50.95,11.86,HOLD,维持
2022-02-08,21.44,82.72,423.2471,348.9905,63.9057,66.3157,77.1712,145.1068,95.64,,,1.96,-0.46,-0.523,43.6567,,-0.52,-5.6038,-10.9944,0.4759,-2.3479,-2.288,,,-0.3646,18.0,24.0,1.1972,28.9429,cnn,3,5,2,10,0.6667,1,0,2,3,normal,Normal / Mild Pullback,False,20.2623,-1.0733,27.2629,-6.4288,21.8687,-5.218,25.8148,-7.9488,25.3067,-7.6928,-8.3515,47.42,12.22,HOLD,维持
2022-02-09,19.96,81.76,429.4417,356.3859,64.242,65.7545,77.5483,147.5612,95.49,,,1.94,-0.48,-0.523,43.6567,,-2.13,-4.2222,-9.1083,0.972,-2.2889,-2.3026,,,-0.136,19.0,31.0,-0.5538,32.6571,cnn,3,5,2,10,0.6667,0,0,2,2,normal,Normal / Mild Pullback,False,20.736,-2.391,23.4931,-6.3907,21.9797,-7.007,25.0033,-9.8182,25.1042,-9.0243,-9.8182,38.54,10.74,HOLD,维持
2022-02-10,23.91,88.52,421.7266,348.3199,63.3937,65.5967,76.5797,145.236,95.55,,,2.03,-0.42,-0.523,35.4701,,-0.44,-5.9429,-11.1654,1.0586,-3.7353,-3.6749,,,0.579,29.0,32.0,1.0215,33.6,cnn,3,5,2,10,0.6667,1,2,1,4,normal,Normal / Mild Pullback,False,21.4993,-2.7286,24.8188,-2.575,25.05,-6.5098,24.6626,-11.1086,25.6738,-7.36,-11.1086,35.24,34.4,HOLD,维持
2022-02-11,27.36,94.03,413.4106,337.2708,63.1721,65.053,76.2544,143.3167,96.08,,,1.92,-0.51,-0.497,35.4701,,4.14,-7.7976,-13.9833,1.9994,-3.7266,-3.8078,,,1.3609,22.0,22.0,0.1976,28.4857,cnn,3,5,2,10,0.6667,2,2,1,5,normal,Normal / Mild Pullback,False,22.0182,-1.4144,21.53,-0.8696,23.1345,-5.3263,23.9365,-9.111,25.4127,-5.4965,-9.3205,50.26,40.05,REDUCE,减仓
2022-02-14,28.33,102.28,412.0591,337.6885,63.0651,64.5445,76.1656,142.1726,96.37,,,1.98,-0.5,-0.497,35.4701,,5.47,-8.0991,-13.8768,1.8104,-3.8004,-3.8304,,,1.2609,20.0,16.0,-1.0928,25.6857,cnn,3,5,2,10,0.6667,3,2,1,6,normal,Normal / Mild Pullback,False,21.991,-2.1525,22.2718,-2.0591,24.2522,-2.927,25.4618,-10.2615,25.5822,-5.1866,-10.2615,56.12,43.99,REDUCE,减仓
2022-02-15,25.7,94.0,418.7043,346.0848,63.1721,66.2718,76.2396,144.3409,95.99,,,2.05,-0.43,-0.497,35.4701,,4.26,-6.617,-11.7354,2.443,-3.1648,-3.242,,,0.2716,18.0,16.0,0.2987,29.9714,cnn,3,5,2,10,0.6667,2,2,1,5,normal,Normal / Mild Pullback,False,22.2167,-5.4136,14.3515,-1.8404,24.7388,-2.3492,26.0818,-11.7779,25.3127,-6.6913,-11.7779,45.05,36.02,REDUCE,减仓
2022-02-16,24.29,92.74,419.1736,345.9974,63.5237,66.3946,76.661,144.8208,95.7,,,2.03,-0.43,-0.497,35.4701,,4.33,-6.5123,-11.7577,3.1525,-2.5348,-2.6161,,,0.1989,20.0,14.0,2.1106,32.0857,cnn,3,5,2,10,0.6667,1,0,1,2,normal,Normal / Mild Pullback,False,21.9499,-4.0976,22.7038,-2.4384,24.7231,-1.2382,26.5201,-9.7698,25.8491,-6.7958,-11.8767,48.6,14.08,HOLD,维持
2022-02-17,28.11,96.17,410.2195,335.7061,63.2561,64.3691,76.3357,142.2187,95.8,,,1.97,-0.46,-0.497,43.1925,,4.2,-8.5093,-14.3824,3.0574,-2.7636,-2.8111,,,0.0627,14.0,4.0,2.7349,32.4571,cnn,3,5,2,10,0.6667,2,0,2,4,normal,Normal / Mild Pullback,False,22.8922,0.1578,27.2404,-1.1188,22.6458,2.0228,25.6044,-8.1744,25.5209,-4.7614,-9.9531,62.2,20.85,ADD_SMALL,小幅分批加仓/维持偏加
2022-02-18,27.75,94.36,407.5632,331.8773,63.3478,64.4831,76.4392,141.6835,96.04,,,1.92,-0.49,-0.467,43.1925,,0.39,-9.1018,-15.3589,3.0504,-2.6339,-2.6519,,,0.4182,17.0,10.0,3.582,29.5143,cnn,3,5,2,10,0.6667,2,0,2,4,normal,Normal / Mild Pullback,False,21.9279,0.5527,26.7596,-3.4083,26.8624,2.6577,25.4577,-5.6747,25.8837,-4.1407,-9.3663,62.75,19.35,ADD_SMALL,小幅分批加仓/维持偏加
2022-02-22,28.81,95.54,403.1894,328.5439,63.2027,64.1586,76.2839,140.2718,96.03,,,1.94,-0.51,-0.467,43.1925,,0.48,-10.0772,-16.209,3.3542,-2.7547,-2.7493,,,0.1147,19.0,12.0,3.1804,28.7714,cnn,3,5,2,10,0.6667,2,0,2,4,normal,Normal / Mild Pullback,False,22.1559,0.0954,28.1929,-3.1008,26.6665,4.9856,25.2878,-8.4952,27.0948,-3.1008,-8.4952,66.35,20.88,ADD_SMALL,小幅分批加仓/维持偏加
2022-02-23,31.02,95.15,396.0374,320.1283,63.088,63.0275,76.1582,138.1034,96.19,,,1.99,-0.54,-0.467,43.1925,,5.32,-11.6723,-18.3553,3.9895,-2.6459,-2.6444,,,0.2501,21.0,9.0,2.0163,18.8143,cnn,3,5,2,10,0.6667,3,0,3,6,panic,Panic Pullback,False,22.6063,3.7777,25.0848,1.294,28.9925,5.5051,24.8178,-7.4132,26.8969,-1.3509,-7.4132,83.77,26.44,ADD,加仓
2022-02-24,30.32,100.75,401.9974,330.886,63.5389,61.8964,76.6389,139.4229,97.14,,,1.96,-0.59,-0.467,53.6697,,6.03,-10.3431,-15.6117,3.826,-1.6148,-1.6967,,,0.6736,11.0,-6.0,-1.0017,21.2286,cnn,3,5,2,10,0.6667,3,0,4,7,panic,Panic Pullback,False,23.3358,1.7301,25.3092,-0.6584,28.0577,5.5077,24.8194,-8.7461,26.6868,-2.8134,-8.7859,85.45,27.33,ADD,加仓
2022-02-25,27.59,93.34,410.867,336.017,63.8981,64.7461,77.0677,143.1691,96.62,,,1.97,-0.57,-0.437,53.6697,,-0.52,-8.3649,-14.3031,5.0682,-0.6251,-0.6868,,,-0.658,16.0,2.0,2.9901,28.1429,cnn,3,5,2,10,0.6667,2,0,3,5,normal,Normal / Mild Pullback,False,24.5875,-1.2747,19.9689,-4.0388,25.5609,3.7342,23.7935,-9.0455,26.5722,-4.9115,-10.755,67.09,22.09,ADD_SMALL,小幅分批加仓/维持偏加
2022-02-28,30.15,100.4,409.8158,337.0179,63.944,65.1319,77.1195,142.3294,96.71,,,1.83,-0.79,-0.437,53.6697,,2.4,-8.5994,-14.0478,4.8607,-0.8356,-0.846,,,-0.5757,5.0,-13.0,5.8795,25.4714,cnn,3,5,2,10,0.6667,2,0,3,5,normal,Normal / Mild Pullback,False,22.9107,-3.9392,27.8554,-4.4958,25.5916,4.74,23.8036,-9.5083,26.6008,-4.6676,-10.5261,72.21,23.31,ADD_SMALL,小幅分批加仓/维持偏加
2022-03-01,33.32,118.26,403.5742,331.8577,63.7652,61.572,76.8077,139.8842,97.41,,,1.72,-0.9,-0.437,53.6697,,4.51,-9.9914,-15.3639,3.7458,-1.1362,-1.2375,,,0.9012,-7.0,-25.0,2.6184,22.9714,cnn,3,5,2,10,0.6667,2,0,4,6,normal,Normal / Mild Pullback,False,22.3797,-3.1932,27.1078,-0.8861,27.9014,7.6757,23.095,-7.297,26.5305,-3.1932,-9.1423,83.35,26.53,ADD_SMALL,小幅分批加仓/维持偏加
2022-03-02,30.74,110.28,410.9985,337.4262,63.9186,64.3165,77.0527,142.8646,97.39,,,1.86,-0.85,-0.437,53.6697,,-0.28,-8.3356,-13.9437,3.7044,-1.2902,-1.4566,,,1.0375,5.0,-23.0,4.3928,17.8286,cnn,3,5,2,10,0.6667,2,0,4,6,normal,Normal / Mild Pullback,False,23.3554,-2.3933,32.0196,-0.5184,28.6634,5.0778,22.6802,-7.1527,26.5812,-4.9419,-10.7836,74.6,24.51,ADD_SMALL,小幅分批加仓/维持偏加
2022-03-03,30.48,115.18,408.9523,332.606,63.7269,63.9131,76.8597,142.5693,97.79,,,1.86,-0.83,-0.437,41.4365,,0.16,-8.792,-15.173,3.7026,-1.737,-1.7963,,,1.9283,8.0,-20.0,5.5458,21.7286,cnn,3,5,2,10,0.6667,2,0,3,5,normal,Normal / Mild Pullback,False,22.992,-2.3479,32.0199,1.2302,29.2313,3.9781,23.4345,-4.3974,27.0758,-4.4663,-10.3372,70.42,23.8,ADD_SMALL,小幅分批加仓/维持偏加
2022-03-04,31.98,131.82,405.6298,327.786,63.3127,61.4054,76.3253,141.7112,98.65,,,1.74,-0.93,-0.41,41.4365,,4.39,-9.533,-16.4023,4.3093,-1.4935,-1.7177,,,3.4284,-8.0,-37.0,0.4138,18.1714,cnn,3,5,2,10,0.6667,3,1,3,7,panic,Panic Pullback,False,21.7258,-2.7998,32.4966,3.1772,29.0836,5.1269,23.1285,-4.1551,27.0512,-3.6838,-9.6028,78.13,37.35,REDUCE,减仓
2022-03-07,36.45,140.03,393.6721,315.6969,62.7604,58.7573,75.6053,137.7897,99.29,,,1.78,-0.99,-0.41,41.4365,,6.3,-12.1999,-19.4855,4.5114,-1.968,-2.2165,,,3.9904,-15.0,-51.0,-2.4012,16.9,cnn,3,5,2,10,0.6667,5,1,3,9,extreme,Extreme Panic,False,23.7175,-0.5794,24.9641,6.2801,22.775,9.2481,19.7616,-2.0427,26.4068,-0.7582,-6.857,83.11,45.42,ADD,加仓
2022-03-08,35.13,133.37,390.6874,314.2295,62.538,59.2308,75.3826,136.8023,99.06,,,1.86,-1.04,-0.41,41.4365,,1.81,-12.8656,-19.8597,4.5953,-2.2455,-2.4206,,,3.8365,-6.0,-56.0,-1.6499,16.6714,cnn,3,5,2,10,0.6667,4,1,3,8,extreme,Extreme Panic,False,23.767,2.3832,28.621,8.3452,21.5492,8.6922,20.2504,0.5854,26.6519,0.1802,-6.1454,83.23,45.12,ADD,加仓
2022-03-09,32.45,110.9,401.162,325.5412,63.0596,61.3352,75.9541,139.6997,97.97,,,1.94,-0.9,-0.41,41.4365,,1.71,-10.5294,-16.9748,4.3238,-1.3241,-1.5771,,,2.4362,-2.0,-44.0,-2.4185,18.0286,cnn,3,5,2,10,0.6667,2,0,3,5,normal,Normal / Mild Pullback,False,25.8087,1.9209,26.5608,4.1573,21.1858,4.7957,19.0303,-3.6486,26.29,-2.4356,-8.596,79.2,29.26,ADD,加仓
2022-03-10,30.23,105.31,399.3506,321.9261,62.5303,61.3791,75.3752,139.4321,98.51,,,1.98,-0.88,-0.41,45.7778,,-0.25,-10.9334,-17.8968,4.4281,-2.6645,-2.8023,,,3.1626,4.0,-40.0,0.3794,17.9571,cnn,3,5,2,10,0.6667,2,1,3,6,normal,Normal / Mild Pullback,False,24.9999,3.6641,25.9308,6.207,21.2297,5.8015,18.8745,-2.9169,26.2877,-1.993,-8.1814,74.79,35.52,ADD,加仓
2022-03-11,30.75,99.03,394.2729,315.2498,62.0777,61.3966,74.7813,137.965,99.12,,,2.0,-0.94,-0.389,45.7778,,-1.23,-12.0659,-19.5995,4.5664,-2.0758,-2.3484,,,3.7363,-3.0,-52.0,0.1144,19.0571,cnn,3,5,2,10,0.6667,2,1,3,6,normal,Normal / Mild Pullback,False,24.6644,6.1492,18.9331,8.1001,18.5249,6.8775,18.0895,-0.7233,26.2398,-0.7308,-6.9989,74.52,38.69,ADD,加仓
2022-03-14,31.77,105.08,391.3914,309.1955,61.3413,61.721,73.9278,137.4575,99.06,,,2.14,-0.79,-0.389,45.7778,,-4.68,-12.7086,-21.1436,5.4381,-2.898,-3.0511,,,3.1016,22.0,-28.0,0.2157,17.5,cnn,3,5,2,10,0.6667,2,2,3,7,normal,Normal / Mild Pullback,False,23.948,6.8994,14.5762,9.6706,16.536,5.8241,19.173,-1.0797,26.2923,2.199,-6.3142,72.04,45.51,REDUCE,减仓
2022-03-15,29.83,101.03,399.9982,318.8941,61.8016,61.9052,74.3954,139.672,99.07,,,2.15,-0.69,-0.389,45.7778,,-5.3,-10.789,-18.6701,4.0899,-2.0035,-2.3242,,,2.8017,17.0,-19.0,-1.1972,21.8571,cnn,3,5,2,10,0.6667,2,0,3,5,normal,Normal / Mild Pullback,False,25.487,5.8232,12.5246,8.6383,15.1547,3.1634,17.9303,-5.5102,26.3367,2.2174,-8.33,76.39,25.76,ADD,加仓
2022-03-16,26.67,100.57,408.8679,330.7208,62.6684,63.8518,75.4642,142.311,98.38,,,2.19,-0.61,-0.389,45.7778,,-5.78,-8.8108,-15.6538,4.0316,-0.7974,-1.017,,,2.4898,14.0,-18.0,-1.3338,25.2571,cnn,3,5,2,10,0.6667,2,0,2,4,normal,Normal / Mild Pullback,False,26.1199,2.1943,17.4343,5.6253,14.6312,2.0814,16.6888,-10.2404,26.5336,0.9255,-10.3187,64.32,22.67,ADD_SMALL,小幅分批加仓/维持偏加
2022-03-17,25.67,91.76,413.9832,334.7245,63.0979,63.159,75.9541,144.1011,98.01,,,2.2,-0.71,-0.389,49.7797,,-4.56,-7.6699,-14.6327,3.9994,-0.6702,-0.9221,,,2.4138,17.0,-28.0,-3.6805,33.6286,cnn,3,5,2,10,0.6667,2,0,2,4,normal,Normal / Mild Pullback,False,26.5553,2.453,18.2473,2.7146,17.3762,-0.4353,16.7787,-14.7154,27.4171,-0.4353,-14.7154,57.32,21.95,ADD_SMALL,小幅分批加仓/维持偏加
2022-03-18,23.87,91.77,418.5175,341.5757,63.305,63.0363,76.2288,145.0238,98.23,,,2.14,-0.72,-0.376,49.7797,,-6.88,-6.6586,-12.8854,3.2765,0.0773,-0.1401,,,2.5365,17.0,-26.0,-4.0122,38.4286,cnn,3,5,2,10,0.6667,1,0,2,3,normal,Normal / Mild Pullback,False,25.6486,1.8379,17.4746,1.8897,16.7697,-1.4735,16.2626,-15.8936,27.2714,-1.514,-15.8936,48.48,18.15,HOLD,维持
2022-03-21,23.53,101.94,418.395,340.626,62.5763,62.6962,75.4716,144.6198,98.5,,,2.32,-0.58,-0.376,49.7797,,-8.24,-6.686,-13.1276,3.3233,-1.2179,-1.2658,,,2.5614,40.0,-9.0,-5.2882,40.9714,cnn,3,5,2,10,0.6667,1,0,1,2,normal,Normal / Mild Pullback,False,25.4991,2.5923,17.211,2.7926,17.0336,0.1463,17.3182,-14.6695,27.4899,-1.4852,-15.8689,44.54,17.98,HOLD,维持
2022-03-22,22.94,105.38,423.2909,347.3203,62.8985,63.7447,75.828,145.8336,98.49,,,2.38,-0.53,-0.376,49.7797,,-6.89,-5.5941,-11.4203,2.9277,-0.4813,-0.5977,,,2.5617,44.0,-2.0,-5.3634,44.5429,cnn,3,5,2,10,0.6667,1,0,1,2,normal,Normal / Mild Pullback,False,25.3222,2.6602,17.3744,0.3203,17.8451,-1.0854,16.771,-18.4479,28.0465,-2.6246,-18.4479,41.15,17.79,HOLD,维持
2022-03-23,23.57,105.72,417.8395,342.3288,62.699,61.4803,75.4939,143.7488,98.62,,,2.32,-0.62,-0.376,49.7797,,-3.1,-6.8099,-12.6933,2.9178,-0.6166,-0.8723,,,2.5263,33.0,-8.0,-7.5445,45.2,cnn,3,5,2,10,0.6667,1,0,1,2,normal,Normal / Mild Pullback,False,24.8601,3.3574,13.0245,0.6129,17.2895,-1.2934,16.9928,-17.2059,27.9974,-1.3542,-17.384,44.68,17.28,HOLD,维持
2022-03-24,21.67,113.14,424.1383,349.9377,62.8294,62.0795,75.6572,145.4259,98.79,,,2.34,-0.58,-0.376,35.4497,,-4.0,-5.4051,-10.7528,2.3308,-1.1166,-1.2808,,,1.6986,38.0,1.0,-4.9399,46.9143,cnn,3,5,2,10,0.6667,1,0,0,1,normal,Normal / Mild Pullback,False,24.8618,0.2553,17.7978,-0.3818,15.619,-5.4274,18.4989,-16.3821,28.3423,-5.4274,-18.6109,33.94,17.28,HOLD,维持
2022-03-25,20.81,125.27,426.2095,349.6457,62.3769,63.2513,75.2119,146.4173,98.81,,,2.48,-0.47,-0.37,35.4497,,-3.06,-4.9431,-10.8273,2.3566,-2.3807,-2.408,,,2.2666,51.0,10.0,-5.8255,49.3714,cnn,3,5,2,10,0.6667,2,0,0,2,normal,Normal / Mild Pullback,False,23.8225,0.0508,17.5398,-1.131,15.3656,-5.3414,18.5516,-16.9393,28.2962,-5.887,-19.0064,35.38,18.14,HOLD,维持
2022-03-28,19.63,129.28,429.2411,355.0556,62.7681,62.6257,75.6127,146.8528,99.09,,,2.46,-0.49,-0.37,35.4497,,-3.9,-4.267,-9.4475,1.8166,-1.8389,-1.9538,,,2.461,63.0,30.0,-8.1993,51.2571,cnn,3,5,2,10,0.6667,1,1,0,2,normal,Normal / Mild Pullback,False,23.8275,0.1952,17.9274,-3.5073,16.5285,-8.732,20.4125,-16.7175,28.3425,-8.732,-19.5784,27.29,25.44,HOLD,维持
2022-03-29,18.9,117.92,434.5513,361.166,63.5428,63.8063,76.5331,149.2897,98.4,,,2.41,-0.45,-0.37,35.4497,,-4.04,-3.0827,-7.8892,1.9837,-0.3488,-0.3576,,,1.0163,69.0,45.0,-3.7583,52.7143,cnn,3,5,2,10,0.6667,0,0,0,0,normal,Normal / Mild Pullback,False,23.1187,-2.2793,16.1695,-5.0396,13.9837,-9.5937,19.636,-15.1197,29.0409,-9.8472,-20.5612,24.54,13.36,HOLD,维持
2022-03-30,19.33,112.98,431.868,357.1767,63.351,61.8416,76.3698,148.1501,97.79,,,2.35,-0.51,-0.37,35.4497,,-4.24,-3.6811,-8.9066,2.3355,-0.888,-0.8863,,,0.4107,49.0,34.0,-8.4944,52.8,cnn,3,5,2,10,0.6667,0,1,0,1,normal,Normal / Mild Pullback,False,22.7034,-2.6553,16.6324,-3.3551,16.2288,-6.7342,22.3213,-14.9186,29.0329,-9.2871,-20.0676,22.22,22.65,HOLD,维持
2022-03-31,20.56,106.88,425.2209,352.7496,63.1209,60.705,76.0803,146.1301,98.31,,,2.32,-0.52,-0.37,27.5362,,-1.11,-5.1636,-10.0357,1.6661,-0.9509,-1.014,,,0.5317,46.0,31.0,-8.6534,59.2,cnn,3,5,2,10,0.6667,1,1,0,2,normal,Normal / Mild Pullback,False,23.4516,-0.6355,15.0703,-3.0666,15.6658,-8.7769,25.1131,-15.3542,29.1485,-8.7769,-18.8181,28.44,25.71,HOLD,维持
2022-04-01,19.63,108.34,426.4261,352.0782,63.1163,60.1235,76.1161,146.6026,98.63,,,2.39,-0.41,-0.367,27.5362,,-1.18,-4.8948,-10.2069,1.3147,-0.3102,-0.2741,,,-0.0203,65.0,52.0,-6.8626,59.8,cnn,3,5,2,10,0.6667,0,0,0,0,normal,Normal / Mild Pullback,False,23.1412,-1.1812,14.6259,-3.3008,15.4544,-8.4871,25.2622,-15.6622,29.1281,-9.0347,-19.0475,29.34,13.39,HOLD,维持
2022-04-04,18.57,108.37,430.0792,359.3271,63.5938,59.8063,76.6526,146.9177,98.99,,,2.42,-0.38,-0.367,27.5362,,-1.06,-4.0801,-8.3582,0.352,1.3279,1.3852,,,-0.3021,64.0,61.0,-6.831,61.6571,cnn,3,5,2,10,0.6667,0,0,0,0,normal,Normal / Mild Pullback,False,19.8521,-3.6953,13.9455,-2.5744,17.4001,-8.8485,25.0309,-17.0579,29.0506,-9.8074,-19.7351,26.9,9.77,HOLD,维持
2022-04-05,21.03,116.37,424.6467,351.3484,62.7697,58.9693,75.7137,145.3518,99.47,,,2.54,-0.3,-0.367,27.5362,,2.13,-5.2917,-10.393,0.3159,0.3706,0.4392,,,0.4139,68.0,74.0,-8.4032,47.9143,cnn,3,5,2,10,0.6667,1,1,0,2,normal,Normal / Mild Pullback,False,20.335,-2.8247,13.287,-1.4013,16.4665,-4.8711,27.656,-15.1084,29.113,-8.6535,-18.7083,30.53,21.91,HOLD,维持
2022-04-06,22.1,123.92,420.4004,343.7202,62.2768,58.0883,75.1027,144.6198,99.6,,,2.61,-0.22,-0.367,27.5362,,2.77,-6.2387,-12.3385,1.2002,-1.2413,-1.121,,,1.6638,67.0,68.0,-9.6277,46.4,cnn,3,5,2,10,0.6667,2,1,0,3,normal,Normal / Mild Pullback,False,19.0784,-0.7189,17.0738,-1.8946,17.3711,-7.3255,30.0553,-14.089,29.0875,-7.7309,-17.8872,37.2,24.36,HOLD,维持
2022-04-07,21.55,122.67,422.5188,344.5375,62.1767,57.3482,74.9388,145.0645,99.75,,,2.66,-0.16,-0.367,41.3793,,0.99,-5.7662,-12.13,0.9689,-0.5655,-0.579,,,1.2588,68.0,72.0,-11.6905,46.8286,cnn,3,5,2,10,0.6667,2,1,1,4,normal,Normal / Mild Pullback,False,18.919,-2.4467,17.4285,-5.0649,21.1193,-8.3406,29.8799,-14.231,29.0712,-8.3406,-18.2989,37.77,27.28,HOLD,维持
2022-04-08,21.16,124.86,421.3891,339.7212,61.7993,57.2601,74.4991,145.3703,99.8,,,2.72,-0.15,-0.364,41.3793,,1.53,-6.0182,-13.3584,1.646,-0.4486,-0.3774,,,0.686,72.0,79.0,-12.7388,46.0857,cnn,3,5,2,10,0.6667,2,1,1,4,normal,Normal / Mild Pullback,False,18.1401,-2.1449,17.8163,-4.2585,21.8173,-11.0374,31.4944,-12.713,29.2896,-11.0374,-18.0799,39.18,28.0,HOLD,维持
2022-04-11,24.37,129.87,414.1866,331.6842,61.3757,57.4627,73.9701,143.9619,99.93,,,2.79,-0.12,-0.364,41.3793,,5.8,-7.6246,-15.4081,1.4685,0.056,0.0572,,,0.8783,65.0,67.0,-12.0232,43.4,cnn,3,5,2,10,0.6667,3,1,1,5,normal,Normal / Mild Pullback,False,19.2067,1.1638,18.2782,-5.4146,24.5125,-9.2812,31.3204,-11.2682,29.1239,-9.4904,-16.6553,51.24,31.14,HOLD,维持
2022-04-12,24.26,117.79,412.6518,330.2831,61.8455,56.9341,74.4991,143.4801,100.29,,,2.72,-0.14,-0.364,41.3793,,3.23,-7.9669,-15.7654,1.7226,0.0711,0.1394,,,1.2315,57.0,55.0,-10.8503,42.0571,cnn,3,5,2,10,0.6667,1,1,1,3,normal,Normal / Mild Pullback,False,17.9443,1.4648,17.7759,-4.7959,24.8666,-10.3904,31.5636,-11.9556,29.187,-10.3904,-16.3453,44.5,22.95,HOLD,维持
2022-04-13,21.82,116.33,417.3782,336.9968,62.2152,57.7358,74.9462,145.1016,99.88,,,2.7,-0.1,-0.364,41.3793,,-0.28,-6.9127,-14.0532,1.5208,-0.7232,-0.6865,,,1.5247,51.0,51.0,-11.422,41.8,cnn,3,5,2,10,0.6667,1,1,1,3,normal,Normal / Mild Pullback,False,16.674,-1.1843,19.648,-3.4964,28.0791,-11.4976,30.9852,-13.7229,29.0818,-11.4976,-17.2926,37.9,22.41,HOLD,维持
2022-04-14,22.7,119.66,412.1812,329.2907,61.7993,56.9957,74.4544,144.1102,100.32,,,2.83,-0.06,-0.364,48.4163,,1.15,-8.0718,-16.0185,2.0977,-2.0581,-1.9745,,,2.3569,63.0,65.0,-9.3639,39.8571,cnn,3,5,2,10,0.6667,1,1,2,4,normal,Normal / Mild Pullback,False,16.7591,-2.6839,26.4468,-5.891,32.7682,-8.2391,32.6068,-13.0938,29.0124,-10.3817,-16.2498,47.5,19.41,HOLD,维持
2022-04-18,22.17,122.32,412.3506,329.5436,61.6992,57.1896,74.365,143.8044,100.78,,,2.85,-0.07,-0.357,48.4163,,1.01,-8.034,-15.954,2.0085,-2.5367,-2.445,,,2.5959,71.0,65.0,-7.9183,37.6,cnn,3,5,2,10,0.6667,2,0,2,4,normal,Normal / Mild Pullback,False,16.2413,-2.16,27.4511,-5.3634,33.1953,-8.649,32.5597,-13.3405,29.0067,-10.4185,-16.2842,54.75,9.8,HOLD,维持
2022-04-19,21.37,122.74,419.007,336.9093,61.6453,59.2512,74.3128,146.3525,100.96,,,2.93,0.0,-0.357,48.4163,,-3.0,-6.5495,-14.0755,1.6464,-1.4878,-1.5354,,,2.4975,61.0,58.0,-5.6327,39.6286,cnn,3,5,2,10,0.6667,2,0,2,4,normal,Normal / Mild Pullback,False,17.3077,-6.5028,25.0312,-6.4399,31.5753,-8.2509,32.9576,-13.0879,29.0916,-11.8416,-17.6142,48.6,10.97,HOLD,维持
2022-04-20,20.32,125.12,418.6963,331.9956,61.8378,59.6213,74.4991,147.2883,100.39,,,2.85,-0.07,-0.357,48.4163,,-3.94,-6.6188,-15.3287,2.0405,-1.6863,-1.7525,,,1.9291,47.0,46.0,-5.4422,43.3143,cnn,3,5,2,10,0.6667,2,0,1,3,normal,Normal / Mild Pullback,False,16.7591,-6.1703,26.2629,-3.5191,36.5643,-11.8841,35.4077,-13.7416,29.115,-11.8841,-17.553,45.66,10.37,HOLD,维持
2022-04-21,22.68,130.69,412.4353,325.1262,61.4142,58.3966,74.0297,145.1572,100.58,,,2.9,-0.12,-0.357,43.8679,,0.86,-8.0151,-17.0806,1.808,-2.0493,-1.9395,,,1.9874,58.0,50.0,-3.7712,38.9429,cnn,3,5,2,10,0.6667,2,0,2,4,normal,Normal / Mild Pullback,False,16.9773,-2.3399,37.1379,-5.5358,39.815,-11.0944,35.2569,-10.0661,29.5955,-11.0944,-16.3014,54.58,10.61,HOLD,维持
2022-04-22,28.21,128.12,401.1185,316.6126,61.0445,57.1719,73.6124,141.2007,101.22,,,2.9,-0.08,-0.347,43.8679,,5.51,-10.5391,-19.2519,2.396,-2.8409,-2.7027,,,2.4598,56.0,50.0,-2.62,31.6286,cnn,3,5,2,10,0.6667,4,0,2,6,normal,Normal / Mild Pullback,False,18.4184,-3.2955,41.4006,-3.4504,37.8789,-8.5462,34.3393,-6.9394,29.1356,-8.5861,-13.94,75.55,20.71,ADD,加仓
2022-04-25,27.02,131.63,403.444,320.6797,61.5605,57.2336,74.0968,141.627,101.75,,,2.81,-0.1,-0.347,43.8679,,4.85,-10.0205,-18.2147,2.1819,-1.3087,-1.4827,,,2.9754,33.0,37.0,-4.4079,29.9714,cnn,3,5,2,10,0.6667,3,0,2,5,normal,Normal / Mild Pullback,False,18.4713,-3.2741,41.4428,-7.0804,40.0684,-7.3721,35.1336,-6.5337,29.1937,-9.113,-14.4361,72.08,16.68,ADD,加仓
2022-04-26,33.52,129.27,391.7599,308.5757,61.1985,55.4715,73.672,138.2357,102.3,,,2.77,-0.08,-0.347,43.8679,,12.15,-12.6263,-21.3017,3.4888,-2.5006,-2.5666,,,3.2395,31.0,41.0,-2.9493,17.9,cnn,3,5,2,10,0.6667,5,1,3,9,extreme,Extreme Panic,False,20.285,0.0673,36.4161,-4.088,38.3061,-5.3377,33.8606,-4.6391,28.6485,-6.4023,-11.8842,83.24,41.97,ADD,加仓
2022-04-27,31.6,130.11,392.8615,308.206,60.8982,55.4363,73.3293,138.4951,102.95,,,2.82,-0.06,-0.347,43.8679,,11.28,-12.3807,-21.3959,3.6586,-4.1619,-4.1862,,,4.624,41.0,39.0,-3.8982,16.2714,cnn,3,5,2,10,0.6667,5,3,3,11,extreme,Extreme Panic,False,19.5004,2.8255,42.3124,-5.8763,38.5102,-4.7691,34.0569,-4.791,28.6418,-6.6648,-12.1313,76.13,71.42,HOLD,维持
2022-04-28,29.99,128.74,402.7849,319.152,61.237,56.2556,73.6869,140.9042,103.62,,,2.85,-0.12,-0.347,59.3607,,7.31,-10.1675,-18.6043,2.7596,-3.337,-3.513,,,5.9618,50.0,39.0,-2.4643,24.2571,cnn,3,5,2,10,0.6667,4,4,4,12,normal,Normal / Mild Pullback,False,22.24,-3.2725,46.7093,-8.2911,34.6706,-5.2593,33.5519,-8.2353,28.2185,-8.9643,-14.2961,73.88,73.09,REDUCE,减仓
2022-04-29,33.4,128.4,387.8997,304.7907,60.4823,54.4847,72.7331,136.6234,102.96,,,2.89,0.01,-0.332,59.3607,,5.19,-13.4873,-22.267,3.7912,-4.1804,-4.3995,,,4.7299,57.0,53.0,-1.6113,14.3286,cnn,3,5,2,10,0.6667,4,3,5,12,extreme,Extreme Panic,False,24.9376,-0.1602,38.0813,-2.4951,33.9586,0.7913,32.1656,-2.2397,27.7251,-5.4709,-11.0073,78.0,73.18,REDUCE,减仓
2022-05-02,32.34,135.17,390.2347,309.8794,60.4861,55.2513,72.6837,136.9941,103.74,,,2.99,0.18,-0.332,59.3607,,5.32,-12.9665,-20.9692,2.3146,-4.1672,-4.5094,,,5.181,60.0,59.0,0.419,13.2714,cnn,3,5,2,10,0.6667,4,4,5,13,normal,Normal / Mild Pullback,False,25.0864,-3.9351,43.4955,-3.4718,33.6251,-0.374,32.1615,-1.6059,27.8201,-6.0365,-11.5398,75.0,79.36,REDUCE,减仓
2022-05-03,29.25,126.46,392.0236,310.2102,60.8031,56.0178,73.0878,138.1245,103.47,,,2.97,0.14,-0.332,59.3607,,-4.27,-12.5675,-20.8848,3.2638,-4.3883,-4.6505,,,4.5257,55.0,52.0,2.7578,30.4857,cnn,3,5,2,10,0.6667,3,3,3,9,panic,Panic Pullback,False,24.8542,-4.1525,43.11,-1.9357,35.5689,-1.6307,32.2279,-0.6269,27.9673,-6.4653,-11.9434,66.24,67.48,REDUCE,减仓
2022-05-04,25.42,121.99,403.9618,320.6992,61.4217,57.5508,73.8437,141.9698,102.59,,,2.93,0.07,-0.332,59.3607,,-6.18,-9.905,-18.2097,2.6054,-2.1475,-2.4699,,,3.1366,39.0,37.0,2.5918,22.4,cnn,3,5,2,10,0.6667,3,1,4,8,panic,Panic Pullback,False,27.5452,-8.4627,26.3547,-8.6701,35.6037,-2.7199,31.036,-3.8492,27.2587,-9.2295,-14.5458,74.59,34.42,ADD_SMALL,小幅分批加仓/维持偏加
2022-05-05,31.2,122.72,389.6038,304.5475,60.3315,55.8856,72.5116,137.6983,103.75,,,3.05,0.18,-0.332,52.8634,,1.21,-13.1072,-22.329,3.0888,-3.1236,-3.45,,,4.1667,44.0,40.0,3.813,13.1286,cnn,3,5,2,10,0.6667,3,3,5,11,extreme,Extreme Panic,False,29.8794,-5.1884,22.3078,-5.8843,32.2303,-0.7902,28.8178,-0.9636,26.2678,-5.8843,-11.3965,73.07,66.09,REDUCE,减仓
2022-05-06,30.19,121.42,387.2783,300.8987,59.9913,55.1808,72.1151,136.4381,103.66,,,3.12,0.26,-0.314,52.8634,,-3.21,-13.6259,-23.2596,2.5285,-3.5149,-3.768,,,3.9198,46.0,42.0,4.9762,12.2429,cnn,3,5,2,10,0.6667,3,3,5,11,extreme,Extreme Panic,False,29.7109,-2.3387,33.3741,-5.2779,32.3955,0.1094,28.7637,1.1913,26.4338,-5.3192,-10.8645,71.44,66.64,REDUCE,减仓
2022-05-09,34.75,125.22,374.8788,289.1255,59.3573,54.423,71.3143,132.389,103.65,,,3.05,0.3,-0.314,52.8634,,2.41,-16.3913,-26.2622,2.5458,-3.9514,-4.2749,,,3.8577,33.0,45.0,6.8375,8.1857,cnn,3,5,2,10,0.6667,3,3,5,11,extreme,Extreme Panic,False,31.2973,0.4822,22.908,-0.3139,30.5162,4.4127,26.2037,4.4677,25.5398,-2.1875,-7.9162,76.54,70.15,HOLD,维持
2022-05-10,32.99,126.76,375.745,292.638,59.6975,53.7799,71.6212,132.0461,103.92,,,2.99,0.34,-0.314,52.8634,,3.74,-16.1981,-25.3664,1.3718,-2.7343,-3.1755,,,3.9928,20.0,46.0,3.166,7.4,cnn,3,5,2,10,0.6667,3,2,5,10,extreme,Extreme Panic,False,31.1134,2.3128,26.8267,-1.303,30.6863,3.0394,26.612,4.0507,25.5423,-2.413,-8.1285,80.49,57.59,HOLD,维持
2022-05-11,32.56,118.05,369.7758,283.9589,59.3418,52.8812,71.2545,130.3413,103.85,,,2.91,0.21,-0.314,52.8634,,7.14,-17.5294,-27.5799,2.1615,-4.0483,-4.3553,,,3.5497,19.0,35.0,3.6512,4.0286,cnn,3,5,2,10,0.6667,3,3,5,11,extreme,Extreme Panic,False,31.3625,-0.2266,41.109,1.1763,29.8746,2.2126,27.4554,5.6076,25.3085,-0.8377,-6.6455,77.41,69.76,HOLD,维持
2022-05-12,31.77,118.73,369.3898,283.2874,59.3187,52.8812,71.1422,130.8972,104.85,,,2.84,0.25,-0.314,49.0347,,0.57,-17.6155,-27.7511,2.793,-4.6556,-5.0756,,,4.976,14.0,35.0,3.4906,3.2,cnn,3,5,2,10,0.6667,2,4,4,10,normal,Normal / Mild Pullback,False,30.7863,-0.7341,41.3141,3.3058,31.241,-0.6474,29.5192,5.2982,25.3253,-0.7341,-6.5479,67.42,84.73,HOLD,维持
2022-05-13,28.87,114.61,378.2211,293.7861,59.3882,53.3658,71.232,133.89,104.56,,,2.93,0.24,-0.295,49.0347,,-1.32,-15.6459,-25.0736,2.4627,-3.9014,-4.328,,,4.2265,10.0,30.0,2.0382,11.2857,cnn,3,5,2,10,0.6667,2,3,4,9,normal,Normal / Mild Pullback,False,32.4232,-3.0096,35.2772,3.3705,31.3567,-6.6514,31.0633,4.9996,25.2227,-6.6514,-8.73,68.17,71.48,HOLD,维持
2022-05-16,27.47,117.95,376.6864,290.3806,59.3032,52.7578,71.0898,133.4175,104.19,,,2.88,0.2,-0.295,49.0347,,-7.28,-15.9882,-25.9421,2.1627,-3.8834,-4.4042,,,3.3836,3.0,27.0,0.985,11.7429,cnn,3,5,2,10,0.6667,2,3,4,9,normal,Normal / Mild Pullback,False,32.3797,-0.7923,39.4999,3.2093,31.4691,-6.5535,31.0627,5.4273,25.2029,-6.5535,-8.3581,67.26,66.8,HOLD,维持
2022-05-17,26.1,119.46,384.4351,297.9019,59.2491,54.6874,71.03,136.2435,103.36,,,2.98,0.27,-0.295,49.0347,,-6.89,-14.26,-24.0239,1.9456,-3.8871,-4.4177,,,2.3772,5.0,27.0,0.5976,15.2,cnn,3,5,2,10,0.6667,2,2,3,7,normal,Normal / Mild Pullback,False,32.7863,-3.534,34.3642,0.311,30.3373,-7.1317,30.5065,5.0512,25.0953,-8.437,-10.2053,70.37,53.51,REDUCE,减仓
2022-05-18,30.96,114.86,368.9378,283.2777,58.7619,53.3482,70.4388,131.1196,103.81,,,2.89,0.17,-0.295,49.0347,,-1.6,-17.7163,-27.7536,2.1535,-4.9741,-5.4502,,,3.4067,4.0,24.0,1.5462,6.6,cnn,3,5,2,10,0.6667,2,4,4,10,normal,Normal / Mild Pullback,False,35.1718,1.4061,17.3655,6.5151,20.8487,-6.4334,29.3821,9.9149,23.5276,-6.4334,-6.4334,66.52,82.22,HOLD,维持
2022-05-19,29.35,115.05,366.6782,281.7599,59.1563,52.705,70.9327,130.8231,102.72,,,2.84,0.25,-0.295,50.3876,,-2.42,-18.2203,-28.1407,2.3131,-3.6765,-4.1835,,,2.1277,-6.0,37.0,1.516,13.7143,cnn,3,5,2,10,0.6667,2,2,5,9,extreme,Extreme Panic,False,35.0154,4.0697,18.6665,5.4126,23.1196,-5.6539,29.4241,10.8089,23.4726,-5.8568,-5.8568,72.48,57.41,HOLD,维持
2022-05-20,29.43,111.1,366.8383,280.8842,59.1176,52.846,70.8653,130.8231,103.15,,,2.78,0.23,-0.275,50.3876,,0.56,-18.1846,-28.364,2.8251,-3.1565,-3.7318,,,1.9067,-12.0,31.0,1.0711,12.6571,cnn,3,5,2,10,0.6667,2,2,5,9,extreme,Extreme Panic,False,34.0987,6.578,20.1989,5.6875,23.0038,-3.321,31.0263,9.9743,23.5412,-5.8979,-5.8979,72.89,55.44,HOLD,维持
2022-05-23,28.48,110.19,373.7019,285.5546,59.3496,54.1411,71.0749,132.667,102.08,,,2.86,0.26,-0.275,50.3876,,1.01,-16.6538,-27.1729,1.8801,-3.5915,-4.0783,,,0.3243,5.0,36.0,2.1254,17.8857,cnn,3,5,2,10,0.6667,2,2,4,8,normal,Normal / Mild Pullback,False,34.9012,4.0336,22.9307,4.7415,22.0014,-5.2688,30.0937,8.2682,23.2769,-7.6262,-7.6262,72.57,55.93,HOLD,维持
2022-05-24,29.45,111.15,370.8492,279.483,59.7052,53.7358,71.4191,131.8423,101.86,,,2.76,0.21,-0.275,50.3876,,3.35,-17.29,-28.7214,2.365,-2.4401,-3.0581,,,-0.4301,-1.0,29.0,2.3333,16.0,cnn,3,5,2,10,0.6667,2,1,4,7,normal,Normal / Mild Pullback,False,33.6434,3.9859,23.1283,4.3997,22.5668,-3.6043,30.3472,7.635,23.4043,-6.9157,-6.9157,78.72,44.15,ADD,加仓
2022-05-25,28.37,105.69,374.1255,283.3946,60.6099,54.5816,72.5042,133.3619,102.06,,,2.75,0.19,-0.275,50.3876,,-2.59,-16.5593,-27.7238,2.8417,-0.4734,-1.1252,,,-0.8645,-7.0,25.0,3.3891,17.5714,cnn,3,5,2,10,0.6667,2,0,4,6,normal,Normal / Mild Pullback,False,33.8374,5.0381,24.4629,1.0242,26.4353,-1.4105,32.3762,4.4708,23.7878,-7.7308,-7.7308,79.84,34.52,ADD,加仓
2022-05-26,27.5,102.49,381.6011,291.2466,61.4526,55.7799,73.6042,136.1787,101.83,,,2.75,0.13,-0.275,53.4972,,-1.85,-14.8921,-25.7212,2.6633,0.3521,-0.1123,,,-1.7275,-10.0,25.0,4.6586,24.1143,cnn,3,5,2,10,0.6667,2,0,4,6,normal,Normal / Mild Pullback,False,33.3168,1.2904,28.4263,-3.8267,28.1412,-3.7111,31.4659,2.1764,23.4611,-9.5384,-9.5384,78.79,33.36,ADD,加仓
2022-05-27,25.72,98.48,390.9691,300.7528,62.0016,56.6521,74.2926,139.3012,101.67,,,2.74,0.11,-0.253,53.4972,,-3.71,-12.8027,-23.2968,2.202,2.5121,2.1441,,,-1.2529,-15.0,10.0,3.1617,29.5429,cnn,3,5,2,10,0.6667,2,0,3,5,normal,Normal / Mild Pullback,False,32.0045,-0.8356,21.3345,-9.6951,28.2523,-7.9386,30.5406,0.0474,22.9362,-11.7059,-11.7059,71.65,28.56,ADD,加仓
2022-05-31,26.19,107.12,388.7754,299.9549,61.4681,56.6257,73.7987,137.9948,101.75,,,2.85,0.21,-0.253,53.4972,,-2.29,-13.292,-23.5003,1.599,1.6234,1.5341,,,-1.9183,-14.0,3.0,2.8723,40.0571,cnn,3,5,2,10,0.6667,2,0,2,4,normal,Normal / Mild Pullback,False,32.009,0.6805,22.2644,-9.4592,28.4004,-7.4945,30.5572,2.0323,23.0829,-11.2077,-11.2077,63.2,29.48,ADD_SMALL,小幅分批加仓/维持偏加
2022-06-01,25.69,109.38,385.6307,297.7365,61.2407,55.8944,73.5327,136.5308,102.55,,,2.94,0.29,-0.253,53.4972,,-3.76,-13.9933,-24.0661,1.1526,0.7196,0.6087,,,-0.8891,-3.0,15.0,1.4339,40.6,cnn,3,5,2,10,0.6667,2,0,2,4,normal,Normal / Mild Pullback,False,32.0846,0.398,23.0921,-7.4196,30.8917,-7.4978,30.5579,-0.6175,24.1021,-10.4837,-10.4837,62.88,29.45,ADD_SMALL,小幅分批加仓/维持偏加
2022-06-02,24.72,99.27,392.9745,305.8902,61.4968,57.0398,73.7506,138.9306,101.77,,,2.92,0.26,-0.253,37.0614,,-3.65,-12.3555,-21.9866,0.9647,0.1223,-0.126,,,-0.7993,-1.0,19.0,1.8832,44.8286,cnn,3,5,2,10,0.6667,1,0,0,1,normal,Normal / Mild Pullback,False,30.8506,-3.8214,22.0173,-12.1565,29.4592,-8.2664,29.8694,-3.1196,23.8098,-12.1565,-12.1565,50.27,24.12,HOLD,维持
2022-06-03,24.79,97.73,386.5251,297.9311,61.0388,56.3438,73.1795,137.2905,102.14,,,2.96,0.22,-0.229,37.0614,,-2.71,-13.7939,-24.0164,1.997,1.1724,0.921,,,-1.5518,-9.0,4.0,1.6228,35.4571,cnn,3,5,2,10,0.6667,1,0,1,2,normal,Normal / Mild Pullback,False,28.6981,-5.0519,26.6529,-10.4983,30.3054,-6.5597,29.5834,-2.5844,23.6778,-10.6908,-10.6908,55.81,22.76,ADD_SMALL,小幅分批加仓/维持偏加
2022-06-06,25.07,102.26,387.7021,298.9235,60.5809,56.6081,72.706,137.791,102.44,,,3.04,0.28,-0.229,37.0614,,-0.65,-13.5314,-23.7633,1.7921,0.9829,0.8194,,,-1.1769,-8.0,2.0,2.4745,42.8,cnn,3,5,2,10,0.6667,2,0,0,2,normal,Normal / Mild Pullback,False,28.6377,-8.9342,29.7236,-8.5237,34.801,-6.5287,29.5932,-3.6191,23.712,-10.9619,-10.9619,52.7,24.59,HOLD,维持
2022-06-07,24.02,102.61,391.421,301.502,60.7206,57.075,72.8037,139.1067,102.32,,,2.98,0.25,-0.229,37.0614,,-2.17,-12.7019,-23.1057,1.5622,2.2968,2.0884,,,-1.2832,-7.0,-5.0,0.4408,45.6286,cnn,3,5,2,10,0.6667,1,0,0,1,normal,Normal / Mild Pullback,False,26.1259,-10.0712,22.7069,-9.5571,33.5591,-6.0301,29.9592,-4.2352,23.6309,-11.8079,-11.8079,49.81,19.16,HOLD,维持
2022-06-08,23.96,105.29,387.1653,299.3322,60.2006,56.1059,72.1573,137.1423,102.54,,,3.03,0.28,-0.229,37.0614,,-1.73,-13.6511,-23.6591,0.8598,0.8427,0.7486,,,-1.3279,4.0,-6.0,1.2477,48.1143,cnn,3,5,2,10,0.6667,1,0,0,1,normal,Normal / Mild Pullback,False,26.5403,-7.7866,34.0346,-7.6667,34.9826,-5.0754,29.8238,-4.2035,23.6249,-10.8385,-10.8385,49.77,20.28,HOLD,维持
2022-06-09,26.09,105.29,377.9574,291.3147,59.7193,54.2997,71.5636,134.029,103.22,,,3.04,0.29,-0.229,46.875,,1.37,-15.7047,-25.7038,1.5558,0.6362,0.4338,,,-0.6066,13.0,8.0,0.4597,47.0571,cnn,3,5,2,10,0.6667,2,0,1,3,normal,Normal / Mild Pullback,False,27.3668,-8.6663,36.0496,-2.41,38.6955,-3.8736,28.9441,-2.2399,23.1289,-8.6663,-8.6663,59.17,25.94,ADD_SMALL,小幅分批加仓/维持偏加
2022-06-10,27.75,114.23,366.9983,281.0399,58.7026,52.6433,70.2935,130.3783,104.15,,,3.15,0.39,-0.203,46.875,,2.96,-18.1489,-28.3243,2.0671,-1.0386,-1.1931,,,-0.6676,31.0,14.0,0.1988,40.0,cnn,3,5,2,10,0.6667,2,0,1,3,normal,Normal / Mild Pullback,False,29.3989,-5.7362,36.7799,0.1202,35.7161,-1.8791,27.2282,2.488,22.6151,-5.9389,-5.9389,61.29,31.88,ADD_SMALL,小幅分批加仓/维持偏加
2022-06-13,34.02,139.21,353.0641,267.9725,56.7388,51.1631,67.881,125.1339,105.08,,,3.43,0.69,-0.203,46.875,,8.95,-21.2566,-31.657,1.8209,-4.4612,-4.7044,,,0.4973,50.0,45.0,2.7038,25.0857,cnn,3,5,2,10,0.6667,4,2,2,8,normal,Normal / Mild Pullback,False,30.8488,0.4507,35.1482,1.9451,31.0661,1.4577,23.395,7.2292,21.124,-2.2267,-2.2267,73.13,62.14,HOLD,维持
2022-06-14,32.69,144.09,352.0002,268.459,57.1114,51.542,68.4221,124.4853,105.52,,,3.49,0.89,-0.203,46.875,,8.67,-21.4939,-31.5329,2.0586,-3.6959,-3.7527,,,1.2765,61.0,69.0,4.5469,20.5286,cnn,3,5,2,10,0.6667,4,2,3,9,panic,Panic Pullback,False,30.8475,0.5717,35.074,2.17,30.9875,1.5172,23.3835,9.2242,21.3052,-1.9312,-1.9312,78.63,58.88,HOLD,维持
2022-06-15,29.62,135.93,357.0184,275.163,58.2213,51.9561,69.6396,125.6806,105.16,,,3.33,0.63,-0.203,46.875,,5.66,-20.3747,-29.8231,1.8442,-1.7346,-1.9574,,,1.7415,35.0,36.0,2.3015,29.2571,cnn,3,5,2,10,0.6667,4,0,2,6,normal,Normal / Mild Pullback,False,30.2782,0.13,34.1727,-0.0845,30.5882,2.0026,23.8036,8.8463,21.2287,-3.3096,-3.3096,78.83,37.2,ADD,加仓
2022-06-16,32.95,138.1,345.2025,264.0611,57.2977,50.0882,68.4822,121.233,103.63,,,3.28,0.66,-0.203,58.3333,,6.86,-23.01,-32.6545,1.9362,-2.4918,-2.7777,,,-0.1734,39.0,49.0,0.345,17.7,cnn,3,5,2,10,0.6667,4,0,4,8,panic,Panic Pullback,False,29.2046,6.8499,22.769,4.4284,24.4317,4.6229,20.3606,7.6771,22.0888,0.2156,0.2156,90.0,39.04,ADD,加仓
2022-06-17,31.13,133.75,345.9466,267.2719,57.4762,50.8548,68.873,121.511,104.7,,,3.25,0.67,-0.179,58.3333,,3.38,-22.844,-31.8357,2.0967,-2.8401,-2.9037,,,1.9276,41.0,42.0,2.2718,16.9286,cnn,3,5,2,10,0.6667,3,0,4,7,panic,Panic Pullback,False,29.2409,6.2128,24.9014,4.4006,24.4387,7.2186,22.1256,7.8555,22.0943,2.3315,2.3315,88.09,38.92,ADD,加仓
2022-06-21,30.19,138.91,354.6554,274.0151,57.4374,51.6748,68.64,123.6098,104.44,,,3.31,0.7,-0.179,58.3333,,-3.83,-20.9017,-30.1159,1.6511,-2.8422,-3.1402,,,1.2506,53.0,47.0,1.1428,19.7286,cnn,3,5,2,10,0.6667,3,1,4,8,panic,Panic Pullback,False,30.8707,1.4877,30.4867,2.1809,21.593,5.2523,20.6821,4.0126,21.6863,-0.1813,-0.1813,82.06,46.84,ADD,加仓
2022-06-22,28.95,129.94,354.0125,273.6155,57.4219,51.7191,68.6776,123.5446,104.2,,,3.16,0.62,-0.179,58.3333,,-3.74,-21.0451,-30.2178,1.5865,-3.248,-3.3729,,,2.0768,30.0,36.0,0.8395,26.8857,cnn,3,5,2,10,0.6667,3,2,3,8,panic,Panic Pullback,False,29.9334,1.5892,30.3964,3.8997,22.3443,6.5173,20.7815,3.4065,21.7477,0.7639,0.7639,72.25,56.91,HOLD,维持
2022-06-23,29.05,125.98,357.4827,277.6904,57.8333,51.0099,69.1661,124.5694,104.43,,,3.09,0.59,-0.179,59.3381,,-0.57,-20.2712,-29.1786,1.8533,-3.1354,-3.1545,,,2.5231,33.0,38.0,-1.5235,26.7429,cnn,3,5,2,10,0.6667,3,2,3,8,panic,Panic Pullback,False,30.1782,-0.2143,30.6049,2.8064,22.1888,4.5046,21.0793,3.1968,21.715,-0.2143,-0.2143,72.09,55.7,HOLD,维持
2022-06-24,27.23,127.0,368.8485,287.205,58.2446,52.7918,69.6321,128.6217,104.19,,,3.13,0.57,-0.163,59.3381,,-5.72,-17.7363,-26.752,1.5026,-3.9024,-3.9612,,,2.087,38.0,38.0,-1.8955,30.8571,cnn,3,5,2,10,0.6667,3,2,3,8,panic,Panic Pullback,False,32.2655,-2.2662,17.9889,-1.4997,16.4337,1.4074,18.0605,-1.1311,20.8807,-3.2891,-3.2891,68.79,57.08,HOLD,维持
2022-06-27,26.95,133.22,367.4395,285.0994,57.8876,52.712,69.3014,128.5565,103.94,,,3.2,0.65,-0.163,59.3381,,-4.18,-18.0505,-27.289,1.9899,-5.8013,-5.8458,,,2.0721,45.0,52.0,-1.8578,30.7714,cnn,3,5,2,10,0.6667,3,4,3,10,normal,Normal / Mild Pullback,False,31.3536,-1.7062,18.5879,-1.997,16.8251,0.5919,18.5496,-2.4833,21.1718,-2.9183,-2.9183,62.59,82.29,HOLD,维持
2022-06-28,28.36,135.22,359.9317,276.4134,57.2511,52.4017,68.377,126.6002,104.51,,,3.2,0.72,-0.163,59.3381,,-1.83,-19.725,-29.5043,2.3503,-7.6619,-7.9626,,,2.7934,46.0,61.0,0.4735,28.1429,cnn,3,5,2,10,0.6667,3,4,3,10,normal,Normal / Mild Pullback,False,30.4097,0.6831,10.7537,-0.4781,13.5004,5.3566,18.8916,-1.2854,20.8186,-0.8932,-1.2854,65.25,85.33,HOLD,维持
2022-06-29,28.16,130.43,359.6385,276.6667,57.1657,51.9585,68.2567,125.827,105.11,,,3.1,0.74,-0.163,59.3381,,-0.79,-19.7903,-29.4396,1.7676,-6.9994,-7.5096,,,3.3022,25.0,53.0,-0.8083,26.5429,cnn,3,5,2,10,0.6667,3,5,3,11,defensive,Systemic Stress,False,30.4227,2.2743,14.0204,-0.6389,13.536,6.765,19.1586,-2.8602,21.0974,-0.8124,-2.8602,65.28,91.19,HOLD,维持
2022-06-30,28.71,135.5,356.7167,273.2353,57.1347,51.4975,68.1741,125.0444,104.69,,,2.98,0.65,-0.163,46.697,,-0.34,-20.442,-30.3148,2.616,-6.7047,-7.2874,,,2.0868,4.0,36.0,-0.3986,24.3714,cnn,3,5,2,10,0.6667,3,4,3,10,normal,Normal / Mild Pullback,False,30.4234,3.0272,10.3311,2.0888,15.9392,9.2087,19.0516,-3.0334,21.1282,0.175,-3.0334,64.06,85.33,HOLD,维持
2022-07-01,26.7,144.17,360.4895,275.0388,57.6797,52.3574,68.7655,126.5722,105.14,,,2.88,0.54,-0.157,46.697,,-0.53,-19.6005,-29.8548,2.5777,-6.207,-6.7595,,,3.3114,-4.0,28.0,0.0626,24.5714,cnn,3,5,2,10,0.6667,3,5,3,11,defensive,Systemic Stress,False,29.7237,0.7843,14.9845,0.1862,15.9432,7.7458,19.0788,-4.2931,21.0062,-0.8735,-4.2931,63.94,88.67,HOLD,维持
2022-07-05,27.54,156.16,361.1704,279.7473,57.6251,52.5347,68.7051,126.2741,106.5,,,2.82,0.52,-0.157,46.697,,0.59,-19.4487,-28.654,1.6337,-5.5928,-6.1143,,,4.2687,-14.0,30.0,-0.2148,22.1714,cnn,3,5,2,10,0.6667,3,5,3,11,defensive,Systemic Stress,False,29.4298,-0.2958,16.6927,2.6992,20.7953,6.8332,19.4236,-2.594,21.4057,-1.0603,-4.4736,67.99,87.98,HOLD,维持
2022-07-06,26.73,151.14,362.3902,281.5411,57.4068,52.1446,68.4407,126.302,107.1,,,2.93,0.64,-0.157,46.697,,-1.63,-19.1766,-28.1965,1.5123,-5.2395,-5.8665,,,4.549,-11.0,36.0,-1.4508,22.8286,cnn,3,5,2,10,0.6667,3,5,3,11,defensive,Systemic Stress,False,29.4395,-1.1533,16.5258,3.0059,20.8774,8.1409,19.9034,-4.9497,21.8038,-1.3934,-4.9497,65.96,85.63,HOLD,维持
2022-07-07,26.08,149.71,367.8177,287.5658,58.3424,52.7031,69.551,128.1373,107.13,,,3.01,0.68,-0.157,52.809,,-2.08,-17.9661,-26.66,0.9835,-3.9167,-4.4677,,,4.7009,3.0,43.0,-1.7344,27.6,cnn,3,5,2,10,0.6667,3,3,3,9,panic,Panic Pullback,False,29.8097,-2.8484,7.0238,2.5194,20.2473,6.4732,19.5301,-7.8004,21.7596,-2.8484,-7.8004,67.42,72.47,HOLD,维持
2022-07-08,24.64,145.25,367.5152,287.9265,58.3892,52.5436,69.6945,127.6621,107.01,,,3.09,0.72,-0.161,52.809,,-4.07,-18.0336,-26.568,-0.061,-3.009,-3.4131,,,4.3593,6.0,44.0,-1.342,31.3429,cnn,3,5,2,10,0.6667,2,3,3,8,normal,Normal / Mild Pullback,False,29.6679,-0.9108,19.2149,1.6518,21.0692,6.3807,19.5559,-5.2883,22.4733,-2.7684,-7.7245,61.55,63.43,HOLD,维持
2022-07-11,26.17,147.72,363.3168,281.775,58.0617,52.0205,69.3093,126.4884,108.02,,,2.99,0.67,-0.161,52.809,,-0.53,-18.97,-28.1368,0.1284,-2.7757,-3.15,,,4.6503,-5.0,38.0,-0.3368,30.3714,cnn,3,5,2,10,0.6667,3,2,3,8,panic,Panic Pullback,False,28.8,-0.5934,18.3152,2.9514,19.7785,7.4851,18.8659,-1.2251,23.2633,-1.6448,-6.6582,69.65,58.45,HOLD,维持
2022-07-12,27.29,148.11,360.1019,279.0455,58.2956,52.0028,69.5661,125.8829,108.07,,,2.96,0.64,-0.161,52.809,,-0.25,-19.687,-28.833,0.5539,-0.6933,-1.0347,,,3.7638,-19.0,25.0,0.6751,30.3143,cnn,3,5,2,10,0.6667,3,1,3,7,panic,Panic Pullback,False,27.117,3.004,25.0512,2.6416,20.3318,8.0141,18.5117,-0.5753,23.1975,-0.7668,-5.8249,74.47,44.71,ADD,加仓
2022-07-13,26.82,136.1,358.2108,278.4703,58.2332,51.1251,69.4302,125.1842,107.96,,,2.91,0.6,-0.161,52.809,,0.09,-20.1088,-28.9797,-0.045,2.6338,2.2822,,,2.7408,-52.0,-9.0,-1.51,27.2857,cnn,3,5,2,10,0.6667,3,0,3,6,panic,Panic Pullback,False,23.4032,4.2077,23.0621,5.8628,22.7545,10.865,19.1096,-1.0815,23.2695,-0.2429,-5.3277,78.09,27.54,ADD,加仓
2022-07-14,26.4,137.76,357.3408,279.4647,58.124,50.3805,69.2338,124.1967,108.54,,,2.96,0.62,-0.161,46.5257,,0.32,-20.3028,-28.7261,-0.3398,1.7731,1.1863,,,2.862,-53.0,-27.0,-3.7144,26.5143,cnn,3,5,2,10,0.6667,3,0,2,5,normal,Normal / Mild Pullback,False,23.3914,5.5251,21.034,7.4515,22.4917,11.1349,19.0007,-3.6066,23.9693,1.069,-5.0972,73.88,27.16,ADD,加仓
2022-07-15,24.23,129.85,364.1679,284.5339,58.8647,52.0648,70.1855,126.5536,108.06,,,2.93,0.57,-0.174,46.5257,,-0.41,-18.7802,-27.4332,-0.5066,1.1052,0.7839,,,2.7577,-40.0,-6.0,-1.758,33.2857,cnn,3,5,2,10,0.6667,2,0,2,4,normal,Normal / Mild Pullback,False,23.8192,2.5861,23.5331,6.9743,21.9456,10.8976,18.8113,-6.1359,23.661,-0.8257,-6.8763,65.15,22.88,ADD_SMALL,小幅分批加仓/维持偏加
2022-07-18,25.3,127.69,361.1609,282.126,58.2956,52.3751,69.4982,126.004,107.37,,,2.96,0.59,-0.174,46.5257,,-0.87,-19.4508,-28.0473,-0.8223,1.7416,1.4835,,,3.609,-32.0,-7.0,-0.0547,35.8857,cnn,3,5,2,10,0.6667,3,1,2,6,normal,Normal / Mild Pullback,False,20.4887,3.5659,20.9495,7.5455,21.0694,12.2817,18.137,-5.9538,23.639,2.3406,-6.101,62.29,34.09,ADD_SMALL,小幅分批加仓/维持偏加
2022-07-19,24.5,124.7,370.9192,290.8023,59.0675,53.9974,70.4423,129.6184,106.68,,,3.01,0.62,-0.174,46.5257,,-2.79,-17.2744,-25.8345,-0.7102,2.7685,2.2786,,,1.8911,-24.0,-5.0,-0.969,39.3143,cnn,3,5,2,10,0.6667,2,0,2,4,normal,Normal / Mild Pullback,False,22.2814,-0.3518,15.2787,4.0253,19.0191,9.5419,16.4041,-8.73,22.9271,-0.3518,-8.73,61.23,20.13,ADD_SMALL,小幅分批加仓/维持偏加
2022-07-20,23.88,122.9,373.2831,295.4135,59.3247,54.7421,70.7973,130.4848,107.08,,,3.04,0.66,-0.174,46.5257,,-2.94,-16.7472,-24.6585,-0.6982,3.2859,3.1429,,,2.5278,-27.0,-4.0,0.6494,44.0857,cnn,3,5,2,10,0.6667,2,0,1,3,normal,Normal / Mild Pullback,False,20.8165,1.5883,24.337,4.9852,19.8838,8.0756,16.8984,-6.9146,23.5626,-0.9828,-9.308,57.18,18.15,ADD_SMALL,小幅分批加仓/维持偏加
2022-07-21,23.11,121.15,377.0844,299.6541,60.0264,54.8308,71.7037,131.5002,106.91,,,2.91,0.58,-0.174,42.1918,,-3.29,-15.8994,-23.577,-0.6598,4.5358,4.4062,,,2.6008,-25.0,-4.0,-0.4702,48.2,cnn,3,5,2,10,0.6667,2,0,1,3,normal,Normal / Mild Pullback,False,20.9112,1.8255,24.8103,3.8567,19.8223,7.2971,16.738,-9.9528,23.8608,-1.981,-10.2223,55.21,17.66,ADD_SMALL,小幅分批加仓/维持偏加
2022-07-22,23.03,123.7,373.5857,294.3996,59.9485,54.2634,71.6055,130.7363,106.73,,,2.77,0.43,-0.194,42.1918,,-1.2,-16.6797,-24.9171,-0.8242,3.6575,3.5269,,,2.2024,-32.0,-16.0,1.7928,42.4286,cnn,3,5,2,10,0.6667,2,0,1,3,normal,Normal / Mild Pullback,False,21.2121,4.2775,22.6487,4.6521,18.7509,6.8465,17.2257,-6.7739,24.4427,-1.063,-9.3815,55.54,18.54,ADD_SMALL,小幅分批加仓/维持偏加
2022-07-25,23.36,128.27,374.0396,292.7227,59.9329,55.1765,71.5677,131.0624,106.48,,,2.81,0.45,-0.194,42.1918,,-1.94,-16.5785,-25.3447,-0.6048,2.8986,2.7798,,,2.1979,-32.0,-12.0,3.0667,42.2,cnn,3,5,2,10,0.6667,2,0,1,3,normal,Normal / Mild Pullback,False,18.1231,3.8426,23.6536,4.4038,18.9065,4.4948,19.2748,-5.793,24.58,-1.1831,-9.4915,56.44,15.07,ADD_SMALL,小幅分批加仓/维持偏加
2022-07-26,24.69,128.55,369.6144,286.9711,59.5119,54.751,71.0768,130.0376,107.19,,,2.81,0.45,-0.194,42.1918,,0.19,-17.5654,-26.8116,0.5702,2.8059,2.5618,,,3.1268,-39.0,-20.0,3.257,42.0,cnn,3,5,2,10,0.6667,2,1,1,4,normal,Normal / Mild Pullback,False,18.6083,4.3925,21.075,5.2342,17.3594,5.49,18.6383,-5.3407,24.5088,2.5966,-8.4078,53.47,25.93,HOLD,维持
2022-07-27,23.24,117.28,379.2119,299.0984,60.1668,55.7527,71.8095,132.5622,106.45,,,2.78,0.36,-0.194,42.1918,,-0.64,-15.4249,-23.7187,-0.7497,5.0928,5.02,,,1.8563,-42.0,-36.0,0.9855,46.6286,cnn,3,5,2,10,0.6667,1,0,1,2,normal,Normal / Mild Pullback,False,19.0161,3.3438,16.697,4.7252,15.8595,3.1493,16.5575,-8.5101,23.9197,1.2542,-10.7259,52.92,13.25,HOLD,维持
2022-07-28,22.33,119.93,383.9681,302.023,60.7827,55.7616,72.6101,134.6582,106.35,,,2.68,0.2,-0.194,40.099,,-0.78,-14.3641,-22.9728,-0.1008,6.3272,6.3779,,,1.1797,-42.0,-54.0,0.5194,48.4857,cnn,3,5,2,10,0.6667,1,0,1,2,normal,Normal / Mild Pullback,False,19.2798,1.9947,16.3816,3.428,15.359,3.3098,16.702,-7.4476,24.3209,0.4901,-11.8318,51.74,12.8,HOLD,维持
2022-07-29,21.33,116.36,389.5659,307.531,60.9621,56.5417,72.799,135.8599,105.9,,,2.67,0.14,-0.212,40.099,,-1.7,-13.1157,-21.5681,-1.019,6.6989,6.7839,,,1.1558,-31.0,-51.0,0.537,52.4,cnn,3,5,2,10,0.6667,1,0,1,2,normal,Normal / Mild Pullback,False,19.172,0.3592,13.6279,3.6676,15.863,-1.6214,20.3397,-7.6613,24.2615,-1.6214,-13.0987,51.09,11.8,HOLD,维持
2022-08-01,22.84,120.5,388.4123,307.3457,60.9808,56.5861,72.934,135.5991,105.45,,,2.6,0.09,-0.212,40.099,,-0.52,-13.373,-21.6153,-0.6636,5.7233,6.062,,,0.2948,-28.0,-45.0,0.307,59.0857,cnn,3,5,2,10,0.6667,2,0,1,3,normal,Normal / Mild Pullback,False,19.2035,0.5404,13.3787,4.4039,15.4346,-1.9817,20.4326,-5.9081,24.5122,-1.9817,-12.8406,54.35,14.02,HOLD,维持
2022-08-02,23.93,129.23,385.8498,306.4294,60.6991,55.93,72.5698,134.6396,106.24,,,2.75,0.27,-0.212,40.099,,-0.76,-13.9445,-21.849,-1.2699,5.3345,5.6251,,,-0.2441,-7.0,-25.0,-0.3465,57.3714,cnn,3,5,2,10,0.6667,2,0,1,3,normal,Normal / Mild Pullback,False,19.549,0.8063,12.5257,5.3031,14.2925,-2.4139,20.6528,-5.9968,24.5222,-2.4139,-12.2618,56.37,14.8,ADD_SMALL,小幅分批加仓/维持偏加
2022-08-03,21.95,122.04,391.892,314.7742,61.2313,56.5417,73.2072,136.037,106.51,,,2.73,0.23,-0.212,40.099,,-1.29,-12.5969,-19.7208,-1.4678,6.6622,6.9644,,,-0.5509,-20.0,-41.0,0.2696,60.2571,cnn,3,5,2,10,0.6667,2,0,1,3,normal,Normal / Mild Pullback,False,20.0289,1.3367,16.2144,2.9436,14.2154,-4.6495,19.7783,-7.9404,24.2919,-4.6495,-13.6145,54.0,14.38,HOLD,维持
2022-08-04,21.44,120.57,391.6273,316.2463,61.3957,56.0985,73.3969,135.7482,105.69,,,2.68,0.22,-0.212,38.8889,,-0.89,-12.6559,-19.3454,-1.8478,5.2334,5.5295,,,-1.3442,-33.0,-46.0,-0.0289,61.5143,cnn,3,5,2,10,0.6667,2,0,0,2,normal,Normal / Mild Pullback,False,19.6579,1.4052,16.1338,3.3126,14.0761,-4.2857,19.8678,-5.6866,24.8218,-4.5851,-13.5561,50.42,14.02,HOLD,维持
2022-08-05,21.15,122.58,390.9654,313.6629,61.0826,56.7722,73.0934,135.8972,106.62,,,2.83,0.37,-0.226,38.8889,,-0.18,-12.8036,-20.0042,-1.0901,4.6129,4.8768,,,-0.3645,-26.0,-35.0,1.5672,63.3143,cnn,3,5,2,10,0.6667,2,0,0,2,normal,Normal / Mild Pullback,False,19.6839,3.2965,18.1117,2.0969,16.3176,-5.1346,20.0886,-6.2093,24.8548,-5.1346,-13.4098,50.53,14.15,HOLD,维持
2022-08-08,21.29,124.12,390.5115,312.649,61.1373,56.7456,73.192,136.2792,106.44,,,2.77,0.29,-0.226,38.8889,,-1.55,-12.9048,-20.2628,-0.9961,5.2972,5.6019,,,-1.4627,-22.0,-38.0,1.4868,64.7429,cnn,3,5,2,10,0.6667,2,0,0,2,normal,Normal / Mild Pullback,False,19.0,3.8427,17.0654,0.0872,20.0475,-5.3827,20.0846,-6.5112,24.8641,-5.3827,-13.3091,50.86,13.47,HOLD,维持
2022-08-09,21.77,125.12,388.9608,309.1103,60.6834,56.9407,72.6305,135.4874,106.37,,,2.8,0.33,-0.226,38.8889,,-2.16,-13.2506,-21.1653,-1.7014,4.096,4.405,,,-1.5731,-16.0,-31.0,1.3714,64.4571,cnn,3,5,2,10,0.6667,2,0,0,2,normal,Normal / Mild Pullback,False,18.6489,4.4609,14.9273,0.2431,19.9742,-3.2989,21.3584,-8.494,25.3526,-5.0055,-12.9635,51.32,13.32,HOLD,维持
2022-08-10,19.74,115.26,397.1305,317.7378,61.5913,58.1995,73.7232,138.3845,105.2,,,2.78,0.35,-0.226,38.8889,,-2.21,-11.4286,-18.965,-1.5645,5.7667,6.1832,,,-2.5565,-13.0,-25.0,2.681,65.1143,cnn,3,5,2,10,0.6667,0,0,0,0,normal,Normal / Mild Pullback,False,19.254,1.5857,13.8343,-1.5048,16.5704,-4.6692,19.9199,-11.2993,24.985,-6.9597,-14.754,45.0,9.11,HOLD,维持
2022-08-11,20.2,111.11,397.1305,315.9344,61.2391,59.0062,73.359,138.9994,105.09,,,2.87,0.4,-0.226,36.6559,,-1.24,-11.4286,-19.4249,-1.1796,5.3594,5.9583,,,-3.1786,-9.0,-22.0,5.3865,65.8286,cnn,3,5,2,10,0.6667,1,0,0,1,normal,Normal / Mild Pullback,False,19.1447,1.881,13.5693,-0.1143,18.3304,-3.1881,20.8932,-10.0226,25.2045,-6.9597,-14.754,47.33,10.99,HOLD,维持
2022-08-12,19.53,106.28,403.8535,322.0858,61.787,59.9105,74.0343,141.2444,105.63,,,2.84,0.37,-0.234,36.6559,,-1.62,-9.9291,-17.8561,-1.3142,4.9644,5.4837,,,-2.2488,-9.0,-20.0,3.7614,68.0286,cnn,3,5,2,10,0.6667,0,0,0,0,normal,Normal / Mild Pullback,False,18.9521,-1.1613,12.1844,-5.1019,22.6357,-3.7766,20.2839,-10.6741,25.0194,-8.5085,-16.1731,43.09,8.78,HOLD,维持
2022-08-15,19.95,113.82,405.5176,324.6887,61.6774,60.2207,73.8901,141.5518,106.55,,,2.79,0.35,-0.234,36.6559,,-1.34,-9.558,-17.1922,-1.7819,5.8012,6.3195,,,-0.7637,-17.0,-24.0,2.4029,66.8286,cnn,3,5,2,10,0.6667,0,0,0,0,normal,Normal / Mild Pullback,False,18.2792,-3.6166,16.2169,-6.1162,22.0276,-8.3384,25.1173,-10.5607,25.0338,-8.884,-16.5171,42.04,8.04,HOLD,维持
2022-08-16,19.69,116.83,406.312,323.9282,61.3878,60.7615,73.6094,141.9618,106.5,,,2.82,0.38,-0.234,36.6559,,-2.08,-9.3808,-17.3862,-2.0708,3.9284,4.4959,,,-0.1687,-19.0,-24.0,2.7248,67.9429,cnn,3,5,2,10,0.6667,0,0,0,0,normal,Normal / Mild Pullback,False,16.5129,-4.0377,14.873,-7.3284,21.6241,-8.1685,25.1875,-12.5746,25.3189,-9.0621,-16.6803,41.72,6.1,HOLD,维持
2022-08-17,19.9,117.7,403.4279,320.2335,60.7538,60.0523,72.843,140.6296,106.57,,,2.89,0.43,-0.234,36.6559,,0.16,-10.0241,-18.3285,-2.2536,2.409,2.8895,,,-0.4763,-15.0,-23.0,1.5034,67.1429,cnn,3,5,2,10,0.6667,0,0,0,0,normal,Normal / Mild Pullback,False,17.008,-3.0423,17.0128,-7.3761,21.6224,-8.562,25.2982,-7.1109,27.7507,-8.562,-16.0847,43.57,6.64,HOLD,维持
2022-08-18,19.56,120.26,404.6004,321.0036,60.8478,60.2385,72.9112,141.0767,107.48,,,2.88,0.36,-0.234,37.1528,,-0.64,-9.7625,-18.1321,-1.7819,1.3683,1.684,,,0.5332,-3.0,-22.0,2.391,66.3714,cnn,3,5,2,10,0.6667,1,0,0,1,normal,Normal / Mild Pullback,False,16.8494,-1.9584,21.8843,-7.3547,21.6542,-9.5226,25.1671,-6.4837,27.8277,-9.5226,-16.3279,45.06,8.47,HOLD,维持
2022-08-19,20.6,123.81,399.1635,314.745,60.2294,59.2544,72.1449,139.2136,108.17,,,2.98,0.43,-0.232,37.1528,,1.07,-10.9752,-19.7283,-1.899,0.4686,0.7532,,,1.3492,21.0,0.0,2.2006,63.7143,cnn,3,5,2,10,0.6667,2,0,0,2,normal,Normal / Mild Pullback,False,17.3283,-3.9868,30.8445,-7.083,21.4804,-7.579,25.3423,-6.0162,27.7513,-8.2902,-15.1882,51.06,10.99,HOLD,维持
2022-08-22,23.8,135.89,390.8518,306.4586,59.5485,57.8538,71.3026,136.3071,109.05,,,3.03,0.46,-0.232,37.1528,,3.85,-12.8289,-21.8416,-2.1655,-0.6414,-0.3704,,,2.4136,22.0,1.0,0.342,60.3143,cnn,3,5,2,10,0.6667,2,0,0,2,normal,Normal / Mild Pullback,False,19.3411,-2.5934,28.6657,-5.4651,20.1023,-6.697,24.7086,-3.199,27.5008,-6.697,-13.3846,56.76,13.79,ADD_SMALL,小幅分批加仓/维持偏加
2022-08-23,24.11,133.85,389.9062,306.2052,59.6972,57.5257,71.4544,135.9531,108.62,,,3.05,0.47,-0.232,37.1528,,4.42,-13.0398,-21.9062,-2.2922,0.3114,0.5312,,,1.3341,24.0,2.0,-0.4001,57.4286,cnn,3,5,2,10,0.6667,2,0,0,2,normal,Normal / Mild Pullback,False,18.7092,-3.4291,28.7816,-3.5334,23.3116,-8.1023,25.2057,-3.7045,27.537,-8.1023,-13.1746,57.02,13.24,ADD_SMALL,小幅分批加仓/维持偏加
2022-08-24,22.82,133.13,391.1545,307.0923,59.7676,57.4016,71.5606,136.6332,108.68,,,3.11,0.49,-0.232,37.1528,,2.92,-12.7614,-21.68,-1.9618,-0.6634,-0.3465,,,2.0949,33.0,13.0,-0.1859,57.5143,cnn,3,5,2,10,0.6667,2,0,0,2,normal,Normal / Mild Pullback,False,16.5857,-4.4698,27.3613,-3.2127,23.6397,-9.165,25.0894,-4.3055,27.5297,-9.165,-13.4516,55.1,10.71,ADD_SMALL,小幅分批加仓/维持偏加
2022-08-25,21.78,126.33,396.6766,312.5223,60.3312,58.2616,72.1601,138.7385,108.47,,,3.03,0.43,-0.232,42.3823,,2.22,-11.5298,-20.2951,-1.4637,-0.7429,-0.6198,,,1.9934,35.0,23.0,1.1359,58.2571,cnn,3,5,2,10,0.6667,2,0,1,3,normal,Normal / Mild Pullback,False,16.7322,-5.5041,22.1504,-3.0774,23.9343,-11.9302,24.4034,-5.2092,27.3808,-11.9302,-14.6565,56.62,10.34,ADD_SMALL,小幅分批加仓/维持偏加
2022-08-26,25.56,122.95,383.2495,299.7126,59.3372,56.8431,71.0143,134.267,108.8,,,3.04,0.47,-0.219,42.3823,,4.96,-14.5244,-23.5621,-1.0471,-2.6654,-2.4515,,,2.7384,37.0,33.0,2.19,55.7429,cnn,3,5,2,10,0.6667,3,0,1,4,normal,Normal / Mild Pullback,False,20.2435,-3.2247,9.102,1.3965,17.1698,-9.7465,22.1056,-2.245,26.4821,-9.7465,-11.6665,62.55,18.64,ADD_SMALL,小幅分批加仓/维持偏加
2022-08-29,26.21,130.14,380.7153,296.7588,59.1101,55.9566,70.7184,133.4845,108.84,,,3.12,0.54,-0.219,42.3823,,2.41,-15.0896,-24.3154,-0.8263,-3.0677,-3.0379,,,3.2148,52.0,45.0,0.8869,54.2857,cnn,3,5,2,10,0.6667,3,3,1,7,normal,Normal / Mild Pullback,False,20.3379,-2.9481,9.3096,-2.3669,28.7259,-9.3776,22.1161,-0.27,26.5973,-9.3776,-11.0785,50.39,48.2,HOLD,维持
2022-08-30,26.21,127.69,376.5359,293.4539,58.6562,55.9123,70.1645,132.0778,108.77,,,3.11,0.56,-0.219,42.3823,,2.1,-16.0218,-25.1583,-1.2447,-3.3656,-3.3145,,,2.3814,36.0,29.0,2.4411,49.8,cnn,3,5,2,10,0.6667,3,2,1,6,normal,Normal / Mild Pullback,False,20.5583,-0.108,17.9531,-0.9065,28.4405,-6.5689,23.6009,1.4724,26.5283,-8.3718,-10.0915,53.82,40.17,HOLD,维持
2022-08-31,25.87,124.84,373.6708,291.7479,58.3353,55.4868,69.7244,131.1276,108.7,,,3.15,0.67,-0.219,42.3823,,3.05,-16.6607,-25.5934,-1.2625,-4.7296,-4.7575,,,2.0561,42.0,44.0,2.9195,52.0857,cnn,3,5,2,10,0.6667,3,2,1,6,normal,Normal / Mild Pullback,False,19.6765,1.3159,17.0563,-1.2804,28.7525,-7.8191,24.3931,2.2275,26.4776,-7.8191,-9.4021,53.79,44.86,HOLD,维持
2022-09-01,25.56,126.58,374.8433,291.8747,58.4894,55.1676,69.8541,131.2394,109.69,,,3.26,0.81,-0.219,50.411,,3.78,-16.3992,-25.561,-1.4831,-4.7336,-4.8269,,,3.7847,58.0,59.0,2.744,49.3714,cnn,3,5,2,10,0.6667,3,3,2,8,normal,Normal / Mild Pullback,False,19.7647,2.568,19.3644,-2.34,28.7981,-9.5285,24.5642,0.2816,26.684,-9.5285,-9.6855,55.57,57.47,HOLD,维持
2022-09-02,25.47,120.72,370.8908,287.751,58.4501,54.7598,69.8769,130.2892,109.53,,,3.2,0.73,-0.198,50.411,,-0.09,-17.2808,-26.6127,-0.8284,-4.3097,-4.4005,,,2.7293,37.0,36.0,1.676,42.4571,cnn,3,5,2,10,0.6667,3,2,2,7,normal,Normal / Mild Pullback,False,19.9882,4.7752,13.5289,-0.5339,28.8006,-6.1503,26.8018,1.1762,26.5946,-8.5643,-8.7231,56.18,43.6,ADD_SMALL,小幅分批加仓/维持偏加
2022-09-06,26.91,133.54,369.4914,285.6843,58.2928,53.8733,69.7167,129.9259,110.21,,,3.33,0.85,-0.198,50.411,,0.7,-17.5929,-27.1398,-0.8403,-4.6527,-4.7481,,,3.5419,56.0,56.0,0.3392,40.6286,cnn,3,5,2,10,0.6667,3,3,2,8,normal,Normal / Mild Pullback,False,19.9855,0.5988,41.0951,-1.3032,29.3048,-2.8758,29.3433,4.7586,27.3186,-8.218,-8.3774,55.49,58.64,HOLD,维持
2022-09-07,24.64,133.12,376.1293,291.4554,59.1344,54.9105,70.6247,132.7765,109.84,,,3.27,0.82,-0.198,50.411,,-1.57,-16.1124,-25.668,-0.6329,-2.5526,-2.7617,,,3.2622,47.0,49.0,-0.2755,39.6286,cnn,3,5,2,10,0.6667,2,1,3,6,normal,Normal / Mild Pullback,False,21.2739,-0.7994,38.6599,-4.7362,28.2066,-4.8119,28.4467,2.8341,27.0882,-9.8378,-9.9943,62.5,28.52,ADD_SMALL,小幅分批加仓/维持偏加
2022-09-08,23.61,124.14,378.5878,292.9665,59.394,56.0896,70.9145,133.9223,109.71,,,3.29,0.88,-0.198,53.271,,-2.26,-15.5641,-25.2826,-0.1922,-3.5676,-3.8097,,,4.2871,51.0,53.0,1.095,40.3714,cnn,3,5,2,10,0.6667,2,3,2,7,normal,Normal / Mild Pullback,False,19.8051,-2.5626,38.3822,-6.1499,27.5095,-6.4056,28.371,2.0484,27.0606,-10.4233,-10.5788,50.08,52.4,HOLD,维持
2022-09-09,22.79,121.54,384.4694,299.3714,59.63,56.7811,71.2197,135.7668,109.0,,,3.33,0.91,-0.171,53.271,,-2.77,-14.2524,-23.6491,-0.148,-2.6276,-2.9161,,,3.7206,46.0,51.0,-0.6021,43.8,cnn,3,5,2,10,0.6667,2,1,2,5,normal,Normal / Mild Pullback,False,20.7891,-4.7851,33.7991,-9.134,25.0216,-10.4082,28.7837,-1.3204,27.1361,-11.7936,-11.9467,57.16,28.98,ADD_SMALL,小幅分批加仓/维持偏加
2022-09-12,23.87,123.07,388.6015,302.9297,59.8109,57.3484,71.4562,137.0337,108.33,,,3.37,0.95,-0.171,53.271,,-1.6,-13.3308,-22.7416,0.1718,-3.1984,-3.4822,,,2.5561,53.0,58.0,-0.5194,47.6,cnn,3,5,2,10,0.6667,2,2,2,6,normal,Normal / Mild Pullback,False,20.1673,-5.0671,32.7143,-10.9895,22.3421,-12.0377,28.1451,-3.777,27.1949,-12.7315,-12.883,54.09,34.41,HOLD,维持
2022-09-13,27.27,128.87,371.7041,286.3179,58.4501,55.5311,69.8465,131.612,109.82,,,3.42,0.98,-0.171,53.271,,0.36,-17.0994,-26.9782,0.8211,-5.2326,-5.4725,,,3.069,63.0,63.0,0.6011,36.6286,cnn,3,5,2,10,0.6667,3,5,3,11,defensive,Systemic Stress,False,24.8376,-1.8907,14.2785,-7.1807,13.1004,-8.6213,24.3015,0.4261,25.6186,-8.7644,-8.9228,57.46,78.96,HOLD,维持
2022-09-14,26.16,125.35,373.1224,288.5894,58.5366,55.6729,69.8999,131.6027,109.66,,,3.41,0.95,-0.171,53.271,,1.52,-16.783,-26.3989,0.4169,-4.6446,-5.0394,,,2.9671,59.0,57.0,-0.2245,41.8857,cnn,3,5,2,10,0.6667,3,3,2,8,normal,Normal / Mild Pullback,False,24.9076,-3.9685,15.1371,-5.7141,18.2319,-9.269,24.109,0.8281,25.6566,-9.269,-9.269,55.11,60.44,HOLD,维持
2022-09-15,26.27,124.07,368.8863,283.7832,58.1669,56.3201,69.4879,130.5594,109.74,,,3.45,1.02,-0.171,45.993,,2.66,-17.7278,-27.6247,1.5475,-4.258,-4.6059,,,2.9746,56.0,59.0,2.5669,40.6571,cnn,3,5,2,10,0.6667,3,2,1,6,normal,Normal / Mild Pullback,False,25.0203,-3.6816,14.8708,-6.6235,19.6497,-5.8051,26.3245,1.2241,25.5937,-8.2271,-8.2271,54.69,50.72,HOLD,维持
2022-09-16,26.3,124.95,366.0721,282.048,58.3636,55.8059,69.6634,129.2551,109.76,,,3.45,1.07,-0.142,45.993,,3.51,-18.3555,-28.0672,1.1756,-4.0827,-4.4546,,,2.1213,57.0,71.0,2.392,35.2857,cnn,3,5,2,10,0.6667,3,2,2,7,normal,Normal / Mild Pullback,False,24.8944,-4.5674,16.3087,-7.3607,20.1374,-7.244,27.2378,3.4729,25.7013,-7.5215,-7.5215,60.99,50.4,HOLD,维持
2022-09-19,25.76,133.79,368.9108,284.2444,58.5838,56.7583,69.9609,130.219,109.74,,,3.49,1.15,-0.142,45.993,,1.89,-17.7224,-27.507,1.2971,-2.7322,-3.0272,,,1.4514,51.0,72.0,3.6425,36.3143,cnn,3,5,2,10,0.6667,3,1,2,6,normal,Normal / Mild Pullback,False,25.0633,-6.2386,6.5722,-5.6466,25.4564,-5.5926,28.8947,3.4539,25.6992,-8.2332,-8.2332,64.35,35.47,ADD_SMALL,小幅分批加仓/维持偏加
2022-09-20,27.16,134.66,364.6764,281.9787,57.986,56.571,69.2514,128.1228,110.22,,,3.57,1.17,-0.142,45.993,,-0.11,-18.6668,-28.0849,0.7518,-2.6238,-2.8768,,,1.0729,54.0,71.0,4.8014,36.1143,cnn,3,5,2,10,0.6667,3,0,2,5,normal,Normal / Mild Pullback,False,24.4338,-5.392,9.9538,-1.5934,30.9649,-3.3742,29.1457,3.986,25.6173,-7.1676,-7.1676,68.27,28.07,ADD_SMALL,小幅分批加仓/维持偏加
2022-09-21,27.99,130.54,358.315,276.9296,57.813,55.9022,69.1064,125.9985,110.64,,,3.51,1.13,-0.142,45.993,,1.83,-20.0855,-29.3726,0.5061,-3.1562,-3.2859,,,1.8597,46.0,66.0,5.7455,27.2143,cnn,3,5,2,10,0.6667,3,2,2,7,normal,Normal / Mild Pullback,False,24.9351,-1.8178,22.0877,-0.0795,29.679,-2.3557,28.6208,3.2433,25.8762,-5.5195,-5.5195,66.27,49.49,ADD_SMALL,小幅分批加仓/维持偏加
2022-09-22,27.35,131.93,355.3052,273.5212,57.4669,54.6271,68.6258,124.1924,111.35,,,3.7,1.29,-0.142,60.8696,,1.08,-20.7568,-30.2419,-0.6245,-3.8495,-4.1012,,,2.4568,59.0,80.0,4.7684,24.4857,cnn,3,5,2,10,0.6667,3,2,5,10,extreme,Extreme Panic,False,24.8246,-3.0543,25.3959,-0.2726,29.8469,-2.3542,28.6204,2.8887,25.9367,-4.7192,-4.7192,75.87,52.09,ADD,加仓
2022-09-23,29.92,137.28,349.3521,269.0678,56.7354,53.771,67.7561,122.1055,113.19,,,3.69,1.32,-0.116,60.8696,,3.62,-22.0845,-31.3776,-0.1003,-5.9601,-6.1031,,,4.3514,66.0,89.0,4.7947,21.6857,cnn,3,5,2,10,0.6667,3,5,5,13,defensive,Systemic Stress,False,24.1337,-2.927,25.0627,-1.4024,32.0876,1.7231,29.3181,3.7546,25.7531,-3.0955,-3.0955,72.99,86.38,HOLD,维持
2022-09-26,32.26,153.61,345.8961,267.9545,56.0668,53.3073,66.9702,120.3368,114.1,,,3.88,1.56,-0.116,60.8696,,6.5,-22.8553,-31.6616,-0.7543,-5.5115,-5.6948,,,4.8713,84.0,109.0,3.907,17.6286,cnn,3,5,2,10,0.6667,4,5,5,14,defensive,Systemic Stress,False,21.8901,0.6313,33.1644,-1.1776,31.9381,3.9966,29.2884,4.9347,25.6593,-2.1273,-2.1273,75.0,90.67,HOLD,维持
2022-09-27,32.6,158.12,345.0132,268.0619,55.9488,52.6742,66.81,119.9531,114.11,,,3.97,1.64,-0.116,60.8696,,5.44,-23.0522,-31.6342,-0.9783,-5.3482,-5.5267,,,4.842,85.0,110.0,3.875,16.5143,cnn,3,5,2,10,0.6667,4,5,5,14,defensive,Systemic Stress,False,21.8984,4.0151,38.6288,-1.5521,32.0405,5.9277,29.6383,6.7762,25.8093,-1.8768,-1.8768,75.0,89.2,HOLD,维持
2022-09-28,30.18,158.99,351.8017,273.3942,56.9478,53.5838,67.8704,122.7419,112.6,,,3.72,1.39,-0.116,60.8696,,2.19,-21.5382,-30.2743,-0.2087,-2.9126,-3.2695,,,3.5212,61.0,83.0,2.5733,17.0286,cnn,3,5,2,10,0.6667,3,2,5,10,extreme,Extreme Panic,False,23.4066,1.7704,37.5881,-3.7703,29.8134,3.101,29.1798,3.222,25.7112,-3.7703,-3.7703,82.0,53.72,ADD,加仓
2022-09-29,31.84,148.14,344.453,265.5129,56.4129,52.7099,67.3288,120.421,112.25,,,3.76,1.57,-0.116,60.8076,,4.49,-23.1772,-32.2843,0.3087,-3.2954,-3.4358,,,3.2659,61.0,90.0,3.0532,13.2571,cnn,3,5,2,10,0.6667,3,3,6,12,extreme,Extreme Panic,False,24.1932,2.8694,33.7315,0.8765,31.5163,4.7383,28.0737,6.0306,25.332,-1.7173,-1.7173,78.0,66.37,HOLD,维持
2022-09-30,31.62,141.89,339.1265,261.0107,56.1533,52.5048,67.0236,119.1109,112.12,,,3.83,1.68,-0.097,60.8076,,1.7,-24.3651,-33.4325,0.82,-3.9941,-4.052,,,2.2153,57.0,87.0,5.1968,16.4571,cnn,3,5,2,10,0.6667,3,2,5,10,extreme,Extreme Panic,False,24.3707,1.5706,39.4875,0.126,32.8048,8.9143,28.1975,7.2712,25.1185,-0.1736,-0.1736,80.54,59.43,HOLD,维持
2022-10-03,30.1,152.94,348.0798,267.1341,56.8893,53.7086,67.7102,122.433,111.75,,,3.67,1.43,-0.097,60.8076,,-2.16,-22.3683,-31.8708,1.2588,-2.6704,-3.1009,,,2.0268,47.0,70.0,4.5078,20.3857,cnn,3,5,2,10,0.6667,3,1,5,9,extreme,Extreme Panic,False,26.6536,-1.7976,34.0237,0.0573,32.6544,5.3463,27.2465,3.2131,24.7267,-2.7413,-2.7413,84.11,45.83,ADD,加仓
2022-10-04,29.07,151.21,358.8657,275.533,58.1144,56.0627,69.1676,126.6536,110.07,,,3.62,1.38,-0.097,60.8076,,-3.53,-19.9627,-29.7288,1.3725,-0.306,-0.7877,,,-0.127,29.0,53.0,7.1453,27.8857,cnn,3,5,2,10,0.6667,3,0,4,7,panic,Panic Pullback,False,29.2548,-5.3523,16.0172,-1.8096,28.8866,1.733,25.2476,1.9131,24.2009,-5.6645,-5.6645,86.67,36.57,ADD,加仓
2022-10-05,28.55,152.01,358.0302,275.3865,57.8852,55.599,68.9298,126.1576,111.07,,,3.76,1.54,-0.097,60.8076,,-1.63,-20.1491,-29.7661,0.7981,-2.1124,-2.3998,,,1.1198,49.0,72.0,6.3724,29.7143,cnn,3,5,2,10,0.6667,3,0,4,7,panic,Panic Pullback,False,28.3557,-5.4443,15.697,-2.278,29.0095,-0.5887,26.9096,1.8818,24.2024,-5.4443,-5.4443,85.44,35.09,ADD,加仓
2022-10-06,30.52,153.29,354.3368,273.2184,57.7113,55.064,68.7074,124.7538,112.26,,,3.83,1.61,-0.097,54.755,,-1.32,-20.9728,-30.3191,0.7458,-2.8331,-3.1125,,,2.3243,54.0,73.0,4.8904,23.1429,cnn,3,5,2,10,0.6667,3,1,4,8,panic,Panic Pullback,False,28.2893,-1.9373,30.8674,-2.0874,28.874,-0.5868,26.9086,2.5104,24.1192,-4.4587,-4.4587,84.43,46.84,ADD,加仓
2022-10-07,31.36,148.46,344.453,262.8077,57.0078,53.8067,67.9402,121.7967,112.8,,,3.89,1.62,-0.089,54.755,,-0.26,-23.1772,-32.9742,1.7368,-4.3974,-4.6047,,,3.4862,56.0,71.0,5.7704,19.6714,cnn,3,5,2,10,0.6667,3,3,4,10,panic,Panic Pullback,False,28.6816,-1.4223,28.3855,3.1699,27.4996,3.7377,25.2252,6.2659,23.407,-1.7173,-1.7173,76.25,74.59,HOLD,维持
2022-10-10,32.45,148.46,341.8229,260.1806,56.3122,53.6908,67.0811,120.9731,113.14,,,3.89,1.62,-0.089,54.755,,2.35,-23.7637,-33.6442,1.8392,-5.8495,-6.1228,,,4.4401,52.0,67.0,6.4342,19.4,cnn,3,5,2,10,0.6667,3,5,4,12,defensive,Systemic Stress,False,28.0506,1.8888,34.0004,5.2358,27.1208,5.5358,25.1041,5.8614,23.4803,-0.9611,-0.9611,75.0,91.33,HOLD,维持
2022-10-11,33.63,155.57,339.6582,256.6062,56.4861,53.4589,67.2882,120.4304,113.22,,,3.93,1.62,-0.089,54.755,,4.56,-24.2465,-34.5558,1.6273,-3.3601,-3.6627,,,3.096,51.0,64.0,5.3511,16.8857,cnn,3,5,2,10,0.6667,3,3,4,10,panic,Panic Pullback,False,24.3673,3.743,33.0234,7.5977,26.7822,6.7815,24.8879,8.9792,23.8454,-0.3298,-0.3298,78.0,69.19,HOLD,维持
2022-10-12,33.57,160.72,338.5378,256.5183,56.581,53.343,67.4187,119.8034,113.32,,,3.91,1.62,-0.089,54.755,,5.02,-24.4964,-34.5782,1.2685,-3.3409,-3.5497,,,3.3376,50.0,67.0,5.6032,15.9429,cnn,3,5,2,10,0.6667,5,3,4,12,extreme,Extreme Panic,False,24.1798,3.3487,33.8964,7.1405,27.3349,4.9277,26.242,9.2778,23.8288,0.3001,0.3001,78.0,70.55,HOLD,维持
2022-10-13,31.94,155.08,347.4722,262.5342,56.7074,55.7061,67.5491,122.6857,112.36,,,3.97,1.63,-0.089,55.9271,,1.42,-22.5038,-33.044,1.0072,-2.5091,-2.7901,,,2.3875,52.0,61.0,5.0053,19.3714,cnn,3,5,2,10,0.6667,3,0,4,7,panic,Panic Pullback,False,26.4192,-0.153,30.0426,3.8282,25.6692,7.8476,30.9147,7.2147,23.3037,-2.2789,-2.2789,90.0,38.67,ADD,加仓
2022-10-14,32.02,152.89,339.5538,254.6432,56.5256,54.85,67.3036,119.9718,113.31,,,4.0,1.59,-0.09,55.9271,,0.66,-24.2698,-35.0565,1.3171,-3.1491,-3.3874,,,3.2343,55.0,52.0,5.963,16.4571,cnn,3,5,2,10,0.6667,3,3,4,10,panic,Panic Pullback,False,27.3154,4.6584,25.8854,8.7772,22.4996,11.4308,29.2867,11.1026,22.8621,2.1754,2.1754,77.78,69.17,HOLD,维持
2022-10-17,31.37,150.42,348.2793,263.0519,57.2212,56.2857,68.1244,122.5828,112.04,,,4.02,1.57,-0.09,55.9271,,-1.08,-22.3238,-32.9119,0.5763,-2.3259,-2.6251,,,2.0959,53.0,42.0,5.0418,23.4,cnn,3,5,2,10,0.6667,3,0,4,7,panic,Panic Pullback,False,28.9965,3.285,22.0741,5.286,21.5544,7.7149,28.6891,8.7135,22.3309,-0.3844,-0.3844,88.55,38.56,ADD,加仓
2022-10-18,30.5,145.79,352.3715,265.1321,57.6244,56.25,68.6076,124.3982,112.13,,,4.01,1.6,-0.09,55.9271,,-3.13,-21.4111,-32.3814,0.7518,-0.6237,-0.9296,,,1.7329,44.0,43.0,2.9047,28.8,cnn,3,5,2,10,0.6667,3,0,3,6,panic,Panic Pullback,False,29.2368,3.7157,22.8767,3.6079,21.7,7.3721,28.5939,7.8678,22.2343,-1.5413,-1.5413,81.91,37.92,ADD,加仓
2022-10-19,30.76,147.73,349.8744,264.1652,57.071,55.0818,68.0016,122.929,112.98,,,4.14,1.72,-0.09,55.9271,,-2.81,-21.968,-32.628,-0.133,-1.2834,-1.5987,,,2.115,63.0,59.0,0.9095,29.4286,cnn,3,5,2,10,0.6667,3,0,3,6,panic,Panic Pullback,False,28.7167,3.6689,23.0571,1.7286,25.779,7.3134,28.6216,8.4387,22.1756,-0.8385,-0.8385,82.03,38.31,ADD,加仓
2022-10-20,29.98,155.61,346.9405,262.8174,56.7549,53.2003,67.5874,121.5627,112.88,,,4.24,1.73,-0.09,56.2147,,-1.96,-22.6224,-32.9717,0.2323,-1.239,-1.5131,,,1.374,54.0,44.0,-0.2638,39.0857,cnn,3,5,2,10,0.6667,3,0,3,6,panic,Panic Pullback,False,28.7162,3.9873,21.8172,1.5325,26.0086,7.8898,28.3872,7.6292,22.369,1.5325,1.5325,77.47,38.77,ADD,加仓
2022-10-21,29.69,156.95,355.3716,268.9799,57.3003,53.8958,68.0937,124.3421,112.01,,,4.21,1.69,-0.101,56.2147,,-2.33,-20.742,-31.4001,-0.2305,0.9956,0.4983,,,-1.0425,52.0,37.0,-1.4656,43.7429,cnn,3,5,2,10,0.6667,3,0,2,5,normal,Normal / Mild Pullback,False,29.4248,3.9355,21.5856,0.5504,24.0382,5.8083,27.3714,4.3108,21.9228,-0.8763,-0.8763,73.98,37.45,ADD,加仓
2022-10-24,29.85,154.02,359.7202,271.939,57.3398,54.8143,68.2778,125.7271,111.99,,,4.25,1.66,-0.101,56.2147,,-1.52,-19.7721,-30.6454,0.2198,2.2705,1.9525,,,-1.8493,37.0,10.0,-1.1246,47.2286,cnn,3,5,2,10,0.6667,3,0,2,5,normal,Normal / Mild Pullback,False,29.385,1.9374,23.3924,0.2851,23.7152,4.1492,27.2307,4.9695,22.1005,-2.0746,-2.0746,73.65,36.77,ADD,加仓
2022-10-25,28.46,147.78,365.4644,277.5644,57.8931,55.608,68.8838,128.1415,110.95,,,4.1,1.59,-0.101,56.2147,,-2.04,-18.491,-29.2107,0.434,3.4752,3.104,,,-2.7693,13.0,-5.0,-0.338,51.3714,cnn,3,5,2,10,0.6667,3,0,2,5,normal,Normal / Mild Pullback,False,29.7276,-0.1039,21.1531,-0.7586,22.3349,3.8917,27.078,4.5593,22.0011,-3.6137,-3.6137,71.81,35.33,ADD,加仓
2022-10-26,27.28,140.2,362.711,271.4312,58.0512,55.5455,69.0525,128.3942,109.7,,,4.04,1.6,-0.101,56.2147,,-3.48,-19.1051,-30.7749,1.4448,1.9377,1.7417,,,-2.5755,32.0,21.0,0.5433,53.8,cnn,3,5,2,10,0.6667,3,0,2,5,normal,Normal / Mild Pullback,False,29.2747,-1.8716,27.813,-2.0653,24.364,5.34,26.8809,5.24,21.9366,-2.882,-2.882,69.9,33.84,ADD_SMALL,小幅分批加仓/维持偏加
2022-10-27,27.39,142.78,360.7741,266.4895,58.4781,55.5634,69.6125,128.5159,110.59,,,3.96,1.51,-0.101,45.6647,,-2.59,-19.5371,-32.0352,2.6197,3.6608,3.3919,,,-1.4788,20.0,-6.0,0.6448,54.5714,cnn,3,5,2,10,0.6667,3,0,1,4,normal,Normal / Mild Pullback,False,28.1842,-2.3607,28.2146,3.8712,36.8608,5.8819,26.7409,5.8446,21.8988,-2.3607,-2.3607,64.41,33.08,ADD_SMALL,小幅分批加仓/维持偏加
2022-10-28,25.75,144.6,369.3572,274.6443,58.9286,56.9366,70.1418,131.1829,110.67,,,4.02,1.51,-0.117,45.6647,,-3.94,-17.6228,-29.9554,2.4636,4.9424,4.6524,,,-1.2933,19.0,-17.0,-0.4346,57.1143,cnn,3,5,2,10,0.6667,3,0,1,4,normal,Normal / Mild Pullback,False,28.3161,-3.2569,22.5879,2.4395,35.4124,1.7711,26.3759,4.5213,21.4931,-4.6296,-4.6296,63.61,29.92,ADD_SMALL,小幅分批加仓/维持偏加
2022-10-31,25.88,147.92,366.6892,271.4508,58.0433,57.0258,69.0756,130.6027,111.53,,,4.1,1.58,-0.117,45.6647,,-3.97,-18.2178,-30.7699,2.4665,2.0286,2.0165,,,-0.1969,43.0,15.0,0.7879,64.0571,cnn,3,5,2,10,0.6667,3,0,1,4,normal,Normal / Mild Pullback,False,27.3547,-1.6209,25.2724,2.307,35.517,2.3355,26.2225,5.5237,21.4305,-3.9357,-3.9357,64.2,29.43,ADD_SMALL,小幅分批加仓/维持偏加
2022-11-01,25.81,148.42,365.0846,268.6771,58.3924,57.0615,69.5158,130.9209,111.48,,,4.07,1.56,-0.117,45.6647,,-2.65,-18.5757,-31.4773,2.759,0.4783,0.5034,,,1.281,45.0,18.0,0.0477,63.5143,cnn,3,5,2,10,0.6667,3,0,1,4,normal,Normal / Mild Pullback,False,25.3171,-0.6554,25.9427,3.6331,35.4285,6.0231,28.1691,4.6576,21.5833,-3.5135,-3.5135,64.23,27.36,ADD_SMALL,小幅分批加仓/维持偏加
2022-11-02,25.86,141.17,355.9223,259.4677,57.8608,55.6169,68.8681,127.7298,111.35,,,4.1,1.57,-0.117,45.6647,,-1.42,-20.6192,-33.826,3.0253,-0.0422,-0.0895,,,0.2521,34.0,3.0,0.6245,55.2857,cnn,3,5,2,10,0.6667,3,0,1,4,normal,Normal / Mild Pullback,False,26.9491,-0.1974,23.324,5.4899,32.3481,8.6723,26.1668,8.9302,21.0621,-1.0297,-1.0297,63.17,30.64,ADD_SMALL,小幅分批加仓/维持偏加
2022-11-03,25.3,136.28,352.2575,254.3991,57.4482,55.2067,68.4595,127.084,112.93,,,4.14,1.74,-0.117,32.8904,,-2.09,-21.4365,-35.1187,3.5324,-0.4559,-0.3607,,,0.5968,31.0,13.0,0.8509,55.5143,cnn,3,5,2,10,0.6667,3,0,0,3,normal,Normal / Mild Pullback,False,26.9481,6.3826,42.3993,6.2613,31.5553,9.6763,25.6898,11.2332,20.9988,0.841,0.841,57.49,30.54,ADD_SMALL,小幅分批加仓/维持偏加
2022-11-04,24.55,128.44,357.3276,258.4911,57.8449,56.5086,68.8758,129.0586,110.88,,,4.17,1.69,-0.135,32.8904,,-1.2,-20.3057,-34.0751,3.1908,1.4684,1.3771,,,-1.7021,28.0,7.0,1.2376,56.5143,cnn,3,5,2,10,0.6667,2,0,0,2,normal,Normal / Mild Pullback,False,25.3059,5.8881,42.3956,5.2292,31.2223,6.1751,26.6337,11.2512,21.0029,-0.5899,-0.5899,53.62,25.58,HOLD,维持
2022-11-07,24.35,128.33,360.7456,261.333,57.837,56.8385,68.8758,130.088,110.12,,,4.22,1.69,-0.135,32.8904,,-1.53,-19.5434,-33.3503,3.1072,2.7078,2.6754,,,-2.6693,33.0,7.0,0.3098,59.6571,cnn,3,5,2,10,0.6667,2,0,0,2,normal,Normal / Mild Pullback,False,25.1774,3.9926,44.7838,3.8531,31.3989,3.6531,27.2133,9.0258,21.0928,-1.5318,-1.5318,53.48,24.91,HOLD,维持
2022-11-08,25.54,126.33,362.692,263.2374,57.7815,56.6691,68.7371,130.8647,109.62,,,4.14,1.64,-0.135,32.8904,,-0.27,-19.1093,-32.8646,3.3663,2.2932,2.1532,,,-3.1796,21.0,2.0,-0.7272,57.9429,cnn,3,5,2,10,0.6667,3,0,0,3,normal,Normal / Mild Pullback,False,24.9553,4.3168,44.7311,4.6859,31.7666,2.9215,27.2056,7.778,21.1328,-2.0602,-2.0602,56.15,27.01,ADD_SMALL,小幅分批加仓/维持偏加
2022-11-09,26.09,124.4,355.2198,257.1629,57.0911,55.7952,67.9197,128.5159,110.55,,,4.12,1.7,-0.135,32.8904,,0.23,-20.7758,-34.4138,3.5494,0.9016,0.7433,,,-2.4444,21.0,8.0,-0.315,54.0,cnn,3,5,2,10,0.6667,3,0,0,3,normal,Normal / Mild Pullback,False,26.2918,5.6985,40.0355,7.5615,28.4389,5.9097,25.9689,11.4844,20.7576,5.0865,1.1385,56.37,30.31,ADD_SMALL,小幅分批加仓/维持偏加
2022-11-10,23.53,111.69,374.7406,276.1385,58.8685,58.3991,70.0401,135.4035,108.21,,,3.82,1.43,-0.135,47.0383,,-1.77,-16.4222,-29.5743,3.6546,3.811,3.6877,,,-3.6935,-15.0,-20.0,-2.7941,60.3429,cnn,3,5,2,10,0.6667,1,0,1,2,normal,Normal / Mild Pullback,False,31.2214,-0.114,13.877,1.9357,12.0799,-0.3572,18.0009,4.5215,17.9116,-0.3876,-4.1299,54.47,27.37,HOLD,维持
2022-11-11,22.52,111.69,378.3675,281.2267,59.0748,57.9889,70.2868,136.7043,106.29,,,3.82,1.43,-0.153,47.0383,,-2.03,-15.6132,-28.2767,3.6189,4.5098,4.4325,,,-6.1954,-18.0,-16.0,-5.1226,63.7429,cnn,3,5,2,10,0.6667,1,0,1,2,normal,Normal / Mild Pullback,False,29.6172,-0.6223,11.9291,-0.6524,14.1947,0.1104,18.4114,2.6221,17.9169,-1.3425,-5.0489,53.81,25.04,HOLD,维持
2022-11-14,23.73,119.99,375.1489,278.7656,58.6384,57.1685,69.7394,135.2163,106.66,,,3.88,1.51,-0.153,47.0383,,-0.62,-16.3311,-28.9043,3.3462,2.4768,2.3707,,,-4.8019,-14.0,-6.0,-5.7063,62.6857,cnn,3,5,2,10,0.6667,1,0,1,2,normal,Normal / Mild Pullback,False,29.0198,-0.1341,10.4579,0.0279,13.5306,1.7336,18.3001,3.7441,17.8226,-0.4961,-4.2342,54.6,24.89,HOLD,维持
2022-11-15,24.54,128.62,378.3485,282.6233,59.1542,57.5519,70.5104,136.489,106.4,,,3.8,1.45,-0.153,47.0383,,-1.0,-15.6175,-27.9205,3.4426,2.6548,2.7735,,,-5.1101,-21.0,-15.0,-4.7103,66.9143,cnn,3,5,2,10,0.6667,2,0,1,3,normal,Normal / Mild Pullback,False,28.9263,0.3538,13.2344,2.3062,20.4366,0.2284,18.2403,4.0743,17.8944,-1.3376,-5.0441,58.61,26.28,ADD_SMALL,小幅分批加仓/维持偏加
2022-11-16,24.11,130.83,375.4621,278.7656,59.0272,56.6156,70.3177,135.0385,106.28,,,3.67,1.38,-0.153,47.0383,,-1.98,-16.2612,-28.9043,3.1484,3.4277,3.4059,,,-5.9303,-47.0,-34.0,-4.2202,65.0857,cnn,3,5,2,10,0.6667,2,0,1,3,normal,Normal / Mild Pullback,False,28.9538,1.7626,11.2326,3.0168,19.7789,-1.4717,20.121,4.8261,17.812,-1.4717,-4.3141,58.67,26.77,ADD_SMALL,小幅分批加仓/维持偏加
2022-11-17,23.93,132.18,374.3134,278.1503,58.7733,55.7774,69.9938,134.2524,106.69,,,3.77,1.49,-0.153,40.2135,,0.4,-16.5174,-29.0613,2.6784,3.5564,3.5604,,,-5.4837,-47.0,-24.0,-2.8229,61.4857,cnn,3,5,2,10,0.6667,2,0,1,3,normal,Normal / Mild Pullback,False,28.72,2.052,10.3326,3.2138,19.6384,-2.3362,20.4956,5.4893,17.8006,-2.3362,-4.0205,57.1,26.69,ADD_SMALL,小幅分批加仓/维持偏加
2022-11-18,23.12,129.33,376.0128,278.1602,58.9003,56.1341,70.1789,135.2537,106.93,,,3.82,1.57,-0.167,40.2135,,0.6,-16.1384,-29.0587,2.8457,2.7923,3.0623,,,-4.5353,-39.0,-12.0,-1.5646,60.3429,cnn,3,5,2,10,0.6667,2,0,1,3,normal,Normal / Mild Pullback,False,27.702,-0.0303,17.5734,0.8989,22.3152,-3.602,20.5365,3.5666,18.0376,-3.602,-4.4543,56.28,25.3,ADD_SMALL,小幅分批加仓/维持偏加
2022-11-21,22.36,132.13,374.6456,275.2987,58.8765,56.4373,70.1172,135.1976,107.84,,,3.83,1.52,-0.167,40.2135,,-1.37,-16.4433,-29.7885,3.0056,2.6799,2.694,,,-3.7057,-42.0,-14.0,-1.1411,60.9714,cnn,3,5,2,10,0.6667,2,0,1,3,normal,Normal / Mild Pullback,False,27.5704,0.1622,17.3783,-0.1926,23.5673,-3.1178,20.5549,3.6849,18.0277,-3.2502,-4.1056,55.81,25.37,ADD_SMALL,小幅分批加仓/维持偏加
2022-11-22,21.29,133.53,379.6872,279.2636,59.305,57.0526,70.6646,136.9944,107.22,,,3.76,1.44,-0.167,40.2135,,-3.25,-15.3189,-28.7773,2.9074,2.4387,2.5853,,,-3.3619,-34.0,-15.0,-1.2454,60.8,cnn,3,5,2,10,0.6667,2,0,1,3,normal,Normal / Mild Pullback,False,27.4177,1.9455,27.3674,-1.6854,22.3207,-2.9748,20.7033,0.2557,18.3258,-4.5349,-5.3789,55.33,24.42,ADD_SMALL,小幅分批加仓/维持偏加
2022-11-23,20.35,136.2,382.0799,282.0666,59.6382,57.0436,71.0578,137.5652,106.08,,,3.71,1.39,-0.167,40.2135,,-3.76,-14.7853,-28.0625,2.6434,2.7338,2.904,,,-3.2999,-33.0,-21.0,-2.509,64.2571,cnn,3,5,2,10,0.6667,2,0,1,3,normal,Normal / Mild Pullback,False,27.2153,1.2325,27.4285,-1.5357,22.4855,-4.9579,20.9685,-0.5094,18.2816,-5.1327,-5.9715,55.12,23.82,ADD_SMALL,小幅分批加仓/维持偏加
2022-11-25,20.5,129.6,381.9944,280.2111,59.5192,57.4717,70.8882,138.0331,105.96,,,3.68,1.36,-0.175,40.2332,,-3.43,-14.8043,-28.5357,2.9725,1.7804,1.8326,,,-4.1866,-28.0,-15.0,-2.3115,63.0857,cnn,3,5,2,10,0.6667,2,0,1,3,normal,Normal / Mild Pullback,False,27.0741,1.1384,27.4936,-2.2494,22.6614,-4.3898,21.1617,0.0422,18.3149,-5.1115,-5.9504,54.23,23.68,HOLD,维持
2022-11-28,22.21,131.73,375.8989,276.0995,58.8923,56.1876,70.1558,135.5719,106.68,,,3.69,1.43,-0.175,40.2332,,-0.91,-16.1638,-29.5843,3.0112,-0.0616,0.0199,,,-3.6053,-33.0,-8.0,-3.033,59.7429,cnn,3,5,2,10,0.6667,2,0,1,3,normal,Normal / Mild Pullback,False,26.699,0.9295,28.3875,0.7679,22.6123,-3.2226,20.5382,0.5785,18.1462,-3.5728,-4.4253,55.66,24.22,ADD_SMALL,小幅分批加仓/维持偏加
2022-11-29,21.89,131.23,375.2534,274.0095,59.1463,56.5264,70.4796,136.0024,106.82,,,3.75,1.5,-0.175,40.2332,,-0.47,-16.3078,-30.1173,3.1715,1.9002,2.0326,,,-4.2231,-35.0,-8.0,-3.1379,58.1714,cnn,3,5,2,10,0.6667,2,0,1,3,normal,Normal / Mild Pullback,False,26.5449,-0.3543,30.7572,1.7053,22.8045,-4.2609,20.8976,1.0946,18.1547,-4.2609,-4.2609,55.38,24.15,ADD_SMALL,小幅分批加仓/维持偏加
2022-11-30,20.58,127.27,387.0739,286.5004,60.035,57.5341,71.5744,139.2684,105.95,,,3.68,1.34,-0.175,40.2332,,-0.71,-13.6715,-26.9317,2.3216,2.8129,2.9614,,,-4.9605,-39.0,-22.0,-4.8997,73.9714,cnn,3,5,2,10,0.6667,2,0,1,3,normal,Normal / Mild Pullback,False,28.5119,-3.5616,13.331,-2.031,16.0765,-5.5139,18.5091,-2.3549,16.9933,-7.1846,-7.1846,53.93,26.05,HOLD,维持
2022-12-01,19.84,119.77,386.7892,286.8521,60.2573,57.1328,71.7652,139.4649,104.73,,,3.53,1.17,-0.175,40.4255,,-0.51,-13.735,-26.842,2.1426,4.1418,4.2067,,,-5.9452,-57.0,-40.0,-5.4721,75.6,cnn,3,5,2,10,0.6667,0,0,1,1,normal,Normal / Mild Pullback,False,26.5637,-2.7345,16.8698,-4.3571,19.6535,-5.6934,18.4928,-2.6578,17.0079,-7.1163,-7.1163,48.12,20.61,HOLD,维持
2022-12-02,19.06,118.62,386.343,285.7093,60.2095,57.0258,71.7652,139.3807,104.55,,,3.51,1.08,-0.18,40.4255,,-1.44,-13.8345,-27.1334,1.9866,4.8065,4.8287,,,-7.4205,-63.0,-66.0,-5.8182,68.1429,cnn,3,5,2,10,0.6667,0,0,1,1,normal,Normal / Mild Pullback,False,26.0915,-3.3496,16.4249,-5.3771,19.885,-5.982,18.4858,-1.7874,17.0898,-7.009,-7.009,48.12,17.92,HOLD,维持
2022-12-05,20.75,126.5,379.3929,280.9142,59.6357,54.1723,71.1061,136.6855,105.29,,,3.6,1.21,-0.18,40.4255,,-1.46,-15.3846,-28.3564,2.0238,3.0959,3.2381,,,-5.0415,-57.0,-48.0,-9.7099,65.0857,cnn,3,5,2,10,0.6667,2,1,1,4,normal,Normal / Mild Pullback,False,27.0204,-0.1601,18.3627,-4.4608,18.7264,-3.5206,17.9604,1.6157,16.9955,-5.3055,-5.3055,49.98,35.59,HOLD,维持
2022-12-06,22.17,129.09,373.924,275.0935,59.4206,53.6462,70.7726,135.1882,105.58,,,3.51,1.2,-0.18,40.4255,,0.28,-16.6043,-29.8409,2.5256,2.738,2.7539,,,-4.1228,-71.0,-49.0,-8.943,61.8286,cnn,3,5,2,10,0.6667,2,1,1,4,normal,Normal / Mild Pullback,False,27.5981,2.0669,13.7037,-2.9308,18.0473,-3.2267,17.7052,3.1733,16.7138,-3.9206,-3.9206,51.48,35.93,HOLD,维持
2022-12-07,22.68,131.1,373.2879,273.9704,59.7473,53.6105,71.1216,134.9636,105.1,,,3.42,1.16,-0.18,40.4255,,2.1,-16.7461,-30.1273,2.1115,3.4022,3.469,,,-4.1233,-72.0,-48.0,-8.0826,58.4286,cnn,3,5,2,10,0.6667,2,1,1,4,normal,Normal / Mild Pullback,False,27.5951,1.5871,15.2766,-1.3115,20.161,-0.8388,19.696,1.7649,17.0263,-3.7568,-3.7568,53.29,34.73,HOLD,维持
2022-12-08,22.29,129.54,376.2122,277.2128,59.7951,53.7532,71.1991,135.834,104.77,,,3.48,1.2,-0.18,41.8182,,2.45,-16.0939,-29.3004,2.3675,4.7363,4.8283,,,-5.2284,-64.0,-50.0,-9.0356,55.6857,cnn,3,5,2,10,0.6667,2,1,1,4,normal,Normal / Mild Pullback,False,26.3826,-1.6682,24.0209,-3.4756,20.4222,-1.6654,19.4551,1.1387,16.9569,-4.5049,-4.5049,53.42,34.37,HOLD,维持
2022-12-09,22.83,132.79,373.4019,275.4451,59.7951,53.5392,71.2379,134.7858,104.81,,,3.57,1.31,-0.184,41.8182,,3.77,-16.7207,-29.7512,1.9888,1.574,1.7102,,,-3.142,-25.0,-12.0,-7.9932,52.0857,cnn,3,5,2,10,0.6667,2,0,1,3,normal,Normal / Mild Pullback,False,18.0775,-2.0978,24.6874,-2.1897,20.7809,-0.2305,19.4771,0.0199,17.3216,-3.7862,-3.7862,59.12,15.12,ADD_SMALL,小幅分批加仓/维持偏加
2022-12-12,25.0,141.93,378.7853,278.9024,60.0262,54.0296,71.4783,136.7698,105.13,,,3.61,1.33,-0.184,41.8182,,4.25,-15.5201,-28.8695,2.2624,1.6104,1.6952,,,-1.0914,-21.0,-10.0,-6.9304,57.2,cnn,3,5,2,10,0.6667,2,0,1,3,normal,Normal / Mild Pullback,False,18.4916,-4.3076,18.3963,-3.9601,18.6241,-0.4045,19.3147,-2.8244,17.3125,-5.1536,-5.1536,62.21,14.74,ADD_SMALL,小幅分批加仓/维持偏加
2022-12-13,22.55,135.08,381.6526,281.9006,60.6477,53.1468,72.2537,137.7243,103.98,,,3.51,1.27,-0.184,41.8182,,0.38,-14.8806,-28.1048,2.2326,3.4266,3.6053,,,-2.5127,-37.0,-24.0,-8.619,59.1714,cnn,3,5,2,10,0.6667,2,1,1,4,normal,Normal / Mild Pullback,False,18.3771,-4.8965,15.1812,-5.8662,17.8357,-0.7929,19.1561,-3.6919,17.2325,-5.8662,-5.8662,53.08,24.09,HOLD,维持
2022-12-14,21.14,120.26,379.2125,279.8106,60.3051,52.1659,71.8737,136.9101,103.77,,,3.49,1.3,-0.184,41.8182,,-1.54,-15.4248,-28.6378,2.7624,1.9456,1.9335,,,-2.4718,-31.0,-15.0,-9.565,60.9429,cnn,3,5,2,10,0.6667,2,1,1,4,normal,Normal / Mild Pullback,False,18.3213,-2.8534,23.5651,-3.5551,21.4789,0.2328,19.0754,-1.47,17.5366,-5.2605,-5.2605,49.69,25.83,HOLD,维持
2022-12-15,22.83,111.26,369.9364,270.4155,60.0776,51.2118,71.5714,133.9061,104.56,,,3.44,1.28,-0.184,44.6215,,0.54,-17.4936,-31.0339,2.9374,1.7794,1.7829,,,-1.6184,-23.0,-10.0,-8.1937,60.1429,cnn,3,5,2,10,0.6667,1,1,1,3,normal,Normal / Mild Pullback,False,20.155,-1.8381,19.0054,-1.3972,17.9639,2.5579,16.6965,0.369,16.8275,-2.8849,-2.8849,49.68,25.24,HOLD,维持
2022-12-16,22.62,113.65,365.5688,267.8373,59.7572,50.7748,71.2069,132.2872,104.7,,,3.48,1.35,-0.19,44.6215,,-0.21,-18.4677,-31.6915,3.5274,1.674,1.7331,,,-1.8652,-29.0,-14.0,-6.7913,44.1429,cnn,3,5,2,10,0.6667,1,0,1,2,normal,Normal / Mild Pullback,False,20.5285,-0.0939,18.3392,-0.6392,17.1051,2.1447,17.1726,3.3501,17.0087,-1.7246,-1.7246,53.2,17.04,HOLD,维持
2022-12-19,22.42,118.32,362.4689,264.0732,59.4528,51.0407,70.844,131.2047,104.72,,,3.57,1.42,-0.19,44.6215,,-2.58,-19.1591,-32.6515,3.5636,0.9381,0.9478,,,-2.0668,-25.0,-15.0,-5.6761,39.9714,cnn,3,5,2,10,0.6667,1,0,2,3,normal,Normal / Mild Pullback,False,20.5741,0.3631,17.2896,0.9841,16.9501,2.2683,17.0883,3.0152,17.0954,-0.8842,-0.8842,56.08,17.58,ADD_SMALL,小幅分批加仓/维持偏加
2022-12-20,21.48,119.92,362.9649,263.8676,59.3006,51.2921,70.6255,131.3363,103.97,,,3.69,1.45,-0.19,44.6215,,-1.07,-19.0485,-32.7039,4.0081,0.7203,0.725,,,-3.5886,-14.0,-7.0,-6.1918,38.3143,cnn,3,5,2,10,0.6667,1,0,2,3,normal,Normal / Mild Pullback,False,20.59,-1.0196,19.6138,-0.3048,18.0582,4.0311,18.1639,3.8637,17.1956,-1.0196,-1.0196,56.38,17.52,ADD_SMALL,小幅分批加仓/维持偏加
2022-12-21,20.07,115.0,368.3921,267.6954,59.8052,52.1454,71.2498,133.366,104.16,,,3.68,1.41,-0.19,44.6215,,-1.07,-17.838,-31.7277,4.1259,0.8436,0.8281,,,-2.8539,-8.0,-3.0,-5.7989,38.5429,cnn,3,5,2,10,0.6667,1,0,2,3,normal,Normal / Mild Pullback,False,20.7404,-0.7224,21.2849,0.479,20.1985,3.7283,17.9179,3.6772,17.1361,-2.4778,-2.4778,55.34,16.83,ADD_SMALL,小幅分批加仓/维持偏加
2022-12-22,21.97,112.05,363.1366,261.1461,59.4368,51.9478,70.7738,131.9188,104.43,,,3.67,1.48,-0.19,52.3077,,-0.86,-19.0102,-33.398,4.1219,-0.3378,-0.3997,,,-1.5554,-4.0,9.0,-4.1827,37.0,cnn,3,5,2,10,0.6667,1,0,3,4,normal,Normal / Mild Pullback,False,21.007,0.4491,18.2058,1.8754,18.4726,5.1166,16.9173,3.3848,17.2508,-1.0664,-1.0664,62.58,17.95,ADD_SMALL,小幅分批加仓/维持偏加
2022-12-23,20.87,113.17,365.2255,261.7335,59.589,52.2891,70.9923,132.7645,104.31,,,3.75,1.55,-0.201,52.3077,,-1.75,-18.5443,-33.2482,3.9797,0.1172,0.1469,,,-1.5572,7.0,19.0,-4.8403,39.5143,cnn,3,5,2,10,0.6667,1,0,3,4,normal,Normal / Mild Pullback,False,21.1975,-0.5458,17.908,2.0031,18.5567,4.5546,16.8881,3.0713,17.2231,-1.6322,-1.6322,60.48,17.83,ADD_SMALL,小幅分批加仓/维持偏加
2022-12-27,21.65,124.89,363.7852,258.033,58.9722,52.3429,70.212,132.8491,104.18,,,3.84,1.58,-0.201,52.3077,,-0.77,-18.8655,-33.897,3.9738,0.1356,0.0801,,,-2.3435,15.0,15.0,-3.7404,39.9429,cnn,3,5,2,10,0.6667,2,0,3,5,normal,Normal / Mild Pullback,False,20.5802,0.6188,18.6306,3.7022,18.9267,6.1222,16.9918,4.1585,17.2414,-1.2428,-1.2428,63.68,19.38,ADD_SMALL,小幅分批加仓/维持偏加
2022-12-28,22.14,120.07,359.2641,254.6263,58.1791,51.9747,69.1898,130.9416,104.46,,,3.88,1.6,-0.201,52.3077,,0.66,-19.8738,-34.7698,3.6201,-1.6351,-1.83,,,-2.2093,13.0,10.0,-3.9602,35.5143,cnn,3,5,2,10,0.6667,2,0,3,5,normal,Normal / Mild Pullback,False,20.9393,0.7221,18.1618,5.3895,16.6727,7.7046,15.9863,5.6664,17.0222,0.7221,0.7221,66.14,20.48,ADD_SMALL,小幅分批加仓/维持偏加
2022-12-29,21.44,120.25,365.731,260.8328,58.9321,52.9537,70.1808,133.2719,103.84,,,3.83,1.56,-0.201,47.619,,1.37,-18.4316,-33.1798,3.2503,-1.837,-1.9472,,,-1.9915,15.0,22.0,-2.5901,37.1429,cnn,3,5,2,10,0.6667,2,0,2,4,normal,Normal / Mild Pullback,False,18.4694,1.2101,21.0118,3.9276,15.1214,4.4727,16.0726,3.5651,16.6633,-1.0588,-1.0588,60.97,16.75,ADD_SMALL,小幅分批加仓/维持偏加
2022-12-30,21.67,121.61,364.7676,260.6762,58.9802,52.7561,70.2276,132.727,103.52,,,3.88,1.58,-0.218,47.619,,-0.3,-18.6464,-33.2199,3.264,-2.1194,-2.1425,,,-1.1554,35.0,41.0,-2.0859,36.5143,cnn,3,5,2,10,0.6667,2,0,2,4,normal,Normal / Mild Pullback,False,18.454,1.4199,20.7485,4.0112,15.0299,6.2887,16.5436,5.3478,16.8879,-0.7975,-0.7975,60.78,16.88,ADD_SMALL,小幅分批加仓/维持偏加
2023-01-03,22.9,129.97,363.232,258.9141,59.0923,52.3879,70.3681,132.6048,104.52,,,3.79,1.53,-0.218,47.619,,2.03,-18.9889,-33.6713,3.6901,-1.8554,-1.9468,,,-0.0287,28.0,45.0,-2.2879,36.6,cnn,3,5,2,10,0.6667,2,0,2,4,normal,Normal / Mild Pullback,False,18.4484,2.5629,19.8598,2.8019,17.7131,7.8725,16.5148,6.4127,16.8843,-0.3781,-0.3781,64.1,17.12,ADD_SMALL,小幅分批加仓/维持偏加
2023-01-04,22.01,125.78,366.0361,260.1476,59.7732,53.0974,71.2342,134.672,104.25,,,3.69,1.47,-0.218,47.619,,0.36,-18.3361,-32.4795,4.0514,0.2305,0.1802,,,-0.9877,9.0,26.0,1.5924,39.8571,cnn,3,5,2,10,0.6667,2,0,2,4,normal,Normal / Mild Pullback,False,17.9305,3.0644,20.5563,1.2717,18.1398,8.6044,16.8967,7.0858,17.0392,-1.1413,-1.1413,60.02,16.09,ADD_SMALL,小幅分批加仓/维持偏加
2023-01-05,22.46,119.53,361.8585,256.0751,59.6531,52.0915,71.1016,133.2719,105.04,,,3.71,1.49,-0.218,41.9872,,0.32,-18.149,-31.9717,4.0668,0.3912,0.4647,,,-0.5115,20.0,29.0,0.3396,44.1714,cnn,3,5,2,10,0.6667,1,0,1,2,normal,Normal / Mild Pullback,False,17.6788,4.6339,14.2878,4.3492,18.4735,8.6905,16.8017,8.7349,16.8425,2.2352,1.5763,52.56,13.68,HOLD,维持
2023-01-06,21.13,113.87,370.1566,263.1432,60.5021,53.6183,72.1316,136.4668,103.88,,,3.55,1.34,-0.241,41.9872,,-0.31,-16.2719,-30.094,3.9794,1.2634,1.4201,,,-1.1608,13.0,18.0,0.8606,45.7143,cnn,3,5,2,10,0.6667,1,0,1,2,normal,Normal / Mild Pullback,False,19.7028,2.685,7.7329,3.2339,16.1106,5.6045,15.6663,5.7075,16.3044,-0.0567,-0.7009,51.49,14.6,HOLD,维持
2023-01-09,21.97,116.67,369.9468,264.8466,60.7184,53.1333,72.4437,136.5232,103.0,,,3.53,1.31,-0.241,41.9872,,0.3,-16.3194,-29.6415,4.281,1.5442,1.748,,,-1.6894,5.0,11.0,0.5209,47.2,cnn,3,5,2,10,0.6667,1,0,1,2,normal,Normal / Mild Pullback,False,19.4643,2.555,8.3647,3.1816,16.1456,7.0463,16.0236,5.4905,16.3179,0.2011,-0.6446,52.23,14.37,HOLD,维持
2023-01-10,20.58,119.52,372.5413,267.0884,60.6463,53.5375,72.3501,137.5474,103.24,,,3.61,1.37,-0.241,41.9872,,-2.32,-15.7326,-29.0459,4.5693,1.4235,1.5612,,,-1.4979,4.0,6.0,0.2278,49.6571,cnn,3,5,2,10,0.6667,1,0,1,2,normal,Normal / Mild Pullback,False,19.4818,0.233,16.6814,2.5014,16.0443,5.1385,16.7454,5.1645,16.2808,-0.4967,-1.3365,51.13,13.98,HOLD,维持
2023-01-11,21.09,115.17,377.2531,271.709,61.0468,53.8338,72.865,139.22,103.19,,,3.54,1.31,-0.241,41.9872,,-0.92,-14.6668,-27.8184,4.4475,1.7004,1.9401,,,-1.8453,-7.0,-2.0,0.0424,54.2286,cnn,3,5,2,10,0.6667,1,0,1,2,normal,Normal / Mild Pullback,False,19.317,-1.7395,13.201,2.3336,15.7744,2.9253,16.7526,3.9576,16.0964,-1.7395,-2.5688,51.46,13.05,HOLD,维持
2023-01-12,18.83,112.34,378.6266,273.1775,61.3913,54.4985,73.2552,139.7462,102.25,,,3.43,1.22,-0.241,39.9293,,-3.63,-14.3561,-27.4283,4.8642,1.2261,1.386,,,-1.6638,-8.0,-5.0,3.3628,56.6857,cnn,3,5,2,10,0.6667,0,0,0,0,normal,Normal / Mild Pullback,False,19.159,-0.2721,20.4557,2.1967,15.7572,2.7912,16.7363,3.6084,16.0845,-2.0959,-2.9222,45.0,10.66,HOLD,维持
2023-01-13,18.35,113.55,380.0954,275.057,61.3913,54.4356,73.3176,140.0751,102.2,,,3.49,1.31,-0.266,39.9293,,-2.78,-12.8583,-25.5176,4.389,1.8012,2.0089,,,-1.513,0.0,1.0,4.1085,61.3143,cnn,3,5,2,10,0.6667,0,0,0,0,normal,Normal / Mild Pullback,False,19.0745,0.5345,22.2703,0.5245,17.3547,3.596,17.1152,2.7873,16.0978,-2.4743,-3.2974,45.0,9.52,HOLD,维持
2023-01-17,19.36,122.27,379.3991,275.6151,61.183,54.1033,73.1069,139.765,102.39,,,3.53,1.36,-0.266,39.9293,,-2.61,-13.0179,-25.3665,4.8479,1.84,2.1455,,,-2.0754,9.0,8.0,3.0112,64.1429,cnn,3,5,2,10,0.6667,1,0,0,1,normal,Normal / Mild Pullback,False,16.7455,0.6109,22.2145,2.1897,18.642,3.7384,17.0838,4.3437,16.2998,-2.2953,-3.1199,47.54,9.07,HOLD,维持
2023-01-18,20.34,112.61,373.4092,272.0321,61.2551,52.1723,73.1772,137.6132,102.36,,,3.37,1.25,-0.266,39.9293,,-0.24,-14.0702,-24.6795,5.1792,2.5067,2.767,,,-2.235,-11.0,-10.0,0.5949,58.4286,cnn,3,5,2,10,0.6667,1,0,0,1,normal,Normal / Mild Pullback,False,17.2125,2.2631,16.6009,4.9324,16.0043,5.7447,15.7449,5.7585,15.943,-0.728,-1.5658,47.42,10.32,HOLD,维持
2023-01-19,20.52,114.53,370.6909,269.3595,60.8946,52.2352,72.6934,136.1943,102.06,,,3.39,1.19,-0.266,33.0709,,-0.57,-14.6957,-25.4195,5.0054,2.4252,2.6105,,,-2.5401,-18.0,-23.0,0.0704,55.4286,cnn,3,5,2,10,0.6667,1,0,0,1,normal,Normal / Mild Pullback,False,17.1289,4.1452,13.133,7.2406,15.0914,5.0535,16.4588,6.9164,15.8585,1.8629,-0.844,47.54,10.66,HOLD,维持
2023-01-20,19.85,114.76,377.5964,276.7311,61.0148,53.6812,72.8728,138.5623,102.01,,,3.48,1.25,-0.287,33.0709,,1.02,-13.1066,-23.3784,4.9912,2.8907,3.182,,,-1.8852,-21.0,-20.0,0.6023,58.5429,cnn,3,5,2,10,0.6667,0,0,0,0,normal,Normal / Mild Pullback,False,18.2157,2.4755,9.6789,4.1604,15.9575,2.8746,15.4055,5.0295,15.4412,1.0912,-2.6574,45.66,8.74,HOLD,维持
2023-01-23,19.81,114.69,382.127,282.879,61.0068,54.5344,72.7792,140.3194,102.14,,,3.52,1.24,-0.287,33.0709,,1.46,-12.064,-21.6762,4.7286,2.0091,2.1465,,,-1.9393,-16.0,-17.0,0.8225,63.6,cnn,3,5,2,10,0.6667,0,0,0,0,normal,Normal / Mild Pullback,False,17.9665,-0.01,13.4104,2.2964,16.0443,-0.3844,16.678,3.7667,15.2675,-0.3844,-3.8115,45.95,7.74,HOLD,维持
2023-01-24,19.2,112.76,381.7169,282.3013,61.0468,53.8877,72.8728,139.9905,101.92,,,3.46,1.19,-0.287,33.0709,,-0.16,-12.1584,-21.8361,3.6031,2.7089,2.9658,,,-2.4035,-21.0,-29.0,-1.3149,63.0,cnn,3,5,2,10,0.6667,0,0,0,0,normal,Normal / Mild Pullback,False,16.9757,1.5692,16.8162,3.7456,16.7614,-0.4148,16.6805,3.3114,15.3148,-0.4148,-3.7081,45.0,6.72,HOLD,维持
2023-01-25,19.08,107.74,381.86,281.6748,61.0388,54.0135,72.8728,140.31,101.64,,,3.46,1.17,-0.287,33.0709,,-1.26,-12.1254,-22.0096,3.1486,2.4331,2.6489,,,-2.5597,-29.0,-38.0,-1.202,63.8857,cnn,3,5,2,10,0.6667,0,0,0,0,normal,Normal / Mild Pullback,False,16.9486,2.6102,17.3204,2.5728,18.2906,0.0774,16.7947,3.3529,15.3149,-0.4521,-3.7442,45.0,6.66,HOLD,维持
2023-01-26,18.73,104.28,386.0568,287.1667,61.191,54.3907,73.0601,141.4376,101.84,,,3.49,1.16,-0.287,36.6762,,-1.79,-11.1597,-20.489,3.1532,3.7626,4.0565,,,-2.2461,-35.0,-42.0,-2.0825,68.0286,cnn,3,5,2,10,0.6667,0,0,0,0,normal,Normal / Mild Pullback,False,17.0496,2.9722,18.2176,0.5781,18.4243,-2.068,16.692,2.3359,15.1619,-2.068,-4.7906,45.0,6.69,HOLD,维持
2023-01-27,18.51,100.7,386.9438,290.0253,61.0068,54.732,72.8728,141.7007,101.93,,,3.52,1.19,-0.304,36.6762,,-1.34,-10.9555,-19.6975,2.8182,4.8603,5.3231,,,-2.422,-36.0,-41.0,-2.2279,69.2,cnn,3,5,2,10,0.6667,0,0,0,0,normal,Normal / Mild Pullback,False,16.0508,1.6441,21.7964,0.5817,18.4253,-1.9597,16.7259,0.4806,15.5228,-2.2925,-5.0089,45.0,5.59,HOLD,维持
2023-01-30,19.94,103.77,382.0889,284.1613,60.6704,54.1751,72.4905,140.1972,102.28,,,3.55,1.26,-0.304,36.6762,,0.13,-12.0728,-21.3211,2.3198,2.9496,3.2911,,,-1.5023,-28.0,-30.0,-2.0733,67.4571,cnn,3,5,2,10,0.6667,0,0,0,0,normal,Normal / Mild Pullback,False,16.1204,2.3066,19.1391,3.0555,17.5661,-1.0809,16.194,1.3264,15.3235,-1.0809,-3.8019,45.08,5.72,HOLD,维持
2023-01-31,19.4,99.54,387.7068,288.4198,61.143,55.7918,73.0601,142.5746,102.1,,,3.52,1.28,-0.304,36.6762,,0.2,-10.78,-20.142,2.4712,3.667,4.0333,,,-1.3717,-36.0,-30.0,-0.5029,70.3429,cnn,3,5,2,10,0.6667,0,0,0,0,normal,Normal / Mild Pullback,False,16.593,2.1428,18.637,1.5155,16.3708,-2.8882,15.1998,1.8461,15.5625,-2.8882,-5.1958,45.13,6.32,HOLD,维持
2023-02-01,17.87,97.33,391.8273,294.5873,61.7853,56.5821,73.7409,144.0311,101.22,,,3.39,1.14,-0.304,36.6762,,-1.21,-9.8317,-18.4344,1.8898,4.5572,4.7931,,,-3.1573,-40.0,-39.0,0.1239,82.1714,cnn,3,5,2,10,0.6667,0,0,0,0,normal,Normal / Mild Pullback,False,16.5612,-0.0365,20.2413,0.7741,15.6308,-3.1621,14.9339,1.6352,15.5098,-3.9094,-6.1928,43.08,11.02,HOLD,维持
2023-02-02,18.73,97.76,397.5312,305.1599,62.1394,58.091,74.2193,145.6097,101.75,,,3.4,1.18,-0.304,34.5515,,0.0,-8.5192,-15.507,1.4141,3.9587,4.1906,,,-2.3981,-29.0,-29.0,0.7368,75.2,cnn,3,5,2,10,0.6667,0,0,0,0,normal,Normal / Mild Pullback,False,16.9466,-2.325,16.0055,-2.0395,15.1473,-3.0208,15.1493,0.0758,15.2271,-5.2882,-7.5387,39.17,8.65,HOLD,维持
2023-02-03,18.33,98.99,393.3058,299.7365,61.4875,58.1269,73.4664,143.8243,102.92,,,3.53,1.31,-0.311,34.5515,,-0.18,-9.4915,-17.0086,1.4065,3.0752,3.326,,,-2.0183,-18.0,-18.0,2.6642,76.1429,cnn,3,5,2,10,0.6667,0,0,0,0,normal,Normal / Mild Pullback,False,16.8529,-1.0452,15.6037,-1.2344,14.3801,-1.911,14.7712,0.0141,15.2461,-4.2706,-6.5454,41.83,8.93,HOLD,维持
2023-02-06,19.43,105.63,390.9022,297.201,61.093,57.5701,73.035,142.8095,103.62,,,3.63,1.38,-0.311,34.5515,,-0.51,-10.0446,-17.7107,1.2522,0.9766,1.2525,,,-0.2503,8.0,4.0,1.6719,75.9143,cnn,3,5,2,10,0.6667,0,0,0,0,normal,Normal / Mild Pullback,False,15.6911,0.732,17.6866,-2.6206,17.1996,-2.8207,15.553,-0.0617,15.2599,-3.682,-5.9708,43.3,7.56,HOLD,维持
2023-02-07,18.66,103.15,396.0146,303.3587,61.3104,58.1898,73.3174,144.1439,103.43,,,3.67,1.36,-0.311,34.5515,,-0.74,-8.8682,-16.0057,0.6064,0.9749,1.2061,,,0.4175,14.0,5.0,2.3076,76.3429,cnn,3,5,2,10,0.6667,0,0,0,0,normal,Normal / Mild Pullback,False,16.049,-0.6142,14.4396,-4.0102,14.8972,-3.9187,14.6521,-2.0506,15.0833,-4.9255,-7.1847,40.11,8.12,HOLD,维持
2023-02-08,19.63,100.75,391.6843,297.9647,61.0528,57.5341,73.035,142.7249,103.41,,,3.63,1.29,-0.311,34.5515,,1.76,-9.8647,-17.4992,0.8473,0.6703,0.9467,,,0.1647,2.0,-8.0,2.213,74.6286,cnn,3,5,2,10,0.6667,0,0,0,0,normal,Normal / Mild Pullback,False,16.7701,0.8109,11.6417,-2.4327,15.0292,-4.6487,15.4989,0.8656,15.3937,-4.6487,-6.1585,43.97,8.23,HOLD,维持
2023-02-09,20.71,102.45,388.2887,295.3313,60.6584,56.6899,72.5095,141.4188,103.22,,,3.67,1.34,-0.311,25.0,,1.98,-10.646,-18.2284,0.8055,-0.6363,-0.4879,,,0.0291,13.0,3.0,2.3124,72.6286,cnn,3,5,2,10,0.6667,1,0,0,1,normal,Normal / Mild Pullback,False,16.7767,0.2923,14.6975,-2.6309,15.298,-5.2028,15.946,1.7748,15.2828,-5.2028,-5.3379,48.75,9.44,HOLD,维持
2023-02-10,20.53,109.63,389.1949,293.3929,60.1916,56.5731,71.9448,141.8511,103.63,,,3.74,1.41,-0.307,25.0,,2.2,-10.4375,-18.7651,1.1207,-1.9542,-1.7888,,,1.3496,31.0,19.0,0.9881,72.4857,cnn,3,5,2,10,0.6667,1,0,0,1,normal,Normal / Mild Pullback,False,16.7609,-0.1912,14.7359,-2.5267,15.4048,-5.5583,15.8452,1.0926,15.3067,-5.5583,-5.5583,48.5,9.36,HOLD,维持
2023-02-13,20.34,110.67,393.7636,298.0919,60.3445,57.0312,72.1488,143.4391,103.35,,,3.72,1.41,-0.307,25.0,,0.91,-9.3861,-17.464,0.9779,-1.7051,-1.5943,,,1.1252,23.0,10.0,1.1315,71.8286,cnn,3,5,2,10,0.6667,1,0,0,1,normal,Normal / Mild Pullback,False,17.1411,-3.3282,15.6892,-4.0138,13.2045,-5.1111,16.4951,0.3865,15.1485,-6.6541,-6.6541,44.77,9.52,HOLD,维持
2023-02-14,18.91,110.59,393.5824,300.2945,60.3606,56.8156,72.1566,143.1666,103.23,,,3.77,1.46,-0.307,25.0,,0.25,-9.4278,-16.8542,1.1381,-1.3442,-1.2999,,,0.8204,24.0,10.0,1.229,73.2571,cnn,3,5,2,10,0.6667,0,0,0,0,normal,Normal / Mild Pullback,False,17.1092,-3.417,15.4685,-4.3379,13.052,-5.6611,16.5231,0.2576,15.1527,-6.6111,-6.6111,41.8,8.06,HOLD,维持
2023-02-15,18.23,108.64,394.8605,302.5951,60.264,57.4892,72.0468,143.8431,103.92,,,3.81,1.46,-0.307,25.0,,-1.4,-9.1337,-16.2172,1.5684,-1.618,-1.5447,,,1.524,44.0,21.0,4.2048,73.6571,cnn,3,5,2,10,0.6667,0,0,0,0,normal,Normal / Mild Pullback,False,15.7832,-3.2176,16.3683,-3.906,13.9584,-4.3166,17.9263,-0.1979,15.1404,-6.9134,-6.9134,40.77,6.76,HOLD,维持
2023-02-16,20.17,111.01,389.4237,296.9172,59.781,56.4743,71.435,142.2175,103.86,,,3.86,1.49,-0.307,28.8235,,-0.54,-10.3849,-17.7893,1.5276,-1.8287,-1.7311,,,1.7637,47.0,30.0,2.9148,70.7143,cnn,3,5,2,10,0.6667,1,0,0,1,normal,Normal / Mild Pullback,False,16.4876,-2.9147,15.6208,-1.0018,15.9219,-4.1152,17.7596,1.5446,14.8783,-5.6138,-5.6138,46.38,8.36,HOLD,维持
2023-02-17,20.02,110.11,388.4509,294.8222,60.0145,56.7617,71.6703,141.9168,103.86,,,3.82,1.46,-0.293,28.8235,,-0.51,-10.6087,-18.3693,1.2394,-1.6394,-1.6502,,,1.8135,34.0,21.0,2.784,69.4857,cnn,3,5,2,10,0.6667,1,0,0,1,normal,Normal / Mild Pullback,False,15.4207,-2.34,16.9397,-0.6851,15.9187,-2.9508,18.2341,1.1186,14.9364,-5.3774,-5.3774,46.98,6.9,HOLD,维持
2023-02-21,22.87,119.62,380.6582,287.8423,59.0888,55.4415,70.5409,138.8347,104.18,,,3.95,1.53,-0.293,28.8235,,2.53,-12.402,-20.3019,1.0849,-3.1439,-3.0755,,,1.9973,43.0,29.0,2.0556,65.9143,cnn,3,5,2,10,0.6667,1,2,0,3,normal,Normal / Mild Pullback,False,16.6644,-0.7091,10.0567,-0.2055,14.3679,0.3364,17.506,4.4413,14.5092,-3.4403,-3.4403,42.71,26.98,HOLD,维持
2023-02-22,22.29,118.21,380.1336,288.0576,59.4752,55.1721,71.0585,138.6656,104.59,,,3.93,1.52,-0.293,28.8235,,3.38,-12.5227,-20.2423,1.316,-2.5745,-2.4897,,,2.6197,47.0,33.0,2.8098,64.1714,cnn,3,5,2,10,0.6667,1,0,0,1,normal,Normal / Mild Pullback,False,16.6671,-0.9535,10.201,0.0953,14.3785,-1.2379,18.5597,5.5929,14.615,-3.3071,-3.3071,50.89,8.63,HOLD,维持
2023-02-23,21.14,117.45,382.1557,290.5735,60.0628,55.3876,71.7723,139.1824,104.6,,,3.88,1.49,-0.293,38.5882,,2.91,-12.0574,-19.5457,0.7901,-1.5991,-1.5103,,,2.9122,42.0,32.0,2.4647,62.6571,cnn,3,5,2,10,0.6667,1,0,0,1,normal,Normal / Mild Pullback,False,16.78,-0.7113,11.3704,-2.2712,16.7693,-1.4949,18.4722,4.8814,14.5938,-3.8187,-3.8187,49.83,8.43,HOLD,维持
2023-02-24,21.67,122.84,378.0733,285.7081,59.7006,55.3966,71.3566,137.9891,105.21,,,3.95,1.57,-0.267,38.5882,,1.5,-12.9968,-20.8929,1.1975,-2.4358,-2.3316,,,3.3091,46.0,41.0,4.0001,60.6571,cnn,3,5,2,10,0.6667,2,1,0,3,normal,Normal / Mild Pullback,False,16.6762,1.9703,13.2118,-2.6414,17.4005,0.2221,18.2501,6.0569,14.3949,-2.7802,-2.7802,47.89,21.52,HOLD,维持
2023-02-27,20.95,120.03,379.361,287.7542,60.103,55.3786,71.8115,138.1582,104.67,,,3.92,1.56,-0.267,38.5882,,0.93,-12.7005,-20.3263,0.4852,-1.4815,-1.4565,,,2.6881,40.0,37.0,3.2039,61.2286,cnn,3,5,2,10,0.6667,2,0,0,2,normal,Normal / Mild Pullback,False,16.7098,1.6946,13.4149,-3.1102,17.0945,0.0687,18.2216,4.5107,14.6026,-3.1102,-3.1102,50.63,10.8,HOLD,维持
2023-02-28,20.7,123.6,377.9589,287.3821,59.9903,55.2888,71.6781,137.7541,104.87,,,3.92,1.49,-0.267,38.5882,,-2.17,-13.0232,-20.4293,1.2981,-1.1208,-1.1206,,,2.5323,37.0,23.0,3.1709,61.2,cnn,3,5,2,10,0.6667,2,0,0,2,normal,Normal / Mild Pullback,False,16.1811,0.5072,18.8151,-1.1432,19.695,0.2145,18.1893,4.1384,14.6671,-2.7507,-2.7507,50.39,10.45,HOLD,维持
2023-03-01,20.58,121.08,376.5091,285.0718,59.8203,54.9565,71.4731,137.5004,104.48,,,4.01,1.57,-0.267,38.5882,,-1.71,-13.3568,-21.069,1.2833,-2.1633,-2.1722,,,2.3311,49.0,29.0,1.4325,65.9143,cnn,3,5,2,10,0.6667,2,0,0,2,normal,Normal / Mild Pullback,False,15.1789,1.0589,18.32,-1.3832,19.8254,2.0626,18.8089,5.4447,14.7254,-2.3762,-2.3762,49.94,9.58,HOLD,维持
2023-03-02,19.59,124.12,379.4373,287.4311,59.8932,53.5644,71.5125,138.5811,105.03,,,4.08,1.6,-0.267,44.8052,,-1.55,-12.683,-20.4158,1.2358,-3.0624,-3.0219,,,3.7641,69.0,46.0,-2.2421,52.4571,cnn,3,5,2,10,0.6667,1,3,1,5,normal,Normal / Mild Pullback,False,14.9101,-1.5711,22.3308,-0.4273,21.5839,1.8679,18.7304,5.986,14.8641,-3.1296,-3.1296,40.16,37.8,HOLD,维持
2023-03-03,18.49,122.52,385.5226,293.3733,60.5086,54.229,72.246,140.5261,104.52,,,3.97,1.45,-0.235,44.8052,,-3.18,-11.2826,-18.7705,1.1751,-2.6245,-2.6587,,,2.7224,57.0,27.0,-3.7403,55.6857,cnn,3,5,2,10,0.6667,1,0,1,2,normal,Normal / Mild Pullback,False,15.1301,-4.5226,15.2968,-3.145,20.1405,1.6731,18.5386,4.3528,14.5344,-4.6587,-4.6587,51.92,6.58,HOLD,维持
2023-03-06,18.61,128.19,385.7897,293.7061,60.5086,53.8249,72.3012,139.8496,104.35,,,3.98,1.49,-0.235,44.8052,,-2.34,-11.2211,-18.6783,0.2663,-1.592,-1.586,,,1.3894,45.0,18.0,-5.5971,55.2571,cnn,3,5,2,10,0.6667,1,0,1,2,normal,Normal / Mild Pullback,False,14.752,-4.7247,14.4808,-2.2813,21.091,1.9899,18.5685,3.7023,14.5911,-4.7247,-4.7247,52.77,6.16,HOLD,维持
2023-03-07,19.59,133.33,379.8761,290.1035,60.0794,52.0915,71.8359,137.5944,105.62,,,3.97,1.59,-0.235,44.8052,,-1.11,-12.582,-19.6758,0.1811,-1.6591,-1.6418,,,1.9301,34.0,21.0,-6.8901,48.5143,cnn,3,5,2,10,0.6667,1,0,1,2,normal,Normal / Mild Pullback,False,15.5245,-1.6421,22.1204,0.543,20.9703,3.0029,17.7204,6.3173,14.3108,-3.2415,-3.2415,53.54,7.42,HOLD,维持
2023-03-08,19.11,129.76,380.4961,291.5526,59.796,51.822,71.4731,137.8857,105.66,,,3.98,1.66,-0.235,44.8052,,-1.47,-12.4393,-19.2746,0.3676,-2.4701,-2.5155,,,2.1561,31.0,30.0,-7.3108,49.8286,cnn,3,5,2,10,0.6667,1,0,1,2,normal,Normal / Mild Pullback,False,14.6153,-2.4165,21.7159,-1.332,22.7501,2.5658,17.7798,7.679,14.5693,-3.3992,-3.3992,53.01,6.32,HOLD,维持
2023-03-09,22.61,129.28,373.476,286.5011,59.4639,47.6188,71.0314,134.8412,105.31,,,3.93,1.63,-0.235,41.7241,,3.02,-14.0548,-20.6733,0.0212,-2.6024,-2.7433,,,1.8373,30.0,34.0,-13.1987,37.5429,cnn,3,5,2,10,0.6667,2,1,2,5,normal,Normal / Mild Pullback,False,15.4474,1.162,22.4114,0.7944,20.6347,4.9013,16.162,9.4928,13.9875,-1.5834,-1.5834,58.29,27.16,ADD_SMALL,小幅分批加仓/维持偏加
2023-03-10,24.8,140.06,368.0869,282.4775,59.4721,45.5261,71.0078,131.994,104.58,,,3.7,1.44,-0.202,41.7241,,6.31,-15.2949,-21.7873,-0.6868,-1.9558,-2.0712,,,1.3176,3.0,10.0,-15.2851,26.8857,cnn,3,5,2,10,0.6667,3,2,2,7,normal,Normal / Mild Pullback,False,15.8898,1.4429,21.1492,2.9412,18.8903,6.5464,14.8946,11.3378,13.5821,-0.1425,-0.1425,67.53,44.35,ADD_SMALL,小幅分批加仓/维持偏加
2023-03-13,26.52,173.59,367.5623,284.5725,59.1481,39.9218,70.645,130.3778,103.6,,,3.55,1.31,-0.202,41.7241,,7.91,-15.4157,-21.2073,-1.7052,-1.7335,-1.8067,,,-0.0289,-19.0,-10.0,-25.2801,23.3571,cnn,3,5,2,10,0.6667,5,2,3,10,extreme,Extreme Panic,False,15.7901,2.5646,21.1843,3.2809,18.751,6.7271,14.8373,11.1112,13.6091,1.0172,1.0172,75.64,65.3,HOLD,维持
2023-03-14,23.73,169.65,373.6381,291.1119,59.5773,40.7571,71.1971,132.2101,103.6,,,3.64,1.33,-0.202,41.7241,,4.14,-14.0175,-19.3967,-1.9922,-1.2713,-1.3191,,,0.2419,-8.0,-8.0,-24.6861,25.0857,cnn,3,5,2,10,0.6667,3,2,2,7,normal,Normal / Mild Pullback,False,16.4531,2.2216,20.1645,1.3734,17.3701,4.5637,14.199,9.9655,13.295,-0.6254,-0.6254,70.85,55.44,HOLD,维持
2023-03-15,26.14,169.65,371.3013,292.6391,59.383,40.0925,70.8737,130.359,104.65,,,3.51,1.22,-0.202,41.7241,,7.03,-14.5552,-18.9738,-3.0068,-1.6196,-1.7779,,,1.3756,-26.0,-24.0,-25.1995,22.6857,cnn,3,5,2,10,0.6667,5,2,3,10,extreme,Extreme Panic,False,16.4832,1.1114,24.7686,3.4941,17.9217,6.6194,14.3334,10.8561,13.1938,0.5647,0.5647,76.01,63.86,HOLD,维持
2023-03-16,22.99,167.96,377.8158,300.3532,59.7717,41.5025,71.339,131.9283,104.42,,,3.56,1.34,-0.202,48.3986,,0.38,-13.0561,-16.8379,-3.5041,-0.8169,-0.9824,,,0.4811,-25.0,-12.0,-24.5513,32.5714,cnn,3,5,2,10,0.6667,3,2,2,7,normal,Normal / Mild Pullback,False,17.9055,-0.3634,21.0051,2.3051,16.2638,4.525,13.4303,9.933,12.877,-1.1693,-1.1693,65.42,56.37,HOLD,维持
2023-03-17,25.51,180.11,373.3981,298.9338,59.4154,39.0147,70.9131,129.7013,103.71,,,3.39,1.29,-0.17,48.3986,,0.71,-14.0727,-17.2309,-4.0393,-0.6117,-0.7306,,,-0.1444,-47.0,-20.0,-27.9511,27.0,cnn,3,5,2,10,0.6667,4,2,2,8,normal,Normal / Mild Pullback,False,17.7412,1.477,18.8573,4.9745,15.1387,6.1412,12.3757,11.967,12.6112,0.5436,0.5436,72.5,59.51,HOLD,维持
2023-03-20,24.15,182.64,376.9886,299.9947,59.2534,39.4522,70.7238,131.3832,103.28,,,3.47,1.33,-0.17,48.3986,,-2.37,-13.2465,-16.9372,-3.6855,-1.2682,-1.3207,,,-0.5584,-35.0,-13.0,-28.3819,30.4286,cnn,3,5,2,10,0.6667,3,2,2,7,normal,Normal / Mild Pullback,False,18.2144,0.6984,17.9187,4.3709,14.9108,5.1989,12.1487,11.0326,12.5095,-0.414,-0.414,69.31,56.84,HOLD,维持
2023-03-21,21.38,162.31,381.9387,304.2793,59.9012,41.7255,71.5283,133.1398,103.26,,,3.59,1.36,-0.17,48.3986,,-2.35,-12.1073,-15.7509,-3.7104,1.3749,1.3998,,,-0.8831,-36.0,-17.0,-24.9919,43.4857,cnn,3,5,2,10,0.6667,3,2,1,6,normal,Normal / Mild Pullback,False,17.5093,-0.8298,14.6427,2.4467,14.7729,3.8179,11.5217,10.9524,12.4825,-1.7046,-1.7046,56.2,55.27,HOLD,维持
2023-03-22,22.26,142.84,375.428,300.1418,59.9579,39.3525,71.6072,130.1461,102.35,,,3.48,1.2,-0.17,48.3986,,-3.88,-13.6056,-16.8964,-4.5738,0.8117,0.7721,,,-2.1417,-45.0,-32.0,-27.779,41.0286,cnn,3,5,2,10,0.6667,2,2,1,5,normal,Normal / Mild Pullback,False,18.5519,2.3565,9.9877,3.9504,10.5698,5.042,9.5277,12.492,11.8958,0.2703,0.2703,51.65,55.46,HOLD,维持
2023-03-23,22.61,151.4,376.4428,303.7009,59.7231,38.2566,71.3705,129.7116,102.53,,,3.38,1.19,-0.17,48.8827,,-0.38,-13.3721,-15.911,-5.2108,-0.5655,-0.5597,,,-1.979,-50.0,-30.0,-29.881,38.3429,cnn,3,5,2,10,0.6667,2,2,2,6,normal,Normal / Mild Pullback,False,18.465,2.6782,9.8475,4.0746,10.5497,4.8401,9.5457,11.6067,11.9847,0.6181,0.6181,57.21,55.42,HOLD,维持
2023-03-24,21.74,173.66,378.9131,304.8186,59.6016,39.4159,71.1734,130.8166,103.12,,,3.38,1.16,-0.151,48.8827,,-3.77,-12.8036,-15.6015,-5.4613,-0.1657,-0.2568,,,-1.9865,-57.0,-41.0,-29.0054,37.7143,cnn,3,5,2,10,0.6667,3,2,2,7,normal,Normal / Mild Pullback,False,18.2404,3.4466,11.6951,3.5022,10.5401,4.2653,9.4253,10.311,12.0275,-0.0379,-0.0379,62.52,57.02,HOLD,维持
2023-03-27,20.6,161.67,379.6216,302.7302,59.4559,39.7601,71.063,131.6854,102.86,,,3.53,1.29,-0.151,48.8827,,-3.55,-12.6406,-16.1798,-4.825,-1.0767,-1.0423,,,-1.7292,-39.0,-27.0,-28.2524,40.2,cnn,3,5,2,10,0.6667,3,2,1,6,normal,Normal / Mild Pullback,False,18.2124,3.647,11.2558,3.3368,10.6371,2.4187,11.4067,10.5025,12.0342,-0.2245,-0.2245,55.73,56.42,HOLD,维持
2023-03-28,19.97,155.96,378.7695,301.1222,59.4235,39.7239,71.0472,131.9498,102.43,,,3.55,1.24,-0.151,48.8827,,-1.41,-12.8366,-16.625,-4.4002,-0.9449,-0.8803,,,-2.3267,-37.0,-25.0,-28.3058,39.6,cnn,3,5,2,10,0.6667,1,2,2,5,normal,Normal / Mild Pullback,False,18.1796,3.3038,13.0984,3.1471,10.9402,2.2144,11.5083,9.9138,12.1575,1.4535,1.4535,53.3,52.52,HOLD,维持
2023-03-29,19.12,150.58,384.2748,306.6129,60.1685,40.1496,71.8832,133.9331,102.64,,,3.57,1.24,-0.151,48.8827,,-3.14,-11.5697,-15.1047,-4.2138,0.5822,0.5738,,,-1.7611,-44.0,-33.0,-28.4194,41.4571,cnn,3,5,2,10,0.6667,1,2,1,4,normal,Normal / Mild Pullback,False,18.8016,1.5573,12.1552,3.0198,10.5942,2.7557,12.4355,7.8965,11.9112,0.5855,0.5855,49.27,52.61,HOLD,维持
2023-03-30,19.02,141.24,386.5248,309.5151,60.5248,39.3344,72.3565,134.5941,102.14,,,3.55,1.21,-0.151,45.61,,-3.59,-10.4993,-13.8626,-4.6164,1.0546,1.1801,,,-2.7516,-53.0,-39.0,-27.9126,45.2286,cnn,3,5,2,10,0.6667,1,2,1,4,normal,Normal / Mild Pullback,False,18.7231,1.3599,11.955,2.1699,10.7819,3.0295,12.5974,8.4444,12.0388,0.1635,0.1635,44.91,52.53,HOLD,维持
2023-03-31,18.7,135.93,391.9728,314.6625,61.1807,39.7239,73.2083,136.5774,102.51,,,3.48,1.16,-0.146,45.61,,-3.04,-8.8603,-12.4301,-5.2958,1.1108,1.3319,,,-1.9231,-49.0,-29.0,-27.9533,49.4857,cnn,3,5,2,10,0.6667,1,2,1,4,normal,Normal / Mild Pullback,False,18.5277,0.0537,6.5667,1.1114,8.6298,1.4949,11.7173,6.9911,11.7475,-1.2287,-1.2287,40.0,52.61,REDUCE,减仓
2023-04-03,18.55,138.17,393.4665,313.8977,61.1335,39.3073,73.148,136.6907,102.09,,,3.43,1.14,-0.146,45.61,,-2.05,-8.513,-12.6429,-5.6741,1.0328,1.1712,,,-2.1658,-55.0,-35.0,-28.3968,61.4857,cnn,3,5,2,10,0.6667,1,2,1,4,normal,Normal / Mild Pullback,False,18.5563,-0.2993,5.7409,0.7933,8.4979,-0.0268,12.4008,7.0051,11.7488,-1.6036,-1.6036,39.65,53.02,REDUCE,减仓
2023-04-04,19.0,147.75,391.2834,312.8389,60.9546,38.4378,72.8944,135.3213,101.59,,,3.35,1.1,-0.146,45.61,,-0.97,-9.0206,-12.9376,-6.1934,1.4567,1.4735,,,-3.8156,-62.0,-49.0,-28.3622,50.2286,cnn,3,5,2,10,0.6667,1,2,1,4,normal,Normal / Mild Pullback,False,17.717,-0.1517,4.9807,1.3385,7.7687,-0.1591,12.488,8.8719,11.8621,-1.0546,-1.0546,42.31,52.62,HOLD,维持
2023-04-05,19.08,153.9,390.2589,309.7504,60.6129,38.0483,72.4823,135.038,101.85,,,3.3,1.07,-0.146,45.61,,-0.04,-8.098,-11.8395,-6.236,1.3662,1.4119,,,-3.6059,-68.0,-59.0,-28.4156,52.6286,cnn,3,5,2,10,0.6667,1,2,1,4,normal,Normal / Mild Pullback,False,17.7782,1.4401,10.2324,1.0501,8.289,-0.606,12.7087,9.2832,11.8324,-0.7949,-0.7949,40.82,52.73,HOLD,维持
2023-04-06,18.4,147.73,391.7813,311.8388,60.8814,38.6099,72.831,135.1324,101.82,,,3.3,1.06,-0.146,35.02,,-0.62,-7.2748,-9.4906,-6.5804,2.3837,2.5335,,,-3.314,-63.0,-57.0,-22.7072,55.2571,cnn,3,5,2,10,0.6667,1,2,0,3,normal,Normal / Mild Pullback,False,16.1789,0.7991,10.8028,0.7356,8.1353,0.8407,14.2796,8.6967,11.837,-1.1804,-1.1804,32.69,49.37,HOLD,维持
2023-04-10,18.97,143.0,392.1834,311.6623,60.8244,38.8091,72.6883,135.9541,102.58,,,3.41,1.14,-0.149,35.02,,0.27,-7.1797,-9.5418,-6.0636,2.2739,2.3668,,,-1.9124,-29.0,-30.0,-19.9919,57.9143,cnn,3,5,2,10,0.6667,1,2,0,3,normal,Normal / Mild Pullback,False,14.9222,1.0571,10.8706,0.7373,8.1355,0.7641,14.2779,7.7349,11.9878,-1.2817,-1.2817,31.96,43.4,HOLD,维持
2023-04-11,19.1,139.78,392.2888,309.6621,60.9546,38.9178,72.8944,136.8418,102.2,,,3.43,1.14,-0.149,35.02,,0.55,-6.9058,-8.8482,-5.4887,3.0541,3.1841,,,-1.3514,-12.0,-17.0,-8.6596,58.4857,cnn,3,5,2,10,0.6667,1,1,0,2,normal,Normal / Mild Pullback,False,14.8643,1.0959,10.8332,-0.8884,11.7105,0.2953,14.3783,7.4341,12.0112,-1.3082,-1.3082,34.81,16.76,HOLD,维持
2023-04-12,19.09,129.68,390.6897,306.9265,60.9383,38.4921,72.8469,136.1807,101.5,,,3.41,1.14,-0.149,35.02,,0.09,-6.7582,-8.923,-5.4166,2.2844,2.3172,,,-2.027,-23.0,-19.0,-9.6792,60.7429,cnn,3,5,2,10,0.6667,1,1,0,2,normal,Normal / Mild Pullback,False,14.2178,1.4925,9.7047,-0.9043,11.723,1.1763,14.3721,8.1468,11.9634,-0.9043,-0.9043,32.7,17.51,HOLD,维持
2023-04-13,17.8,119.95,395.8792,312.9369,61.3532,39.0808,73.4016,137.2289,101.01,,,3.45,1.16,-0.149,34.48,,-1.28,-5.5197,-7.1395,-5.9019,3.3178,3.5668,,,-3.4783,-6.0,-6.0,-8.575,63.1714,cnn,3,5,2,10,0.6667,0,1,0,1,normal,Normal / Mild Pullback,False,14.3546,-0.3845,5.3973,-0.2564,14.1281,-0.3241,13.5906,7.4089,11.7532,-2.2033,-2.2033,25.64,14.49,HOLD,维持
2023-04-14,17.07,118.84,394.9121,312.3486,61.2393,38.32,73.2194,136.6057,101.55,,,3.52,1.22,-0.16,34.48,,-1.33,-5.7505,-7.3141,-6.1373,2.4554,2.6358,,,-2.7485,-4.0,-12.0,-11.6654,65.7143,cnn,3,5,2,10,0.6667,0,1,0,1,normal,Normal / Mild Pullback,False,13.4385,-0.063,5.25,0.8413,14.7096,-0.2109,13.5713,8.5382,11.8103,-1.9638,-1.9638,26.21,18.97,HOLD,维持
2023-04-17,16.95,122.69,396.3292,312.6133,61.0766,39.4612,73.0212,137.5312,102.1,,,3.6,1.28,-0.16,34.48,,-2.02,-5.4123,-7.2114,-5.5508,2.7959,2.9728,,,-1.5524,21.0,-1.0,-4.7076,67.0857,cnn,3,5,2,10,0.6667,1,0,0,1,normal,Normal / Mild Pullback,False,12.3896,-0.3165,4.3529,0.3793,14.6503,-0.2247,13.5664,9.0085,11.878,-2.3144,-2.3144,32.03,5.88,HOLD,维持
2023-04-18,16.83,122.78,396.5877,312.6329,61.1173,38.6099,73.1005,137.5406,101.75,,,3.58,1.3,-0.16,34.48,,-2.27,-5.3506,-7.2056,-5.4907,3.1456,3.3605,,,-1.4814,11.0,-3.0,-6.9714,65.4857,cnn,3,5,2,10,0.6667,1,0,0,1,normal,Normal / Mild Pullback,False,12.1625,-1.9628,11.4776,-0.8136,15.7739,-0.956,13.7613,8.8696,11.8844,-2.378,-2.378,31.91,5.82,HOLD,维持
2023-04-19,16.46,124.02,396.5207,312.4859,60.8732,40.1314,72.831,137.5784,101.97,,,3.6,1.32,-0.16,34.48,,-2.63,-5.3666,-7.2493,-5.5125,1.6227,1.8212,,,-1.2493,1.0,-4.0,-7.3573,67.2571,cnn,3,5,2,10,0.6667,1,0,0,1,normal,Normal / Mild Pullback,False,11.53,-2.3615,10.9826,-1.4778,16.0547,0.2632,14.4653,9.2661,11.8871,-2.3615,-2.3615,32.15,5.85,HOLD,维持
2023-04-20,17.17,120.61,394.3569,310.1034,60.8163,39.3797,72.7834,136.8229,101.84,,,3.54,1.28,-0.16,35.1266,,-0.63,-5.8132,-6.5941,-5.3954,1.4316,1.6426,,,-0.4983,6.0,8.0,-4.7342,64.0571,cnn,3,5,2,10,0.6667,1,0,0,1,normal,Normal / Mild Pullback,False,9.5717,0.1287,20.4527,-1.6388,16.1888,1.7845,14.6777,10.682,11.8584,-1.8258,-1.8258,32.39,5.73,HOLD,维持
2023-04-21,16.77,120.84,394.6632,310.4269,61.0034,38.8816,72.9816,136.8606,101.82,,,3.57,1.29,-0.174,35.1266,,-0.3,-4.3091,-4.5211,-5.6227,2.1437,2.2573,,,-0.6925,19.0,10.0,-3.0586,63.5143,cnn,3,5,2,10,0.6667,1,0,0,1,normal,Normal / Mild Pullback,False,9.5901,0.9049,21.2937,0.1043,19.0718,1.5575,14.7013,10.842,11.8574,-1.902,-1.902,28.39,5.96,HOLD,维持
2023-04-24,16.89,126.28,395.0749,309.7798,61.1742,38.6823,73.1956,137.1157,101.35,,,3.52,1.24,-0.174,35.1266,,-0.06,-2.7656,-4.5918,-5.2686,2.6386,2.8413,,,-1.7165,14.0,8.0,-5.8759,63.4857,cnn,3,5,2,10,0.6667,1,0,0,1,normal,Normal / Mild Pullback,False,9.4705,0.698,21.3895,0.0267,19.0651,1.4929,14.7015,9.9919,11.9804,-2.0042,-2.0042,25.83,5.6,HOLD,维持
2023-04-25,18.76,137.13,388.8036,303.9361,61.0766,37.0521,73.0608,134.783,101.86,,,3.4,1.15,-0.174,35.1266,,1.93,-4.3091,-6.3915,-5.3369,2.7259,2.8114,,,-0.9722,-13.0,-14.0,-9.0117,57.0571,cnn,3,5,2,10,0.6667,1,1,0,2,normal,Normal / Mild Pullback,False,11.4227,1.1722,19.1227,1.1944,17.1246,1.9725,14.0711,11.7661,11.4123,-0.4236,-0.4236,28.74,16.19,HOLD,维持
2023-04-26,18.84,130.39,387.1568,305.7795,60.8407,37.2785,72.7755,133.3759,101.47,,,3.43,1.18,-0.174,35.1266,,2.38,-4.7144,-5.8238,-6.1108,2.385,2.4326,,,-0.9372,-12.0,-6.0,-8.189,52.4,cnn,3,5,2,10,0.6667,1,1,0,2,normal,Normal / Mild Pullback,False,11.5242,0.9051,19.7761,2.0996,16.916,1.6644,14.2598,12.7429,11.3529,0.1904,0.1904,28.72,15.73,HOLD,维持
2023-04-27,17.03,122.43,394.8643,314.0939,61.0441,37.9759,73.0212,135.5668,101.5,,,3.53,1.26,-0.174,38.5057,,-0.14,-2.8175,-3.2631,-6.6387,1.4552,1.5831,,,-1.1107,-4.0,2.0,-7.9505,58.3143,cnn,3,5,2,10,0.6667,1,0,0,1,normal,Normal / Mild Pullback,False,12.4725,-1.7652,12.1813,-0.0679,13.7941,0.5432,12.778,10.844,10.738,-1.7652,-1.7652,24.91,6.97,HOLD,维持
2023-04-28,15.78,122.46,398.2345,316.2607,61.3044,38.637,73.3066,137.0684,101.67,,,3.44,1.26,-0.186,38.5057,,-0.99,-1.988,-2.5957,-6.3653,1.2881,1.3131,,,-0.4602,-11.0,5.0,-4.6612,59.4286,cnn,3,5,2,10,0.6667,1,0,0,1,normal,Normal / Mild Pullback,False,12.635,-0.7934,18.6233,-1.0434,12.9409,0.9833,13.2369,9.9228,10.6486,-2.5966,-2.5966,22.85,6.81,HOLD,维持
2023-05-01,16.08,128.18,397.8324,315.8979,61.0233,37.5502,72.9878,136.9456,102.15,,,3.59,1.36,-0.186,38.5057,,-0.81,-2.087,-2.7075,-6.0214,-0.2572,-0.3012,,,-0.3512,11.0,20.0,-6.8642,59.4286,cnn,3,5,2,10,0.6667,1,0,0,1,normal,Normal / Mild Pullback,False,11.7482,-0.6666,18.6705,-0.6017,13.1363,1.1239,13.2252,9.3044,10.7693,-2.4981,-2.4981,23.97,6.35,HOLD,维持
2023-05-02,17.78,137.55,393.3611,313.1428,60.9661,35.1954,72.9639,134.8963,101.96,,,3.44,1.24,-0.186,38.5057,,-0.98,-3.1874,-3.556,-6.2208,-0.2738,-0.2518,,,-0.1273,1.0,10.0,-10.4368,55.5143,cnn,3,5,2,10,0.6667,1,1,0,2,normal,Normal / Mild Pullback,False,12.4263,0.0219,16.9087,-0.1436,12.2614,1.7063,12.6884,11.6292,10.5638,-1.3898,-1.3898,24.09,19.21,HOLD,维持
2023-05-03,18.34,134.5,390.661,311.0936,60.9335,34.5614,72.8762,134.1125,101.34,,,3.38,1.18,-0.186,38.5057,,-0.5,-3.8519,-4.1871,-6.032,-0.0346,-0.0249,,,-0.2461,3.0,8.0,-9.9416,54.6286,cnn,3,5,2,10,0.6667,1,1,0,2,normal,Normal / Mild Pullback,False,12.5129,1.1838,15.8828,1.7671,13.0111,3.3822,12.6934,12.6147,10.4063,-0.7083,-0.7083,25.31,18.28,HOLD,维持
2023-05-04,20.09,140.71,387.894,309.9955,60.7537,32.6776,72.6611,132.8376,101.4,,,3.37,1.18,-0.186,44.898,,3.06,-4.533,-4.5253,-5.9145,0.2323,0.2467,,,-0.4418,7.0,11.0,-13.592,49.6,cnn,3,5,2,10,0.6667,2,1,1,4,normal,Normal / Mild Pullback,False,12.7329,1.7278,14.2416,3.4804,12.5178,5.6253,13.0091,13.0935,10.2836,1.2638,1.2638,36.48,25.64,HOLD,维持
2023-05-05,17.19,130.21,395.0749,316.5842,61.0806,34.7335,73.0356,135.0758,101.21,,,3.44,1.23,-0.196,44.898,,1.41,-2.7656,-2.4961,-6.1716,0.3272,0.2809,,,-0.5991,14.0,17.0,-10.7898,53.8857,cnn,3,5,2,10,0.6667,1,1,1,3,normal,Normal / Mild Pullback,False,14.325,-0.252,5.3012,1.4517,9.4886,3.5068,11.7082,9.4933,10.2316,-0.5768,-0.5768,26.98,20.05,HOLD,维持
2023-05-08,16.98,135.07,395.1802,317.3686,60.909,34.0361,72.8922,134.8302,101.37,,,3.52,1.29,-0.196,44.898,,0.9,-2.7397,-2.2545,-6.3215,0.139,0.2804,,,-1.1796,11.0,15.0,-12.9638,57.1429,cnn,3,5,2,10,0.6667,1,1,1,3,normal,Normal / Mild Pullback,False,14.3236,0.0654,6.0232,1.4658,9.484,3.7045,11.6963,9.1504,10.268,-0.6033,-0.6033,27.23,23.46,HOLD,维持
2023-05-09,17.71,133.93,393.4473,315.3587,60.7537,33.8912,72.7169,134.3297,101.64,,,3.53,1.3,-0.196,44.898,,-0.07,-3.1662,-2.8735,-6.3258,-0.3295,-0.2436,,,-0.5479,10.0,16.0,-13.1724,59.5714,cnn,3,5,2,10,0.6667,1,1,1,3,normal,Normal / Mild Pullback,False,14.4249,-0.1655,7.2209,0.769,11.1575,3.8011,11.6352,9.1353,10.2714,-0.1655,-0.1655,27.63,23.88,HOLD,维持
2023-05-10,16.94,125.6,395.2856,318.7903,61.1214,33.5651,73.1472,134.3108,101.48,,,3.43,1.26,-0.196,44.898,,-1.4,-2.7138,-1.8166,-6.7244,0.3003,0.4122,,,-0.0197,2.0,12.0,-13.8139,59.9714,cnn,3,5,2,10,0.6667,1,1,1,3,normal,Normal / Mild Pullback,False,14.4163,0.5765,11.2407,-0.4263,11.5906,3.9433,11.6888,9.5759,10.358,-0.6298,-0.6298,25.02,25.24,HOLD,维持
2023-05-11,16.93,128.21,394.5962,319.8297,61.0233,32.7319,73.0436,133.6403,102.06,,,3.39,1.23,-0.196,41.2214,,-3.16,-2.8834,-1.4965,-6.8938,-0.5376,-0.4878,,,1.0395,-6.0,7.0,-15.9733,59.0571,cnn,3,5,2,10,0.6667,1,2,1,4,normal,Normal / Mild Pullback,False,13.6317,1.7228,12.2369,0.6115,12.4007,4.3117,11.6083,9.29,10.4069,-0.4562,-0.4562,20.64,37.19,HOLD,维持
2023-05-12,17.03,120.52,394.0792,318.6825,60.8027,32.9402,72.7726,133.6497,102.68,,,3.46,1.28,-0.203,41.2214,,-0.16,-3.0107,-1.8499,-6.9022,-0.7129,-0.6101,,,1.1127,-6.0,6.0,-13.8575,57.3429,cnn,3,5,2,10,0.6667,1,1,1,3,normal,Normal / Mild Pullback,False,13.6121,1.708,12.2725,2.0481,13.7545,5.3962,11.7831,8.7018,10.5268,-0.3256,-0.3256,23.89,25.02,HOLD,维持
2023-05-15,17.12,127.89,395.4387,320.408,60.7864,33.9818,72.7886,134.4052,102.43,,,3.5,1.31,-0.203,41.2214,,0.14,-2.6761,-1.3184,-6.9307,-0.4751,-0.3186,,,0.3232,-10.0,3.0,-13.6918,57.2571,cnn,3,5,2,10,0.6667,1,1,1,3,normal,Normal / Mild Pullback,False,13.6072,1.3995,12.4518,1.7361,13.7521,5.7263,11.8639,8.367,10.5201,-0.6683,-0.6683,24.17,24.8,HOLD,维持
2023-05-16,17.99,130.3,392.7962,320.7709,60.3615,33.4746,72.2706,132.507,102.56,,,3.54,1.35,-0.203,41.2214,,0.28,-3.3265,-1.2066,-7.6634,-1.2366,-1.1353,,,0.7961,-4.0,5.0,-12.4636,55.2857,cnn,3,5,2,10,0.6667,1,1,1,3,normal,Normal / Mild Pullback,False,13.8027,0.936,14.8451,1.8525,13.5666,6.5643,11.346,9.0324,10.3942,0.2048,0.2048,26.01,23.69,HOLD,维持
2023-05-17,16.87,120.78,397.5643,324.6535,60.525,35.9381,72.4379,134.188,102.88,,,3.57,1.35,-0.203,41.2214,,-0.07,-2.1529,-0.0108,-7.457,-0.5721,-0.5397,,,0.8924,-3.0,3.0,-10.6842,60.2571,cnn,3,5,2,10,0.6667,1,1,1,3,normal,Normal / Mild Pullback,False,14.5087,-0.997,12.6591,1.5871,13.0697,6.5916,11.3729,8.3194,10.1928,-0.997,-0.997,21.4,21.38,HOLD,维持
2023-05-18,16.05,122.5,401.3941,330.6834,60.5576,36.1554,72.4698,135.2741,103.58,,,3.65,1.42,-0.203,39.7306,,-0.88,-1.2104,0.0,-7.613,-0.4254,-0.4309,,,1.7086,11.0,14.0,-9.7973,64.9143,cnn,3,5,2,10,0.6667,1,1,0,2,normal,Normal / Mild Pullback,False,14.7196,-1.0925,12.1093,2.0728,14.0696,5.2149,11.3394,6.0361,10.389,-1.9417,-1.9417,16.24,20.43,HOLD,维持
2023-05-19,16.81,127.51,400.8101,329.9383,60.623,35.5124,72.5096,134.9152,103.2,,,3.7,1.46,-0.208,39.7306,,-0.22,-1.3541,-0.2253,-7.5774,-0.6236,-0.6467,,,1.3553,13.0,17.0,-10.066,65.4571,cnn,3,5,2,10,0.6667,1,1,0,2,normal,Normal / Mild Pullback,False,14.7439,0.3344,16.2298,2.0257,14.1038,4.8215,11.5897,5.4114,10.5179,-1.7988,-1.7988,17.38,20.83,HOLD,维持
2023-05-22,17.21,132.29,400.9729,331.0461,60.8926,36.6445,72.8284,135.123,103.2,,,3.72,1.48,-0.208,39.7306,,0.09,-1.314,0.0,-7.6694,-0.4604,-0.5017,,,1.8254,20.0,24.0,-6.6615,67.8571,cnn,3,5,2,10,0.6667,1,0,0,1,normal,Normal / Mild Pullback,False,14.7443,0.3319,16.2301,2.2063,14.0755,4.2421,11.8768,4.5657,10.6619,-1.8386,-1.8386,21.99,8.82,HOLD,维持
2023-05-23,18.53,131.7,396.4728,326.8498,60.574,37.0068,72.4698,133.6781,103.49,,,3.7,1.44,-0.208,39.7306,,0.54,-2.4216,-1.2676,-7.4188,-0.823,-0.8089,,,1.6002,30.0,29.0,-2.0542,65.8,cnn,3,5,2,10,0.6667,1,0,0,1,normal,Normal / Mild Pullback,False,14.127,0.908,13.9188,3.009,12.4313,5.8058,10.7801,5.8034,10.3634,-0.7245,-0.7245,25.08,7.89,HOLD,维持
2023-05-24,20.03,132.29,393.6005,325.1732,60.1491,36.3456,71.9598,132.2237,103.89,,,3.73,1.48,-0.208,39.7306,,3.16,-3.1285,-1.7741,-7.8291,-1.1367,-1.1209,,,2.3849,30.0,30.0,-4.0986,61.8286,cnn,3,5,2,10,0.6667,2,0,0,2,normal,Normal / Mild Pullback,False,14.3144,2.6101,11.9751,4.3883,11.0851,5.7723,10.8201,7.269,10.281,0.866,0.866,30.82,10.51,HOLD,维持
2023-05-25,19.14,139.54,397.009,333.0856,60.1083,36.0467,71.8881,132.1387,104.21,,,3.83,1.58,-0.208,39.6923,,3.09,-2.2896,0.0,-8.8617,-1.533,-1.5518,,,2.6699,30.0,32.0,-5.5927,62.6857,cnn,3,5,2,10,0.6667,1,0,0,1,normal,Normal / Mild Pullback,False,12.8071,3.2003,13.6031,3.6778,10.8665,4.4357,10.8549,6.0599,10.192,0.7717,0.7717,27.18,9.19,HOLD,维持
2023-05-26,17.95,145.37,402.1505,341.596,60.4759,36.4905,72.3423,133.2437,104.21,,,3.8,1.57,-0.211,39.6923,,1.14,-1.0242,0.0,-9.2819,-1.3514,-1.3154,,,2.4983,36.0,31.0,-6.4752,65.7143,cnn,3,5,2,10,0.6667,1,0,0,1,normal,Normal / Mild Pullback,False,13.2711,1.6856,13.1484,3.2808,10.0949,4.2308,10.618,5.8701,10.1091,-0.5166,-0.5166,24.0,9.61,HOLD,维持
2023-05-30,17.46,141.36,402.3037,343.1452,60.7374,36.4181,72.6451,133.0075,104.17,,,3.69,1.47,-0.211,39.6923,,0.25,-0.9865,0.0,-9.2984,-0.4686,-0.4695,,,1.9775,10.0,11.0,-4.0929,66.0857,cnn,3,5,2,10,0.6667,1,0,0,1,normal,Normal / Mild Pullback,False,13.259,1.8682,12.954,3.9221,10.0843,4.2437,10.6155,4.3631,10.5605,-0.5545,-0.5545,22.74,9.63,HOLD,维持
2023-05-31,17.94,136.02,400.0728,341.1941,60.5495,35.295,72.3901,131.8459,104.32,,,3.64,1.46,-0.211,39.6923,,-0.59,-1.5355,-0.5686,-9.0888,-0.6834,-0.7863,,,2.3146,20.0,22.0,-1.3993,64.1714,cnn,3,5,2,10,0.6667,1,0,0,1,normal,Normal / Mild Pullback,False,12.7286,2.0821,12.0642,4.6261,8.8098,5.2381,10.2376,5.6849,10.5562,0.9501,0.9501,23.18,9.42,HOLD,维持
2023-06-01,15.65,124.63,403.874,345.1355,60.9131,36.0105,72.8742,132.8376,103.56,,,3.61,1.45,-0.211,36.8243,,-4.38,-0.6,0.0,-9.1937,-0.0334,-0.0028,,,2.1906,23.0,27.0,0.7841,68.0571,cnn,3,5,2,10,0.6667,1,0,0,1,normal,Normal / Mild Pullback,False,12.7341,1.733,11.3328,4.9263,9.3594,5.4778,10.4703,5.3541,10.4671,1.1213,1.1213,19.21,9.7,HOLD,维持
2023-06-02,14.6,120.95,409.7143,347.7239,61.2251,38.2295,73.2429,135.7368,104.02,,,3.69,1.51,-0.213,36.8243,,-4.54,0.0,0.0,-8.5786,0.7759,0.8008,,,2.5838,32.0,33.0,10.7594,75.4286,cnn,3,5,2,10,0.6667,1,0,0,1,normal,Normal / Mild Pullback,False,13.0566,0.4627,5.9248,3.0783,8.4942,4.0939,9.5209,5.3535,10.4668,-0.3201,-0.3201,17.34,15.78,HOLD,维持
2023-06-05,14.73,119.08,408.9293,347.9691,61.1758,37.2423,73.1548,135.2741,104.0,,,3.69,1.5,-0.213,36.8243,,-3.22,-0.1916,0.0,-8.3766,0.156,0.1632,,,2.7566,25.0,27.0,3.5903,69.4857,cnn,3,5,2,10,0.6667,0,0,0,0,normal,Normal / Mild Pullback,False,11.7372,1.5687,7.5051,2.7403,9.1636,4.1386,9.4987,5.9905,10.4712,-0.1288,-0.1288,15.42,7.34,HOLD,维持
2023-06-06,13.96,114.42,409.8197,347.9103,61.2744,39.0899,73.3151,136.1901,104.13,,,3.7,1.5,-0.213,36.8243,,-3.5,0.0,-0.0169,-7.3279,0.5999,0.5802,,,2.7227,18.0,21.0,10.7457,73.5143,cnn,3,5,2,10,0.6667,0,0,0,0,normal,Normal / Mild Pullback,False,11.7248,2.0162,7.802,1.9918,9.9804,3.0987,10.1254,5.6054,10.4798,-0.3458,-0.3458,15.01,12.09,HOLD,维持
2023-06-07,13.94,120.5,408.4027,342.0079,60.9378,40.385,72.9383,137.1912,104.1,,,3.79,1.58,-0.213,36.8243,,-4.0,-0.3458,-1.7131,-5.2968,0.3029,0.3046,,,2.4203,26.0,28.0,14.7973,74.4571,cnn,3,5,2,10,0.6667,1,0,0,1,normal,Normal / Mild Pullback,False,11.6638,2.4921,5.2979,2.7151,9.5227,3.1952,10.0696,6.1695,10.4417,0.6048,0.6048,18.64,12.44,HOLD,维持
2023-06-08,13.65,115.11,410.873,346.2533,61.3236,39.905,73.4112,137.2479,103.34,,,3.73,1.53,-0.213,24.2991,,-2.0,0.0,-0.4931,-5.5973,0.3309,0.361,,,1.8329,30.0,27.0,14.378,75.7714,cnn,3,5,2,10,0.6667,0,0,0,0,normal,Normal / Mild Pullback,False,11.7174,3.1389,7.5361,1.3257,10.5765,2.8344,9.9398,5.0751,10.4443,0.1794,0.1794,15.17,11.41,HOLD,维持
2023-06-09,13.83,115.77,411.6102,347.5769,61.34,39.3616,73.4193,137.0873,103.56,,,3.75,1.55,-0.215,24.2991,,-0.77,0.0,-0.1127,-5.1371,0.5189,0.5144,,,1.4697,36.0,32.0,15.2838,76.9714,cnn,3,5,2,10,0.6667,0,0,0,0,normal,Normal / Mild Pullback,False,11.6361,2.6035,9.9612,0.731,10.9099,3.3039,10.0942,4.1818,10.5565,0.731,0.731,15.04,11.34,HOLD,维持
2023-06-12,15.01,119.8,415.3443,353.45,61.2744,39.0718,73.3712,137.9939,103.63,,,3.73,1.56,-0.215,24.2991,,0.28,0.0,0.0,-4.8533,0.7757,0.8225,,,0.9252,27.0,28.0,12.5413,78.0571,cnn,3,5,2,10,0.6667,0,0,0,0,normal,Normal / Mild Pullback,False,11.8103,1.1535,11.4696,0.9198,11.3409,3.1989,10.0012,2.9282,10.4385,-0.1746,-0.1746,15.18,11.05,HOLD,维持
2023-06-13,14.61,118.8,418.0826,356.1659,61.3482,39.9775,73.4754,139.3255,103.34,,,3.84,1.64,-0.215,24.2991,,0.65,0.0,0.0,-4.0607,0.9243,0.9436,,,0.8884,34.0,33.0,11.2722,79.6286,cnn,3,5,2,10,0.6667,0,0,0,0,normal,Normal / Mild Pullback,False,11.8906,-0.0239,11.7276,0.3094,10.8939,3.3367,10.1004,2.408,10.3636,-0.8284,-0.8284,15.42,11.88,HOLD,维持/再平衡，不追高
2023-06-14,13.88,114.37,418.5805,358.7543,61.3729,38.8091,73.5315,139.0611,103.01,,,3.83,1.62,-0.215,24.2991,,-0.06,0.0,0.0,-4.6732,1.6755,1.7447,,,0.4388,29.0,27.0,8.7945,79.6286,cnn,3,5,2,10,0.6667,0,0,0,0,normal,Normal / Mild Pullback,False,11.3738,0.2176,12.0098,0.585,11.0421,3.1495,10.1316,2.9589,10.4392,-0.9464,-0.9464,15.0,12.24,HOLD,维持/再平衡，不追高
2023-06-15,14.5,107.34,423.7699,363.0292,61.6684,39.5518,73.8681,140.6665,102.12,,,3.72,1.51,-0.215,22.6981,,0.85,0.0,0.0,-4.776,1.8892,1.9743,,,-0.7387,15.0,16.0,3.2497,80.8857,cnn,3,5,2,10,0.6667,0,0,0,0,normal,Normal / Mild Pullback,False,11.4011,-1.758,6.7698,0.5257,10.8691,2.2401,9.3396,1.1402,10.2126,-2.1594,-2.1594,15.55,12.44,HOLD,维持/再平衡，不追高
2023-06-16,13.54,104.43,422.3265,360.7447,61.5124,39.0084,73.6677,140.5532,102.3,,,3.77,1.55,-0.217,22.6981,,-0.29,-0.3406,-0.6293,-3.9963,1.5766,1.653,,,-1.2358,12.0,13.0,2.5432,81.2571,cnn,3,5,2,10,0.6667,0,0,0,0,normal,Normal / Mild Pullback,False,11.3679,-1.825,6.7785,0.9853,10.6455,3.3518,9.434,1.6042,10.1868,-1.825,-1.825,15.97,13.07,HOLD,维持/再平衡，不追高
2023-06-20,13.88,104.43,420.1353,360.2282,61.3482,38.5047,73.4754,139.2746,102.54,,,3.74,1.52,-0.217,22.6981,,-1.13,-0.8577,-0.7716,-3.7938,1.1963,1.3319,,,-0.6395,4.0,6.0,3.4387,80.1143,cnn,3,5,2,10,0.6667,0,0,0,0,normal,Normal / Mild Pullback,False,11.6177,-0.231,12.0777,1.361,10.1953,4.1219,9.0804,3.0148,10.2623,-1.313,-1.313,17.16,12.44,HOLD,维持/再平衡，不追高
2023-06-21,13.2,110.84,417.9826,355.3191,61.1923,37.9105,73.299,139.0755,102.07,,,3.72,1.51,-0.217,22.6981,,-1.41,-1.3657,-2.1238,-3.624,0.4921,0.6463,,,-1.095,0.0,3.0,-0.7554,80.1143,cnn,3,5,2,10,0.6667,0,0,0,0,normal,Normal / Mild Pullback,False,11.9048,0.3334,11.3439,1.0852,10.7571,3.9638,9.2536,2.2978,10.5225,-0.8047,-0.8047,18.75,12.78,HOLD,维持/再平衡，不追高
2023-06-22,12.91,107.7,419.4914,359.5115,61.0117,36.7129,73.0826,138.5064,102.39,,,3.8,1.56,-0.217,27.7551,,-0.97,-1.0096,-0.969,-4.8169,0.7226,0.8456,,,-1.0629,10.0,12.0,-6.2378,80.0571,cnn,3,5,2,10,0.6667,0,0,0,0,normal,Normal / Mild Pullback,False,10.8167,0.3665,11.4,0.4674,10.7946,3.5898,9.2563,1.9896,10.5012,-1.1615,-1.1615,17.56,12.9,HOLD,维持/再平衡，不追高
2023-06-23,13.44,105.74,416.3201,355.9475,60.9049,36.1827,72.8582,137.3113,102.9,,,3.74,1.53,-0.221,27.7551,,-1.06,-1.758,-1.9507,-5.3229,1.2566,1.2485,,,-0.9529,1.0,5.0,-5.8811,75.7143,cnn,3,5,2,10,0.6667,0,0,0,0,normal,Normal / Mild Pullback,False,10.8562,2.3245,10.7491,1.4889,9.8326,4.8452,8.6069,2.5534,10.3838,-0.4086,-0.4086,19.55,11.22,HOLD,维持
2023-06-26,14.25,109.02,414.6191,351.1759,60.9378,36.6398,72.9945,138.146,102.69,,,3.72,1.54,-0.221,27.7551,,0.71,-2.1594,-3.2651,-4.4033,1.38,1.5391,,,-1.4586,-11.0,-4.0,-2.672,73.4571,cnn,3,5,2,10,0.6667,0,0,0,0,normal,Normal / Mild Pullback,False,10.8914,2.8625,8.4844,2.5542,9.5695,5.5628,8.2616,2.0274,10.5317,1.0963,1.0963,21.35,5.59,HOLD,维持
2023-06-27,13.74,110.85,419.1647,357.214,61.143,37.2614,73.2109,139.8343,102.49,,,3.77,1.57,-0.221,27.7551,,-0.14,-1.0867,-1.6019,-4.1967,1.103,1.2006,,,-1.6505,-3.0,0.0,-2.0323,75.4857,cnn,3,5,2,10,0.6667,0,0,0,0,normal,Normal / Mild Pullback,False,10.6513,1.5957,8.2016,2.2583,8.9508,4.434,7.7098,-0.747,10.8605,0.0505,-0.747,17.95,10.66,HOLD,维持
2023-06-28,13.43,108.3,419.3762,357.9111,61.496,37.0603,73.6357,139.5971,102.91,,,3.71,1.53,-0.221,27.7551,,0.23,-1.0368,-1.4098,-4.4678,1.249,1.3635,,,-1.2096,2.0,6.0,-2.3793,76.5143,cnn,3,5,2,10,0.6667,0,0,0,0,normal,Normal / Mild Pullback,False,10.6487,0.7493,11.428,3.0179,9.3143,3.6894,8.3099,-1.0201,10.8683,0.3941,-1.0201,17.92,11.22,HOLD,维持
2023-06-29,13.54,113.45,421.029,357.1944,61.3318,37.7551,73.4433,140.6879,103.34,,,3.85,1.65,-0.221,27.4699,,0.63,-0.6468,-1.6072,-3.8136,1.2921,1.4549,,,-0.9394,21.0,19.0,1.6456,79.2,cnn,3,5,2,10,0.6667,0,0,0,0,normal,Normal / Mild Pullback,False,10.2709,0.1004,11.4792,2.5496,9.4624,4.2935,8.7508,-0.9941,10.8727,0.1004,-1.4087,17.39,12.24,HOLD,维持/再平衡，不追高
2023-06-30,13.59,110.64,425.9975,362.7023,61.6273,37.3254,73.7639,141.9304,102.91,,,3.81,1.59,-0.227,27.4699,,0.15,0.0,-0.09,-3.6629,1.1725,1.2209,,,-0.6276,20.0,14.0,-1.7316,79.4857,cnn,3,5,2,10,0.6667,0,0,0,0,normal,Normal / Mild Pullback,False,10.5063,-0.8167,6.383,1.7055,8.0066,3.2733,7.9775,-3.5864,10.9916,-1.067,-3.5864,15.13,12.33,HOLD,维持/再平衡，不追高
2023-07-03,13.57,110.77,426.4876,363.5566,61.5308,38.1847,73.7188,142.2813,102.99,,,3.86,1.61,-0.227,27.4699,,-0.68,0.0,0.0,-3.5864,0.4993,0.6497,,,-0.9902,17.0,10.0,-4.0454,82.2286,cnn,3,5,2,10,0.6667,0,0,0,0,normal,Normal / Mild Pullback,False,9.5472,-0.2997,8.5228,2.3435,8.489,2.8595,8.1341,-3.6588,10.9875,-1.1807,-3.6972,15.0,13.44,HOLD,维持/再平衡，不追高
2023-07-05,14.18,110.53,425.8533,363.5468,61.341,37.6819,73.469,141.6743,103.37,,,3.95,1.69,-0.227,27.4699,,0.44,-0.1487,-0.0027,-3.5471,0.2699,0.4295,,,-0.6058,26.0,19.0,-2.8405,79.2571,cnn,3,5,2,10,0.6667,0,0,0,0,normal,Normal / Mild Pullback,False,9.5249,0.6522,10.3688,2.7238,8.2236,1.5797,9.7744,-2.9559,11.0637,-1.0335,-3.5538,15.61,11.95,HOLD,维持/再平衡，不追高
2023-07-06,15.44,134.63,422.5186,360.778,60.8953,37.106,72.9452,140.5172,103.17,,,4.05,1.78,-0.227,24.4845,,2.01,-0.9306,-0.7643,-4.0642,-0.6187,-0.5045,,,-0.9219,35.0,28.0,-7.9282,77.9143,cnn,3,5,2,10,0.6667,1,0,0,1,normal,Normal / Mild Pullback,False,10.1488,2.2518,7.1271,2.8477,7.8022,2.088,9.3398,-2.4273,10.9649,-0.2525,-2.7925,23.02,12.78,HOLD,维持
2023-07-07,14.83,130.41,421.4519,359.5802,60.953,37.9105,73.0016,140.8681,102.27,,,4.06,1.79,-0.236,24.4845,,1.29,-1.1807,-1.0937,-4.181,0.025,0.0867,,,-1.7579,27.0,21.0,-9.034,77.6857,cnn,3,5,2,10,0.6667,1,1,0,2,normal,Normal / Mild Pullback,False,10.093,2.4467,5.9892,3.108,7.4116,1.8835,9.4675,-2.2193,10.956,0.2531,-2.5465,18.58,23.54,HOLD,维持
2023-07-10,15.07,131.73,422.5186,359.698,61.2584,38.2121,73.34,142.1296,101.97,,,4.01,1.76,-0.236,24.4845,,1.48,-0.9306,-1.0613,-3.4938,-0.1064,-0.097,,,-1.3257,28.0,23.0,-6.8816,76.6857,cnn,3,5,2,10,0.6667,1,0,0,1,normal,Normal / Mild Pullback,False,9.9635,2.5429,5.7954,3.3071,7.4361,2.5133,9.8502,-3.7717,11.2617,0.6369,-3.7717,22.34,12.47,HOLD,维持
2023-07-11,14.84,127.07,425.2095,361.4752,61.5886,38.7241,73.7188,143.7325,101.73,,,3.99,1.75,-0.236,24.4845,,1.27,-0.2997,-0.5725,-2.4855,0.4052,0.4079,,,-1.7671,24.0,20.0,-4.7661,78.2857,cnn,3,5,2,10,0.6667,1,0,0,1,normal,Normal / Mild Pullback,False,10.1176,2.6511,5.9925,2.9336,7.2335,1.4216,9.8471,-3.6844,11.2872,0.8046,-4.3807,19.95,13.23,HOLD,维持
2023-07-12,13.54,114.07,428.6307,366.0406,62.0673,39.5011,74.3232,144.3964,100.52,,,3.86,1.6,-0.236,24.4845,,-0.64,0.0,0.0,-2.6121,1.294,1.2975,,,-3.0011,13.0,4.0,-2.0349,78.1714,cnn,3,5,2,10,0.6667,0,0,0,0,normal,Normal / Mild Pullback,False,10.0238,2.0582,5.7032,2.1277,6.7339,-0.0605,9.7843,-4.4892,11.143,-0.0605,-5.1439,15.0,11.83,HOLD,维持/再平衡，不追高
2023-07-13,13.61,111.75,432.0327,372.2554,62.4387,40.1776,74.7744,145.0794,99.77,,,3.76,1.52,-0.236,25.8721,,-1.83,0.0,0.0,-3.2293,1.7775,1.768,,,-3.4546,-8.0,-12.0,-2.7445,79.4,cnn,3,5,2,10,0.6667,0,0,0,0,normal,Normal / Mild Pullback,False,10.1235,0.5828,8.3133,0.6517,7.1739,-0.8119,9.3286,-4.1162,11.3,-0.8475,-5.8908,15.0,12.29,HOLD,维持/再平衡，不追高
2023-07-14,13.34,112.48,431.7636,372.1769,61.9847,39.428,74.2507,144.2257,99.91,,,3.83,1.59,-0.249,25.8721,,-1.49,-0.0623,-0.0211,-3.6825,0.9969,0.9781,,,-3.0094,0.0,-3.0,-1.5074,79.8,cnn,3,5,2,10,0.6667,0,0,0,0,normal,Normal / Mild Pullback,False,10.1551,0.6455,8.2404,1.7005,8.4353,-0.808,9.3285,-3.4422,11.3929,-0.808,-5.8322,15.14,12.58,HOLD,维持/再平衡，不追高
2023-07-17,13.48,113.5,433.2628,375.6525,62.1003,40.1136,74.3957,144.5008,99.84,,,3.81,1.56,-0.249,25.8721,,-1.59,0.0,0.0,-3.8754,0.7003,0.7142,,,-2.2327,9.0,5.0,-0.8017,80.0286,cnn,3,5,2,10,0.6667,0,0,0,0,normal,Normal / Mild Pullback,False,9.3558,0.7453,8.4333,1.5416,8.3793,-0.6055,9.4678,-3.2755,11.4245,-1.1512,-6.158,15.0,12.6,HOLD,维持/再平衡，不追高
2023-07-18,13.3,112.45,436.4821,378.7256,62.2736,41.8048,74.5811,145.3923,99.94,,,3.8,1.57,-0.249,25.8721,,-1.54,0.0,0.0,-3.9924,1.2375,1.2398,,,-2.3069,3.0,2.0,3.6932,81.6857,cnn,3,5,2,10,0.6667,0,0,0,0,normal,Normal / Mild Pullback,False,9.4501,0.2752,6.8754,0.5042,7.9379,-2.488,9.8293,-3.5956,11.3458,-2.488,-6.8502,15.0,13.36,HOLD,维持/再平衡，不追高
2023-07-19,13.76,107.19,437.4528,378.6373,62.3231,43.1029,74.6455,146.1132,100.28,,,3.75,1.53,-0.249,25.8721,,0.22,0.0,-0.0233,-3.6822,1.5891,1.5926,,,-2.204,1.0,1.0,7.5106,82.3429,cnn,3,5,2,10,0.6667,0,0,0,0,normal,Normal / Mild Pullback,False,9.0966,0.0681,6.7135,-1.1138,10.6664,-3.4183,9.9671,-4.3959,11.3855,-3.4183,-7.0569,15.15,13.39,HOLD,维持/再平衡，不追高
2023-07-20,13.99,112.85,434.5505,369.9089,62.0507,42.9384,74.3474,145.9614,100.88,,,3.85,1.5,-0.249,21.4932,,0.38,-0.6634,-2.328,-3.219,1.4029,1.4302,,,-1.1659,13.0,-1.0,8.9443,80.8571,cnn,3,5,2,10,0.6667,0,0,0,0,normal,Normal / Mild Pullback,False,9.2685,0.0686,6.7106,-0.7386,10.2784,-3.5141,10.038,-4.2368,11.3537,-3.5141,-6.4361,17.52,12.68,HOLD,维持/再平衡，不追高
2023-07-21,13.6,106.66,434.5505,368.7994,62.2076,42.399,74.5085,146.1701,101.07,,,3.84,1.49,-0.263,21.4932,,0.26,-0.6634,-2.6209,-2.9684,1.9602,1.9511,,,-1.2892,4.0,-7.0,11.4859,81.0286,cnn,3,5,2,10,0.6667,0,0,0,0,normal,Normal / Mild Pullback,False,9.2719,1.0483,9.5493,-1.1876,10.4375,-3.4677,10.0508,-3.2292,11.5824,-3.5141,-6.4361,17.55,12.94,HOLD,维持/再平衡，不追高
2023-07-24,13.91,109.95,436.4918,369.3886,62.1003,43.4686,74.3715,146.5779,101.35,,,3.86,1.48,-0.263,21.4932,,0.43,-0.2197,-2.4654,-2.523,1.9626,2.0771,,,-1.5063,12.0,-5.0,14.5845,82.5143,cnn,3,5,2,10,0.6667,0,0,0,0,normal,Normal / Mild Pullback,False,8.6252,0.7904,9.319,-0.7684,11.2631,-3.2717,10.2413,-3.664,11.536,-3.9432,-6.8522,16.63,13.38,HOLD,维持/再平衡，不追高
2023-07-25,13.86,113.02,437.6834,371.8922,62.059,42.6458,74.3232,146.6823,101.35,,,3.91,1.52,-0.263,21.4932,,0.56,0.0,-1.8043,-2.386,1.84,1.8203,,,-1.3049,19.0,-2.0,10.2588,81.2286,cnn,3,5,2,10,0.6667,0,0,0,0,normal,Normal / Mild Pullback,False,8.2796,0.2284,9.7206,-1.4689,11.2084,-3.7963,10.1133,-5.2065,11.807,-4.2047,-7.1058,16.0,12.89,HOLD,维持/再平衡，不追高
2023-07-26,13.19,104.88,437.7506,370.6551,62.3066,44.6661,74.6616,147.0143,100.89,,,3.86,1.5,-0.263,21.4932,,-0.57,0.0,-2.131,-2.426,1.9031,1.9816,,,-1.5611,9.0,-7.0,14.7829,80.6,cnn,3,5,2,10,0.6667,0,0,0,0,normal,Normal / Mild Pullback,False,7.7232,-1.1811,14.1765,-2.1426,11.455,-2.7398,11.1068,-6.0538,11.9159,-4.2194,-7.1201,15.75,12.98,HOLD,维持/再平衡，不追高
2023-07-27,14.41,111.15,434.8484,369.7715,61.8114,43.9074,74.0814,145.7243,101.77,,,4.01,1.64,-0.263,24.1164,,0.42,-0.663,-2.3643,-2.6477,0.5128,0.6054,,,-1.1078,30.0,11.0,14.2601,77.6571,cnn,3,5,2,10,0.6667,0,0,0,0,normal,Normal / Mild Pullback,False,8.3209,-0.8066,13.7043,-1.4542,11.2245,-3.4476,11.844,-6.589,12.0871,-3.5802,-6.589,17.56,11.19,HOLD,维持
2023-07-28,13.33,109.76,439.1057,376.5067,62.1663,44.5382,74.5085,146.4452,101.62,,,3.96,1.58,-0.279,24.1164,,-0.27,0.0,-0.5859,-2.7483,1.3606,1.4504,,,-1.6644,11.0,-7.0,13.1098,76.9143,cnn,3,5,2,10,0.6667,0,0,0,0,normal,Normal / Mild Pullback,False,8.7653,-2.2127,9.2811,-2.4665,9.3836,-3.7096,11.5292,-7.6549,11.8728,-4.515,-7.6549,15.21,11.43,HOLD,维持/再平衡，不追高
2023-07-31,13.63,112.03,439.9419,376.7031,62.3149,44.5107,74.7422,146.9004,101.86,,,3.97,1.6,-0.279,24.1164,,-0.28,0.0,-0.534,-2.7345,1.1156,1.3263,,,-1.0203,16.0,1.0,15.4708,77.6286,cnn,3,5,2,10,0.6667,0,0,0,0,normal,Normal / Mild Pullback,False,7.9846,-1.5466,12.8029,-2.1145,10.0099,-3.2832,11.825,-7.1355,11.993,-4.6965,-7.8304,15.19,11.57,HOLD,维持/再平衡，不追高
2023-08-01,13.93,116.38,438.6829,375.8293,62.0064,44.0354,74.3208,146.3029,102.3,,,4.05,1.68,-0.279,24.1164,,0.07,-0.2862,-0.7647,-2.6145,0.7729,0.8167,,,-0.67,19.0,7.0,12.1161,77.3429,cnn,3,5,2,10,0.6667,0,0,0,0,normal,Normal / Mild Pullback,False,8.1416,-1.6934,12.8282,-2.9771,11.1155,-1.6036,13.104,-8.2057,12.2919,-4.423,-8.2057,15.94,11.31,HOLD,维持
2023-08-02,16.09,115.15,432.5804,367.582,61.741,43.8343,74.0291,144.9086,102.59,,,4.08,1.72,-0.279,24.1164,,2.9,-1.6733,-2.9424,-2.0218,0.6522,0.7623,,,-0.7546,13.0,3.0,14.518,77.3429,cnn,3,5,2,10,0.6667,0,0,0,0,normal,Normal / Mild Pullback,False,9.7634,-0.973,9.6945,-2.3304,9.6853,0.1955,12.2326,-8.0254,12.2125,-3.0747,-8.0254,21.6,10.27,HOLD,维持
2023-08-03,15.92,124.6,431.3408,366.9929,61.542,44.2182,73.7779,144.1878,102.54,,,4.2,1.83,-0.279,21.3198,,1.51,-1.9551,-3.098,-2.0249,1.062,1.1415,,,-0.6106,15.0,5.0,16.73,73.6286,cnn,3,5,2,10,0.6667,1,0,0,1,normal,Normal / Mild Pullback,False,9.3306,-0.6528,9.7733,-2.7961,10.0464,0.3364,12.1975,-8.1792,12.2259,-2.7961,-8.1792,24.26,10.82,HOLD,维持
2023-08-04,17.1,115.91,429.3898,365.2748,61.9069,44.3919,74.2073,143.5428,102.02,,,4.05,1.67,-0.297,21.3198,,3.77,-2.3985,-3.5516,-2.0861,1.5649,1.6517,,,-0.2445,-1.0,-12.0,14.932,64.5,cnn,3,5,2,10,0.6667,0,0,0,0,normal,Normal / Mild Pullback,False,9.4583,-0.2596,9.3455,-2.3075,10.1243,0.9803,12.0813,-6.6592,12.5072,-2.3545,-7.762,23.97,3.33,HOLD,维持
2023-08-07,15.77,120.94,433.1378,368.3675,62.023,44.8307,74.3614,144.7568,102.05,,,4.09,1.68,-0.297,21.3198,,2.14,-1.5466,-2.735,-1.6412,1.2481,1.3926,,,0.0785,8.0,-8.0,14.4442,72.0571,cnn,3,5,2,10,0.6667,1,0,0,1,normal,Normal / Mild Pullback,False,9.8436,-0.5769,7.4485,-2.5227,9.4926,-0.3262,11.7893,-6.8858,12.4353,-3.1994,-8.5601,23.09,10.27,HOLD,维持
2023-08-08,15.99,118.74,431.2542,365.2354,62.1557,44.2548,74.491,144.036,102.53,,,4.02,1.66,-0.297,21.3198,,2.06,-1.9747,-3.562,-1.3826,0.9208,1.0475,,,0.7864,3.0,-9.0,12.6805,69.2,cnn,3,5,2,10,0.6667,0,0,0,0,normal,Normal / Mild Pullback,False,9.8411,-1.3059,10.6047,-2.3621,9.4409,-0.5638,11.9315,-5.4817,12.6488,-2.7766,-8.1608,21.93,3.34,HOLD,维持
2023-08-09,15.96,112.55,428.3712,361.2198,62.1639,43.6149,74.4991,143.6187,102.49,,,4.0,1.66,-0.297,21.3198,,-0.13,-2.63,-4.6223,-1.1433,0.1557,0.2367,,,1.9598,14.0,6.0,10.4811,67.3143,cnn,3,5,2,10,0.6667,0,0,0,0,normal,Normal / Mild Pullback,False,9.7765,-1.3707,10.773,-0.6102,11.2176,-0.2019,11.7402,-3.022,13.2308,-2.1223,-7.5427,22.4,3.35,HOLD,维持
2023-08-10,15.85,108.64,428.525,361.8875,62.1474,43.5783,74.4586,143.448,102.52,,,4.09,1.76,-0.297,25.5014,,-0.07,-2.5951,-4.446,-1.5125,-0.4665,-0.4224,,,2.7563,33.0,24.0,9.352,66.3429,cnn,3,5,2,10,0.6667,0,0,0,0,normal,Normal / Mild Pullback,False,9.3186,-2.1574,10.8122,-2.0228,13.0265,-0.0875,11.7532,-2.1723,13.3753,-2.1574,-7.5758,22.27,3.41,HOLD,维持
2023-08-11,14.84,112.13,428.2751,359.5802,62.0561,43.688,74.3532,143.4764,102.84,,,4.16,1.8,-0.312,25.5014,,-2.26,-2.6519,-5.0552,-0.6916,0.1152,0.1381,,,2.9326,33.0,21.0,11.7071,65.0286,cnn,3,5,2,10,0.6667,0,0,0,0,normal,Normal / Mild Pullback,False,9.3185,-2.0532,11.0699,-1.2745,13.8022,0.6283,11.9807,-1.8901,13.3864,-2.1003,-7.5219,22.6,3.91,HOLD,维持
2023-08-14,14.82,119.94,430.6392,363.6155,62.0478,42.8378,74.3614,143.448,103.19,,,4.19,1.83,-0.312,25.5014,,-0.95,-2.1145,-3.9897,-1.3097,-0.0844,-0.0462,,,3.3554,38.0,27.0,7.4418,66.2857,cnn,3,5,2,10,0.6667,0,1,0,1,normal,Normal / Mild Pullback,False,9.4583,-1.9571,11.6169,-1.1939,13.9202,-0.4731,11.9851,-2.151,13.3479,-2.6378,-8.0296,17.05,14.7,HOLD,维持
2023-08-15,16.46,121.8,425.6227,359.757,61.8488,41.4117,74.1263,141.5605,103.21,,,4.21,1.89,-0.312,25.5014,,0.47,-3.2548,-5.0085,-1.3098,-0.6821,-0.6097,,,3.272,41.0,32.0,1.5871,54.5,cnn,3,5,2,10,0.6667,1,1,0,2,normal,Normal / Mild Pullback,False,9.8117,-1.0702,9.3661,1.4157,14.5431,0.8174,11.1947,-0.9252,13.1378,-1.4902,-6.9456,22.69,15.69,HOLD,维持
2023-08-16,16.78,117.24,422.4994,355.9475,61.6581,40.9455,73.9318,140.5267,103.42,,,4.28,1.96,-0.312,25.5014,,0.82,-3.9647,-6.0144,-1.1879,-1.0671,-0.9561,,,3.1312,53.0,43.0,-1.6432,49.4857,cnn,3,5,2,10,0.6667,0,1,0,1,normal,Normal / Mild Pullback,False,9.95,0.7711,11.747,2.5862,13.7231,2.4384,11.1577,-0.9712,13.149,-0.762,-6.2577,22.36,12.99,HOLD,维持
2023-08-17,17.89,121.14,419.28,352.0595,61.401,40.9455,73.5833,139.4454,103.44,,,4.3,1.97,-0.312,30.137,,2.04,-4.6965,-7.041,-1.3071,-1.0471,-1.0276,,,2.5377,45.0,47.0,-1.1682,46.1429,cnn,3,5,2,10,0.6667,1,0,0,1,normal,Normal / Mild Pullback,False,10.0205,0.1375,15.1998,3.2226,12.7525,1.9812,11.7268,1.3464,13.4379,0.0481,-5.5379,31.49,5.33,HOLD,维持
2023-08-18,17.3,120.51,419.4818,351.6176,61.4425,40.9089,73.6158,139.692,103.38,,,4.26,1.94,-0.325,30.137,,2.46,-4.6506,-7.1577,-1.2331,-1.23,-1.1982,,,2.2855,42.0,45.0,-0.0485,43.6571,cnn,3,5,2,10,0.6667,1,0,0,1,normal,Normal / Mild Pullback,False,10.0332,0.795,15.9474,3.3654,12.6896,1.992,11.7262,1.2011,13.44,0.0893,-5.5834,31.61,5.33,HOLD,维持
2023-08-21,17.13,130.69,422.2111,357.2828,61.4259,40.6347,73.6401,139.6635,103.33,,,4.34,2.0,-0.325,30.137,,2.31,-4.0303,-5.6618,-1.531,-1.086,-0.9835,,,1.9536,48.0,52.0,-3.3576,43.4857,cnn,3,5,2,10,0.6667,1,0,0,1,normal,Normal / Mild Pullback,False,10.2249,0.7785,15.9161,2.2534,13.0872,1.1225,11.5867,2.4976,13.9383,-0.5577,-6.1937,31.15,5.33,HOLD,维持
2023-08-22,16.97,126.65,421.0675,356.7722,61.4591,39.4737,73.6806,139.1134,103.56,,,4.34,1.99,-0.325,30.137,,0.51,-4.2902,-5.7967,-0.737,-0.9668,-0.8646,,,2.1806,43.0,47.0,-3.7858,43.4429,cnn,3,5,2,10,0.6667,1,0,0,1,normal,Normal / Mild Pullback,False,10.0979,2.5128,17.5616,1.8418,13.6577,0.465,12.0529,2.9935,13.9272,-0.2876,-5.9389,30.0,5.33,HOLD,维持
2023-08-23,15.98,118.4,425.7572,362.398,61.9566,39.9856,74.2884,140.2706,103.36,,,4.19,1.84,-0.325,30.137,,-0.8,-3.2242,-4.3112,-0.5633,-0.5617,-0.4999,,,2.4482,33.0,34.0,-7.9571,50.1714,cnn,3,5,2,10,0.6667,0,0,0,0,normal,Normal / Mild Pullback,False,11.0993,1.8012,16.7098,0.4108,12.7939,-2.2839,12.7454,1.9837,13.7526,-2.2839,-6.975,23.6,3.34,HOLD,维持
2023-08-24,17.2,117.56,419.8566,354.6515,61.6166,40.1684,73.8508,138.9237,103.98,,,4.23,1.91,-0.325,35.9268,,-0.69,-4.5654,-6.3566,0.0814,-0.3151,-0.3113,,,2.1716,22.0,27.0,-5.2489,40.5857,cnn,3,5,2,10,0.6667,0,0,0,0,normal,Normal / Mild Pullback,False,11.8269,3.0809,9.0556,1.9753,9.9769,-1.1334,11.8306,3.5455,13.4273,-1.1334,-5.6676,27.27,3.33,HOLD,维持
2023-08-25,15.68,110.37,422.8165,357.4006,61.8737,39.8851,74.1587,139.6256,104.08,,,4.25,1.92,-0.333,35.9268,,-1.62,-3.8926,-5.6307,0.2041,-0.4707,-0.4694,,,2.4208,29.0,34.0,-6.9974,47.0286,cnn,3,5,2,10,0.6667,0,0,0,0,normal,Normal / Mild Pullback,False,11.5087,2.5502,9.4452,1.9274,9.9127,-1.4127,11.6307,3.6121,13.4411,-1.8255,-6.328,25.53,3.49,HOLD,维持
2023-08-28,15.08,110.45,425.4978,360.0908,62.1059,40.461,74.4748,140.6689,104.06,,,4.2,1.9,-0.333,35.9268,,-2.05,-3.2832,-4.9204,0.5138,-0.3354,-0.3578,,,2.1598,23.0,30.0,-6.0126,45.2857,cnn,3,5,2,10,0.6667,0,0,0,0,normal,Normal / Mild Pullback,False,11.8053,1.4635,11.3647,0.7295,10.2112,-3.4732,12.3321,2.7348,13.3992,-3.4732,-6.9183,23.95,3.79,HOLD,维持
2023-08-29,14.45,110.68,431.6483,367.9551,62.4957,40.8449,74.9367,142.2529,103.55,,,4.12,1.83,-0.333,35.9268,,-2.52,-1.8852,-2.8439,-0.5249,0.7891,0.8287,,,1.2219,7.0,15.0,-5.7335,49.1714,cnn,3,5,2,10,0.6667,0,0,0,0,normal,Normal / Mild Pullback,False,13.0974,-0.6546,7.0163,-0.59,6.8905,-4.8106,10.8145,1.662,13.1034,-4.8486,-8.2446,20.14,4.11,HOLD,维持
2023-08-30,13.88,109.84,433.4261,370.0071,62.4708,40.5433,74.9205,142.6986,103.16,,,4.12,1.86,-0.333,35.9268,,-2.1,-1.481,-2.3021,-0.4736,1.182,1.2042,,,0.5556,4.0,14.0,-7.6883,50.4286,cnn,3,5,2,10,0.6667,0,0,0,0,normal,Normal / Mild Pullback,False,12.2344,-1.3658,5.1133,-0.1441,8.0193,-4.6514,10.9644,1.3073,13.0793,-5.2389,-8.621,19.06,4.39,HOLD,维持
2023-08-31,13.57,107.93,432.7919,371.1165,62.4293,40.7352,74.9286,142.196,103.62,,,4.09,1.85,-0.333,34.5324,,-3.63,-1.6252,-2.0091,-1.1321,1.4419,1.5597,,,1.0532,-11.0,2.0,-8.1857,52.9429,cnn,3,5,2,10,0.6667,0,1,0,1,normal,Normal / Mild Pullback,False,12.199,-1.0725,5.9499,-1.2026,10.0403,-4.7435,10.959,1.273,13.0813,-5.1,-8.487,15.28,13.83,HOLD,维持
2023-09-01,13.09,102.92,433.599,370.7238,62.5468,41.7043,74.9628,142.784,104.24,,,4.18,1.92,-0.338,34.5324,,-2.59,-1.4417,-2.1128,-1.9712,1.0338,1.0181,,,2.176,13.0,25.0,-6.9664,55.0286,cnn,3,5,2,10,0.6667,0,0,0,0,normal,Normal / Mild Pullback,False,12.0814,-0.6073,8.3821,-1.3287,9.951,-4.9586,10.8706,1.1846,13.0778,-5.2766,-8.6574,18.91,4.79,HOLD,维持
2023-09-05,14.01,109.64,431.7251,371.1951,62.1385,40.7627,74.5228,141.0198,104.81,,,4.27,1.98,-0.338,34.5324,,-1.07,-1.8677,-1.9884,-2.2144,0.1864,0.2171,,,2.7046,18.0,30.0,-8.7767,59.0857,cnn,3,5,2,10,0.6667,0,1,0,1,normal,Normal / Mild Pullback,False,11.7893,-0.7234,8.6912,-1.106,9.8246,-5.8238,11.5346,1.5523,13.0453,-5.8238,-8.2609,15.8,14.49,HOLD,维持
2023-09-06,14.45,111.31,428.8229,367.9257,61.9885,39.8211,74.4169,140.5361,104.86,,,4.3,2.0,-0.338,34.5324,,0.0,-2.5274,-2.8516,-1.5991,-0.2689,-0.0995,,,2.2725,28.0,34.0,-9.5084,56.7143,cnn,3,5,2,10,0.6667,0,1,0,1,normal,Normal / Mild Pullback,False,11.931,0.065,7.3701,-1.352,10.2929,-4.496,11.9932,2.6422,12.9839,-5.1864,-7.64,17.56,15.37,HOLD,维持
2023-09-07,14.4,105.2,427.5063,365.2944,62.1969,39.2817,74.6369,139.9765,105.06,,,4.27,1.95,-0.338,29.589,,0.52,-2.8266,-3.5464,-1.449,0.053,0.1849,,,2.5076,27.0,29.0,-9.7528,53.6286,cnn,3,5,2,10,0.6667,0,1,0,1,normal,Normal / Mild Pullback,False,11.7401,1.2386,8.7039,-2.6837,12.8662,-4.238,12.0083,3.5674,13.0105,-4.8944,-7.3556,18.8,15.76,HOLD,维持
2023-09-08,13.84,104.34,428.1501,365.8049,62.1719,39.6382,74.5717,140.0429,105.09,,,4.26,1.93,-0.337,29.589,,0.27,-2.6803,-3.4116,-1.8486,0.0394,0.1519,,,2.5068,17.0,17.0,-8.9617,51.9143,cnn,3,5,2,10,0.6667,0,1,0,1,normal,Normal / Mild Pullback,False,11.7528,-0.1315,13.6298,-3.0485,12.6573,-3.2467,12.9455,2.8688,13.0638,-5.0374,-7.4949,18.27,14.86,HOLD,维持
2023-09-11,13.8,107.23,430.9659,370.1151,62.2802,39.5651,74.6613,140.2706,104.57,,,4.29,1.94,-0.337,29.589,,0.71,-2.0403,-2.2736,-2.0291,0.361,0.4143,,,1.6822,13.0,14.0,-10.0026,52.2,cnn,3,5,2,10,0.6667,0,1,0,1,normal,Normal / Mild Pullback,False,11.9797,-0.7259,12.347,-3.2769,12.2009,-3.2635,12.9311,2.1765,13.0027,-5.6579,-8.0993,16.75,16.44,HOLD,维持
2023-09-12,14.23,105.11,428.6018,366.0111,62.1802,39.8942,74.5798,140.0903,104.71,,,4.27,1.93,-0.337,29.589,,0.22,-2.5776,-3.3572,-1.5324,0.2133,0.2938,,,1.473,8.0,10.0,-6.4288,51.4,cnn,3,5,2,10,0.6667,0,0,0,0,normal,Normal / Mild Pullback,False,11.9855,-0.3853,11.8706,-4.1722,13.4889,-2.2237,13.066,2.3261,12.978,-5.1375,-7.5924,21.99,4.22,HOLD,维持
2023-09-13,13.48,101.86,429.1016,367.4053,62.3468,39.4097,74.7673,139.5307,104.77,,,4.25,1.9,-0.337,29.589,,-0.97,-2.464,-2.9891,-2.2949,0.8052,0.8647,,,1.5115,4.0,1.0,-5.606,51.4,cnn,3,5,2,10,0.6667,0,0,0,0,normal,Normal / Mild Pullback,False,11.2009,-1.4161,13.0402,-4.2456,13.4078,-1.9375,13.1747,2.9868,13.0613,-5.248,-7.7,21.47,4.59,HOLD,维持
2023-09-14,12.82,97.11,432.8015,370.4097,62.4218,40.1867,74.8732,141.1622,105.41,,,4.29,1.95,-0.337,29.2208,,-1.58,-1.623,-2.1958,-1.611,1.2387,1.2733,,,1.9242,1.0,-1.0,-4.1893,54.4286,cnn,3,5,2,10,0.6667,0,0,0,0,normal,Normal / Mild Pullback,False,11.1654,-3.8743,11.2919,-4.5138,12.7064,-3.3685,12.787,2.5454,12.977,-6.058,-8.4891,19.34,4.92,HOLD,维持
2023-09-15,13.79,96.61,427.5869,364.0671,62.1885,39.9582,74.6287,139.9765,105.32,,,4.33,1.98,-0.332,29.2208,,-0.05,-2.8083,-3.8705,-1.6128,1.2826,1.4207,,,1.8175,3.0,1.0,-4.3072,52.0286,cnn,3,5,2,10,0.6667,0,0,0,0,normal,Normal / Mild Pullback,False,11.7274,-2.9208,11.1419,-3.5839,12.0168,-2.6772,12.2568,4.1996,12.7285,-4.9124,-7.3731,22.53,4.44,HOLD,维持
2023-09-18,14.0,99.32,427.8377,364.4466,62.2302,39.1975,74.645,139.6412,105.2,,,4.32,1.96,-0.332,29.2208,,0.2,-2.7513,-3.7703,-1.1474,1.2821,1.3981,,,1.7605,6.0,2.0,-6.0549,49.4857,cnn,3,5,2,10,0.6667,0,0,0,0,normal,Normal / Mild Pullback,False,11.7268,-2.5697,12.6628,-3.6787,11.9295,-1.7109,12.9469,4.6142,12.7532,-4.9681,-7.4274,22.5,4.33,HOLD,维持
2023-09-19,14.11,101.31,426.9504,363.6699,62.0386,39.1053,74.4576,139.4126,105.2,,,4.37,2.0,-0.332,29.2208,,-0.12,-2.953,-3.9754,-0.9976,0.9974,1.1101,,,1.8097,3.0,0.0,-4.8321,49.9429,cnn,3,5,2,10,0.6667,0,0,0,0,normal,Normal / Mild Pullback,False,11.5884,-3.8016,13.8475,-4.7706,12.8215,-1.5111,12.9418,6.2773,13.0108,-4.7706,-7.235,22.89,4.28,HOLD,维持
2023-09-20,15.14,97.04,423.0253,358.4292,61.9885,38.7641,74.3679,138.7744,105.16,,,4.35,2.0,-0.332,29.2208,,1.66,-3.8452,-5.3591,-1.5413,0.8615,0.9328,,,1.545,1.0,1.0,-2.2521,48.2857,cnn,3,5,2,10,0.6667,0,0,0,0,normal,Normal / Mild Pullback,False,12.0521,-2.8702,14.8499,-3.1871,13.8843,-1.9219,13.3822,7.6076,12.8409,-3.887,-6.3743,26.41,3.76,HOLD,维持
2023-09-21,17.54,106.0,416.0334,351.8612,61.547,38.2016,73.8464,136.4691,105.36,,,4.49,2.11,-0.332,34.6056,,4.72,-5.4345,-7.0934,-1.672,-0.6612,-0.595,,,1.935,30.0,27.0,-2.2285,37.1571,cnn,3,5,2,10,0.6667,0,0,1,1,normal,Normal / Mild Pullback,False,12.7224,-0.6653,12.9547,-1.5972,11.7113,-1.1498,12.417,9.2359,12.3049,-2.2717,-4.8008,37.07,3.33,HOLD,维持
2023-09-22,17.2,101.11,415.0979,351.9103,61.6553,37.9527,73.9605,135.9261,105.58,,,4.44,2.07,-0.323,34.6056,,3.41,-5.6471,-7.0804,-1.6262,0.0628,0.1485,,,1.5388,21.0,16.0,-4.4331,33.1571,cnn,3,5,2,10,0.6667,0,0,1,1,normal,Normal / Mild Pullback,False,11.8162,-0.6831,12.9633,-0.2045,13.4864,-2.1444,13.098,10.0979,12.3088,-2.1444,-4.5862,38.88,3.33,HOLD,维持
2023-09-25,16.9,117.33,416.8435,353.5819,61.572,38.4967,73.8546,136.269,106.0,,,4.55,2.18,-0.323,34.6056,,2.9,-5.2503,-6.639,-2.1683,-0.4876,-0.4101,,,1.8447,30.0,26.0,-2.0978,38.4286,cnn,3,5,2,10,0.6667,0,0,1,1,normal,Normal / Mild Pullback,False,11.6152,-1.1383,12.102,0.0139,13.7285,-2.7231,12.9492,10.3036,12.3315,-2.7231,-4.9858,34.62,3.33,HOLD,维持
2023-09-26,18.94,117.72,410.7195,348.2724,61.3054,37.8973,73.5042,134.3543,106.23,,,4.56,2.23,-0.323,34.6056,,4.83,-6.6423,-8.041,-1.8166,-1.2889,-1.3033,,,2.0853,36.0,33.0,-2.9659,24.2286,cnn,3,5,2,10,0.6667,0,0,2,2,normal,Normal / Mild Pullback,False,12.3063,-1.0073,11.2461,2.0334,11.1058,-0.5283,12.2874,10.3969,12.2845,-1.2727,-3.5691,50.24,3.33,HOLD,维持
2023-09-27,18.22,122.09,410.8835,349.0885,61.222,37.6945,73.3982,134.4019,106.67,,,4.61,2.27,-0.323,34.6056,,3.08,-6.6051,-7.8255,-1.9505,-2.038,-2.0531,,,3.013,49.0,44.0,-3.0493,22.8286,cnn,3,5,2,10,0.6667,1,1,2,4,normal,Normal / Mild Pullback,False,10.7688,-0.3263,13.0808,2.4105,11.1101,-1.9951,13.2729,11.3993,12.3844,-1.9951,-3.6076,48.23,14.4,HOLD,维持
2023-09-28,17.34,115.24,413.2656,352.0087,61.5136,38.0725,73.716,135.3355,106.22,,,4.59,2.2,-0.323,40.9429,,-0.2,-6.0636,-7.0544,-1.5646,-1.5322,-1.6077,,,2.9663,47.0,34.0,-1.513,29.0,cnn,3,5,2,10,0.6667,0,0,2,2,normal,Normal / Mild Pullback,False,10.9199,-0.9381,11.8446,1.1995,11.6813,-3.7268,13.5689,10.9797,12.3567,-3.7268,-4.1632,43.12,3.33,HOLD,维持
2023-09-29,17.52,113.55,412.2626,352.2643,61.422,38.5151,73.6671,134.9735,106.17,,,4.59,2.24,-0.31,40.9429,,0.32,-6.2916,-6.9869,-1.5556,-1.6135,-1.6836,,,2.4609,50.0,39.0,-0.7418,28.4,cnn,3,5,2,10,0.6667,0,0,2,2,normal,Normal / Mild Pullback,False,10.9148,0.4819,15.2519,0.9404,11.9712,-3.93,13.6005,11.7195,12.3361,-3.93,-3.93,44.14,3.33,HOLD,维持
2023-10-02,17.61,127.59,412.0987,355.2042,61.0493,37.5562,73.2172,133.4493,106.9,,,4.69,2.34,-0.31,40.9429,,0.71,-6.3288,-6.2107,-3.1163,-2.3943,-2.3287,,,2.5518,51.0,42.0,-5.248,28.3143,cnn,3,5,2,10,0.6667,1,0,2,3,normal,Normal / Mild Pullback,False,10.8266,1.1654,15.6261,2.043,12.8428,-2.7427,14.4644,11.966,12.3272,-3.8918,-3.8918,47.59,5.33,HOLD,维持
2023-10-03,19.78,141.67,406.5823,348.9705,60.4295,36.8185,72.4714,131.849,107.0,4.26,1.28,4.81,2.45,-0.31,40.9429,,0.84,-7.5827,-7.8566,-3.5972,-2.7504,-2.7527,,,2.0895,54.0,47.0,-4.0903,20.5286,cnn,3,7,2,12,0.8,1,1,3,5,normal,Normal / Mild Pullback,False,11.485,3.0717,6.9513,3.4227,9.6864,-0.8041,13.9652,13.528,11.9098,-2.5878,-2.5878,56.4,13.24,ADD_SMALL,小幅分批加仓/维持偏加
2023-10-04,18.58,128.23,409.5429,353.7196,60.7394,37.1689,72.7419,132.6015,106.8,4.37,1.29,4.73,2.4,-0.31,40.9429,,0.36,-6.9098,-6.6027,-4.2151,-2.0151,-2.2508,,,1.8501,43.0,40.0,-2.2661,20.9857,cnn,3,7,2,12,0.8,1,1,3,5,normal,Normal / Mild Pullback,False,11.9448,2.7457,6.9692,1.3069,12.5087,-0.471,14.2567,12.381,11.9044,-3.292,-3.292,51.9,13.32,HOLD,维持
2023-10-05,18.49,130.18,409.3887,352.6773,60.798,37.7867,72.8402,132.2205,106.33,4.38,1.29,4.72,2.41,-0.31,41.5816,,1.15,-6.9448,-6.8779,-4.1285,-2.2491,-2.4072,,,1.2088,45.0,46.0,0.4512,20.3286,cnn,3,7,2,12,0.8,1,1,3,5,normal,Normal / Mild Pullback,False,11.9592,2.1578,10.347,0.4547,13.5048,1.4747,15.8037,11.7942,11.996,-3.2556,-3.2556,53.42,13.32,HOLD,维持
2023-10-06,17.45,126.64,414.2492,358.5866,60.8818,37.8881,72.9714,133.3636,106.04,4.33,1.29,4.78,2.47,-0.299,41.5816,,-0.07,-5.84,-5.3176,-4.1292,-2.075,-2.146,,,0.904,52.0,54.0,-1.2076,27.7143,cnn,3,7,2,12,0.8,1,1,2,4,normal,Normal / Mild Pullback,False,12.9065,0.4563,9.4774,-1.9439,13.2651,1.199,15.5788,9.5802,11.9882,-4.3907,-4.3907,42.11,13.32,HOLD,维持
2023-10-09,17.7,126.64,416.9013,360.4154,61.3341,37.8697,73.5122,134.3162,106.08,4.34,1.29,4.78,2.47,-0.299,41.5816,,0.09,-5.2372,-4.8347,-3.5509,-1.5191,-1.5391,,,1.444,49.0,53.0,-1.0561,29.2571,cnn,3,7,2,12,0.8,1,1,2,4,normal,Normal / Mild Pullback,False,12.8919,0.8675,11.2423,-2.7366,12.4353,0.7865,15.4445,8.5324,11.9836,-4.999,-4.999,39.82,13.32,HOLD,维持
2023-10-10,17.03,136.17,419.0712,362.4114,61.3173,38.4598,73.5286,135.345,105.83,4.26,1.29,4.66,2.34,-0.299,41.5816,,-2.75,-4.744,-4.3077,-3.1643,-1.3877,-1.4095,,,1.0696,39.0,41.0,-1.403,32.3143,cnn,3,7,2,12,0.8,1,1,2,4,normal,Normal / Mild Pullback,False,13.0253,0.3406,10.8331,-2.5107,12.8973,0.55,15.37,8.1183,11.9571,-5.4909,-5.4909,38.24,13.32,HOLD,维持
2023-10-11,16.09,127.18,420.7879,364.9973,61.3089,38.4875,73.5614,135.6308,105.82,4.25,1.27,4.58,2.26,-0.299,41.5816,,-2.49,-4.3537,-3.6249,-3.2346,-1.6647,-1.6128,,,1.0022,33.0,36.0,-0.4106,34.3429,cnn,3,7,2,12,0.8,1,1,2,4,normal,Normal / Mild Pullback,False,13.1337,-1.4004,14.0212,-4.3019,13.5699,0.2131,15.3056,9.2144,12.233,-5.8764,-5.8764,34.68,13.16,HOLD,维持
2023-10-12,16.69,126.37,418.2226,363.7289,60.9823,38.0172,73.1435,133.9352,106.57,4.25,1.26,4.7,2.36,-0.299,36.4865,,-1.8,-4.9369,-3.9598,-4.1198,-2.3061,-2.3102,,,1.1005,41.0,41.0,-2.1009,35.6857,cnn,3,7,2,12,0.8,1,1,1,3,normal,Normal / Mild Pullback,False,12.7451,-1.6672,14.5446,-4.8679,14.0967,0.0415,15.4098,9.7176,12.1472,-5.2991,-5.2991,31.78,13.08,HOLD,维持
2023-10-13,19.32,128.33,416.1395,359.1569,60.932,37.2703,73.0779,133.6399,106.65,4.3,1.27,4.63,2.29,-0.289,36.4865,,1.87,-5.4103,-5.167,-4.3909,-2.0205,-2.0781,,,1.2628,30.0,31.0,-4.1608,26.2714,cnn,3,7,2,12,0.8,1,1,1,3,normal,Normal / Mild Pullback,False,12.2186,-2.3893,15.9397,-4.825,14.0985,2.1112,16.2191,10.8904,12.0981,-4.825,-4.825,39.93,13.16,HOLD,维持
2023-10-16,17.21,130.16,420.5179,363.2177,60.9153,38.2201,73.0533,135.3069,106.24,4.27,1.27,4.71,2.33,-0.289,36.4865,,-0.49,-4.4151,-4.0948,-4.3429,-2.113,-2.1324,,,0.9886,39.0,37.0,-0.7962,35.7429,cnn,3,7,2,12,0.8,1,1,1,3,normal,Normal / Mild Pullback,False,12.9142,-3.5731,9.6871,-4.6899,14.5435,0.9517,15.8414,9.6875,11.9672,-5.816,-5.816,31.21,13.16,HOLD,维持
2023-10-17,17.88,130.17,420.4986,362.0279,60.6305,39.0315,72.7091,135.9737,106.25,4.25,1.27,4.83,2.42,-0.289,36.4865,,0.85,-4.4195,-4.4089,-3.7063,-2.2696,-2.3483,,,0.9981,46.0,42.0,1.3428,39.1429,cnn,3,7,2,12,0.8,1,1,1,3,normal,Normal / Mild Pullback,False,12.9084,-2.8416,13.8376,-4.087,15.4382,2.915,17.1768,9.7685,11.964,-5.8117,-5.8117,30.02,13.16,HOLD,维持
2023-10-18,19.22,129.17,414.8954,357.2788,60.3374,37.9711,72.3321,133.8208,106.57,4.32,1.29,4.91,2.47,-0.289,36.4865,,3.13,-5.6931,-5.6629,-3.7573,-2.6637,-2.7375,,,1.3408,56.0,47.0,-0.1262,30.5714,cnn,3,7,2,12,0.8,1,1,1,3,normal,Normal / Mild Pullback,False,13.3436,-2.9428,14.215,-1.755,16.1072,4.5257,16.2558,10.8425,11.6047,-4.5396,-4.5396,39.3,13.32,HOLD,维持
2023-10-19,21.4,134.62,411.25,353.9358,60.1196,37.5562,72.0863,132.1633,106.25,4.37,1.31,4.98,2.49,-0.289,34.6154,,4.71,-6.5217,-6.5456,-4.3087,-2.3192,-2.3835,,,0.8447,49.0,38.0,-0.5461,29.5429,cnn,3,7,2,12,0.8,2,1,1,4,normal,Normal / Mild Pullback,False,12.3929,-3.2549,14.7943,1.0154,18.5594,5.5812,15.7337,11.2034,11.4972,-3.6935,-3.6935,46.95,15.48,HOLD,维持
2023-10-20,21.71,135.45,406.1965,348.6559,60.2452,36.0532,72.201,130.5153,106.16,4.52,1.33,4.93,2.46,-0.283,34.6154,,2.39,-7.6704,-7.9397,-4.1193,-2.287,-2.379,,,0.5493,49.0,39.0,-2.9231,22.8571,cnn,3,7,2,12,0.8,2,2,2,6,normal,Normal / Mild Pullback,False,13.0694,-2.4953,13.8951,3.2052,17.3127,7.0277,14.7122,13.5881,11.2016,-2.4953,-2.4953,51.38,24.78,HOLD,维持
2023-10-23,20.37,131.83,405.4925,349.708,60.4881,35.9149,72.496,129.6865,105.54,4.51,1.33,4.86,2.45,-0.283,34.6154,,3.16,-7.8304,-7.6619,-4.1027,-1.7604,-1.8395,,,-0.434,31.0,27.0,-4.095,25.8429,cnn,3,7,2,12,0.8,2,2,1,5,normal,Normal / Mild Pullback,False,12.9218,-1.1583,18.5344,3.6222,17.111,8.0388,14.6558,15.2038,11.3666,-2.326,-2.326,46.12,24.71,HOLD,维持
2023-10-24,18.97,128.13,408.5497,353.1099,60.798,35.6936,72.8648,130.5153,106.27,4.41,1.31,4.83,2.43,-0.283,34.6154,,1.09,-7.1355,-6.7637,-4.3271,-0.8276,-0.8698,,,0.0376,27.0,20.0,-5.3149,33.4857,cnn,3,7,2,12,0.8,1,1,1,3,normal,Normal / Mild Pullback,False,12.2702,-1.2818,18.133,3.1395,16.9689,6.9967,14.7397,14.5835,11.3158,-3.0569,-3.0569,39.78,13.48,HOLD,维持
2023-10-25,20.19,131.21,402.686,344.4673,60.4714,35.5645,72.5124,129.0769,106.53,4.37,1.3,4.95,2.52,-0.283,34.6154,,0.97,-8.4684,-9.0457,-3.8875,-1.2261,-1.2068,,,-0.1312,34.0,25.0,-3.73,25.2143,cnn,3,7,2,12,0.8,2,1,1,4,normal,Normal / Mild Pullback,False,13.2472,1.2238,16.4429,4.718,14.0295,8.9738,13.1477,16.591,10.7658,-1.6453,-1.6453,50.76,15.4,HOLD,维持
2023-10-26,20.68,130.94,397.864,337.8992,60.6808,36.6249,72.7419,128.8102,106.6,4.5,1.3,4.86,2.44,-0.283,43.1762,,-0.72,-9.5644,-10.7799,-3.353,-1.354,-1.3215,,,0.3577,27.0,24.0,-0.0785,22.7143,cnn,3,7,2,12,0.8,2,1,3,6,normal,Normal / Mild Pullback,False,13.5412,4.414,13.7669,5.1606,12.7267,10.3624,11.7546,18.1331,10.3325,-0.4533,-0.4533,61.69,15.4,ADD_SMALL,小幅分批加仓/维持偏加
2023-10-27,21.27,129.16,396.0606,339.5216,60.6054,35.8411,72.619,127.3241,106.56,4.53,1.31,4.84,2.42,-0.282,43.1762,,-0.44,-9.9743,-10.3516,-3.8297,-1.3295,-1.4228,,,0.3673,25.0,18.0,-3.136,21.6143,cnn,3,7,2,12,0.8,2,2,3,7,normal,Normal / Mild Pullback,False,13.5734,5.8464,7.536,7.2879,12.4763,10.6652,11.4991,19.3164,10.2323,1.1956,1.1956,59.05,24.69,ADD_SMALL,小幅分批加仓/维持偏加
2023-10-30,19.75,131.9,400.7958,343.3464,60.6221,36.3759,72.6353,128.3244,106.12,4.5,1.32,4.88,2.44,-0.282,43.1762,,-0.62,-8.898,-9.3416,-4.2241,-0.6997,-0.7947,,,-0.7297,19.0,10.0,-0.4112,29.2,cnn,3,7,2,12,0.8,1,1,2,4,normal,Normal / Mild Pullback,False,14.4434,4.8365,9.8397,5.9193,12.7406,9.4661,11.2908,17.757,10.0956,0.628,0.628,50.66,14.05,HOLD,维持
2023-10-31,18.14,126.86,403.3129,344.9884,60.7813,36.5788,72.873,129.3913,106.66,4.42,1.32,4.88,2.46,-0.282,43.1762,,-0.83,-8.3259,-8.9081,-4.0047,0.5821,0.5541,16.0,4.0,-0.3178,7.0,1.0,0.1542,30.1429,cnn,3,9,2,14,0.9333,1,1,2,4,normal,Normal / Mild Pullback,False,13.9483,4.4787,10.7904,7.3003,14.4331,8.7064,11.4185,17.9488,10.1254,1.0665,1.0665,47.97,12.23,HOLD,维持
2023-11-01,16.87,120.55,407.6142,350.9763,61.3606,36.7263,73.5496,129.8295,106.88,4.47,1.33,4.77,2.36,-0.282,43.1762,,-3.32,-7.3482,-7.327,-4.6356,1.0227,1.1105,10.0,4.0,0.0749,4.0,-4.0,-0.7232,32.1714,cnn,3,9,2,14,0.9333,1,1,2,4,normal,Normal / Mild Pullback,False,14.243,3.4519,11.9426,6.3928,14.4758,7.9828,11.1626,16.6139,10.0163,1.9164,1.9164,43.21,12.57,HOLD,维持
2023-11-02,15.66,118.64,415.4258,357.3477,62.0511,38.8102,74.3573,132.7063,106.12,4.15,1.29,4.67,2.27,-0.282,50.2762,,-5.02,-5.5726,-5.6447,-4.7188,2.061,2.0828,-23.0,0.0,-0.1975,-5.0,-14.0,1.216,37.6857,cnn,3,9,2,14,0.9333,0,1,3,4,normal,Normal / Mild Pullback,False,15.8129,0.715,9.6404,4.5199,12.7228,6.5791,9.6755,12.554,10.1663,0.715,0.715,38.39,12.15,HOLD,维持
2023-11-03,14.91,118.74,419.2159,361.5461,62.6574,40.221,75.198,134.8782,105.02,4.04,1.29,4.57,2.18,-0.287,50.2762,,-6.36,-4.7111,-4.5362,-3.8862,2.9165,3.0514,-29.0,0.0,-0.9619,-21.0,-29.0,4.8995,36.1143,cnn,3,9,2,14,0.9333,0,1,3,4,normal,Normal / Mild Pullback,False,15.5856,1.3619,13.2426,3.7038,12.5257,5.0611,9.8544,12.9963,10.3142,-0.1955,-0.1955,36.97,12.28,HOLD,维持
2023-11-06,14.89,121.74,420.1803,363.0209,62.4048,39.6493,74.9343,134.1733,105.22,4.0,1.28,4.67,2.25,-0.287,50.2762,,-4.86,-4.4919,-4.1467,-4.6825,1.7457,1.9344,-34.0,-1.0,-0.8107,-11.0,-22.0,3.8822,38.9143,cnn,3,9,2,14,0.9333,1,1,3,5,normal,Normal / Mild Pullback,False,15.4519,1.0328,13.5043,4.2622,12.6544,4.7993,9.8998,13.9237,10.4581,-0.4246,-0.4246,37.27,14.06,HOLD,维持
2023-11-07,14.81,120.09,421.3762,366.4524,62.4132,39.262,74.8354,133.8875,105.54,4.08,1.29,4.58,2.19,-0.287,50.2762,,-3.33,-4.22,-3.2407,-4.613,1.7872,1.7771,-18.0,0.0,-0.274,-8.0,-15.0,1.5274,39.6286,cnn,3,9,2,14,0.9333,1,1,3,5,normal,Normal / Mild Pullback,False,15.3779,2.7007,18.2678,3.7397,13.0476,4.0808,10.1519,13.1868,10.5247,-0.7072,-0.7072,35.71,14.1,HOLD,维持
2023-11-08,14.45,117.1,421.6848,366.6885,62.4469,38.7457,74.8766,133.6684,105.59,4.08,1.28,4.49,2.15,-0.287,50.2762,,-2.42,-4.1499,-3.1783,-4.6933,1.8561,1.7878,-17.0,1.0,-0.2174,-9.0,-11.0,0.4567,39.7714,cnn,3,9,2,14,0.9333,0,1,3,4,normal,Normal / Mild Pullback,False,15.3145,2.8428,18.0739,4.064,12.9444,4.7982,10.3294,13.4323,10.5224,-0.7799,-0.7799,33.25,12.13,HOLD,维持
2023-11-09,15.29,117.05,418.3962,363.8665,62.0595,37.9342,74.3821,132.5349,105.91,4.04,1.27,4.62,2.29,-0.287,27.2189,,-0.37,-4.8974,-3.9234,-4.7621,1.7664,1.6934,-21.0,1.0,-0.6193,-8.0,-7.0,-0.2597,41.0,cnn,3,9,2,14,0.9333,0,1,0,1,normal,Normal / Mild Pullback,False,15.4182,3.7779,14.6535,4.9465,11.3871,6.076,9.6177,15.2774,10.3908,1.4637,1.4637,23.15,11.74,HOLD,维持
2023-11-10,14.17,116.79,424.9252,372.0471,62.3627,38.1463,74.7612,134.0876,105.86,4.03,1.26,4.61,2.29,-0.296,27.2189,,-0.74,-3.4133,-1.7634,-5.1197,2.3479,2.3034,-27.0,-1.0,-0.7407,-2.0,0.0,0.2342,41.4571,cnn,3,9,2,14,0.9333,0,1,0,1,normal,Normal / Mild Pullback,False,16.2345,2.3104,13.1216,3.1479,10.0902,4.8524,8.4191,13.5563,10.0309,-0.0953,-0.0953,19.13,13.24,HOLD,维持
2023-11-13,14.76,124.47,424.5201,370.8868,62.3037,38.2109,74.6293,133.9161,105.66,4.03,1.25,4.63,2.32,-0.296,27.2189,,-0.13,-3.5054,-2.0698,-5.2725,2.2793,2.1573,-24.0,-2.0,-0.5459,-8.0,-1.0,-0.9666,39.8857,cnn,3,9,2,14,0.9333,1,0,1,2,normal,Normal / Mild Pullback,False,15.8574,3.1964,12.2332,3.3486,9.9173,5.4318,8.3577,14.3216,10.0375,1.9401,1.9401,29.37,5.6,HOLD,维持
2023-11-14,14.16,124.11,432.7561,378.8707,62.9353,41.0232,75.3958,137.736,104.11,3.92,1.23,4.44,2.16,-0.296,27.2189,,-0.65,-1.6333,0.0,-3.7832,3.8013,3.6952,-33.0,-4.0,-2.0141,-39.0,-26.0,2.1258,46.6,cnn,3,9,2,14,0.9333,1,0,0,1,normal,Normal / Mild Pullback,False,17.2099,1.0118,5.6575,1.3104,4.5542,4.8515,7.0306,12.0966,9.4053,0.2117,0.2117,21.41,7.12,HOLD,维持
2023-11-15,14.18,122.19,433.6723,379.1559,62.7332,41.5857,75.1651,138.3838,104.39,3.89,1.22,4.53,2.22,-0.296,27.2189,,-0.27,-1.4251,0.0,-3.4157,3.9707,3.9166,-43.0,-7.0,-2.0456,-38.0,-25.0,4.7773,52.5429,cnn,3,9,2,14,0.9333,1,0,0,1,normal,Normal / Mild Pullback,False,16.295,1.1875,5.8097,1.4944,4.7326,4.9658,7.036,10.3192,9.9449,0.1223,0.1223,20.66,6.1,HOLD,维持
2023-11-16,14.32,116.08,434.2028,379.4803,62.8173,41.0601,75.2722,137.9265,104.37,4.02,1.21,4.45,2.18,-0.296,28.1081,,-0.97,-1.3045,0.0,-3.5837,4.4873,4.4196,-35.0,-10.0,-1.7694,-53.0,-31.0,3.5504,55.0571,cnn,3,9,2,14,0.9333,0,0,0,0,normal,Normal / Mild Pullback,False,15.7736,1.1261,5.9,1.9701,5.2177,4.6649,7.1734,11.1857,10.0595,0.1244,0.1244,17.87,3.46,HOLD,维持
2023-11-17,13.8,113.11,434.7428,379.5688,62.9605,41.6871,75.437,138.5934,103.82,3.99,1.2,4.44,2.16,-0.307,28.1081,,-0.37,-1.1818,0.0,-3.6538,4.507,4.482,-53.0,-13.0,-2.2042,-49.0,-30.0,8.0343,58.8571,cnn,3,9,2,14,0.9333,0,0,0,0,normal,Normal / Mild Pullback,False,14.7595,0.8186,6.581,1.3088,6.3617,5.1229,7.2567,11.8138,10.1131,0.5501,0.5501,17.6,2.6,HOLD,维持
2023-11-20,13.41,115.09,438.0893,384.19,63.0279,41.641,75.4947,139.1459,103.47,3.92,1.18,4.42,2.12,-0.307,28.1081,,-1.35,-0.4211,0.0,-3.8178,4.1988,4.1363,-59.0,-15.0,-1.9613,-44.0,-33.0,7.3165,61.2857,cnn,3,9,2,14,0.9333,0,0,0,0,normal,Normal / Mild Pullback,False,14.7004,0.1475,3.8707,0.5151,5.2928,4.9542,7.1262,10.4071,10.1354,-0.2179,-0.2179,15.93,2.73,HOLD,维持
2023-11-21,13.35,112.79,437.1345,381.9581,63.1121,40.7097,75.5936,138.8887,103.59,3.95,1.17,4.41,2.16,-0.307,28.1081,,-0.81,-0.6381,-0.5809,-3.8939,3.8062,3.745,-46.0,-14.0,-2.5219,-42.0,-27.0,6.5952,61.1714,cnn,3,9,2,14,0.9333,0,0,0,0,normal,Normal / Mild Pullback,False,14.787,0.2956,3.3869,0.3287,5.6288,3.7259,9.0889,10.0391,10.2121,0.267,0.267,16.61,2.86,HOLD,维持
2023-11-22,12.85,111.57,438.8222,383.5214,63.2215,40.8849,75.7832,139.5364,103.92,3.9,1.15,4.42,2.16,-0.307,28.1081,,-1.33,-0.2545,-0.174,-3.5132,4.5479,4.5106,-47.0,-15.0,-2.45,-53.0,-36.0,5.4931,65.0571,cnn,3,9,2,14,0.9333,0,0,0,0,normal,Normal / Mild Pullback,False,13.2117,0.3033,3.4333,0.7055,6.5285,4.3067,9.4623,9.7152,10.2022,-0.1187,-0.1187,15.62,2.24,HOLD,维持
2023-11-24,12.46,107.43,439.0922,382.9807,63.1542,40.9402,75.7172,139.946,103.4,3.85,1.14,4.47,2.21,-0.319,23.6467,,-1.86,-0.1931,-0.3148,-3.1945,4.0761,4.0903,-65.0,-16.0,-3.0019,-39.0,-23.0,1.2868,66.8571,cnn,3,9,2,14,0.9333,0,0,0,0,normal,Normal / Mild Pullback,False,11.8339,0.8346,5.0911,1.0762,6.7708,4.4521,9.446,11.9169,10.9127,-0.1801,-0.1801,15.54,2.44,HOLD,维持
2023-11-27,12.69,109.31,438.3015,382.6464,63.2468,40.682,75.8326,139.6603,103.2,3.89,1.14,4.39,2.18,-0.319,23.6467,,-1.11,-0.3729,-0.4018,-3.0179,4.3584,4.4254,-64.0,-17.0,-3.1532,-45.0,-24.0,2.5675,65.3143,cnn,3,9,2,14,0.9333,0,0,0,0,normal,Normal / Mild Pullback,False,11.58,0.4863,6.8604,1.6524,6.6963,5.0824,9.3507,12.1961,10.8887,0.0286,0.0286,15.96,2.32,HOLD,维持
2023-11-28,12.69,110.06,438.7354,383.6493,63.5247,40.6728,76.1128,139.5269,102.75,3.9,1.14,4.34,2.12,-0.319,23.6467,,-0.72,-0.2742,-0.1408,-3.4251,4.7879,4.7876,-60.0,-18.0,-3.1757,-54.0,-32.0,2.1434,65.0857,cnn,3,9,2,14,0.9333,0,0,0,0,normal,Normal / Mild Pullback,False,11.3719,0.3671,6.9098,2.0157,6.8375,5.1683,9.3379,11.6746,10.9474,-0.0703,-0.0703,15.65,2.32,HOLD,维持
2023-11-29,12.98,114.59,438.4268,383.2756,63.8699,41.5211,76.5085,140.0794,102.77,3.8,1.11,4.27,2.06,-0.319,23.6467,,-0.37,-0.3444,-0.238,-2.1853,5.0816,4.9888,-62.0,-21.0,-3.6471,-61.0,-40.0,4.4202,63.2857,cnn,3,9,2,14,0.9333,0,0,0,0,normal,Normal / Mild Pullback,False,11.5009,0.033,7.706,3.4953,8.7884,5.282,9.2962,11.9609,10.9345,0.033,0.033,15.84,2.18,HOLD,维持
2023-11-30,12.92,115.32,440.1531,382.312,63.7521,41.6041,76.3848,141.2701,103.5,3.84,1.11,4.37,2.14,-0.319,19.5652,,0.07,0.0,-0.4888,-2.0653,3.8974,3.8548,-63.0,-22.0,-3.1624,-40.0,-22.0,4.907,64.3714,cnn,3,9,2,14,0.9333,0,0,0,0,normal,Normal / Mild Pullback,False,11.245,0.401,9.1679,3.4203,8.7845,4.5655,9.4783,11.3744,10.9455,-0.3593,-0.3593,15.22,2.21,HOLD,维持
2023-12-01,12.63,111.51,442.757,383.4034,64.2799,43.7618,77.0271,143.3945,103.27,3.87,1.11,4.22,2.0,-0.33,19.5652,,0.17,0.0,-0.2047,-1.0868,3.5919,3.5905,-28.0,-18.0,-2.6856,-45.0,-27.0,5.7978,64.5143,cnn,3,9,2,14,0.9333,0,0,0,0,normal,Normal / Mild Pullback,False,9.7376,0.2396,8.6615,2.6427,8.9891,3.3688,9.7641,11.1174,10.9187,-0.9453,-0.9453,15.18,2.35,HOLD,维持
2023-12-04,13.08,118.25,440.4328,379.8441,64.1192,44.3703,76.8365,143.4611,103.64,3.8,1.1,4.28,2.07,-0.33,19.5652,,0.39,-0.5249,-1.1312,-0.416,2.333,2.1789,-24.0,-19.0,-1.314,-29.0,-11.0,5.0021,63.7143,cnn,3,9,2,14,0.9333,0,0,0,0,normal,Normal / Mild Pullback,False,9.9146,1.1605,7.1421,3.7648,7.9161,3.0657,10.0904,12.7525,10.928,-0.4226,-0.4226,16.8,2.13,HOLD,维持
2023-12-05,12.85,127.2,440.3459,380.7979,64.1784,43.8171,76.9443,142.1846,104.05,3.8,1.11,4.18,2.01,-0.33,19.5652,,0.16,-0.5446,-0.8829,-0.7947,2.8421,2.6824,-20.0,-17.0,-1.112,-49.0,-24.0,5.4508,65.1429,cnn,3,9,2,14,0.9333,1,0,0,1,normal,Normal / Mild Pullback,False,9.9605,1.6426,6.8845,4.4164,7.6742,2.754,10.2149,12.6538,10.937,-0.403,-0.403,19.89,4.24,HOLD,维持
2023-12-06,12.97,124.98,438.5715,378.5954,64.1868,43.8355,76.9111,142.2323,104.15,3.79,1.12,4.12,1.98,-0.33,19.5652,,-0.01,-0.9453,-1.4562,-0.779,2.8418,2.7738,-29.0,-17.0,-1.317,-46.0,-21.0,7.2712,63.9714,cnn,3,9,2,14,0.9333,1,0,0,1,normal,Normal / Mild Pullback,False,10.2123,3.4612,6.5472,3.3861,11.4059,3.311,10.0144,11.9791,11.1455,0.763,0.763,20.54,4.18,HOLD,维持
2023-12-07,13.06,129.74,441.9179,383.8853,64.2968,44.6838,77.0437,142.9848,103.54,3.77,1.11,4.14,1.97,-0.33,27.4194,,0.14,-0.1895,-0.0793,-0.4964,2.9624,2.8943,-31.0,-17.0,-1.9415,-35.0,-18.0,10.0459,66.1429,cnn,3,9,2,14,0.9333,1,0,0,1,normal,Normal / Mild Pullback,False,10.3888,3.0072,6.9426,3.5761,11.6334,3.9924,10.7772,11.6943,11.1019,0.4299,0.4299,19.2,4.14,HOLD,维持
2023-12-08,12.35,121.65,443.8178,385.5961,64.1699,45.1725,76.9194,143.4326,104.01,3.75,1.1,4.23,2.02,-0.34,27.4194,,-0.28,0.0,0.0,-0.9137,3.4006,3.4112,-29.0,-17.0,-1.794,-39.0,-27.0,12.2603,65.9429,cnn,3,9,2,14,0.9333,1,0,0,1,normal,Normal / Mild Pullback,False,9.6824,2.3974,8.8436,3.3399,11.6472,3.3901,10.8076,12.3201,11.213,0.389,0.389,17.45,4.49,HOLD,维持
2023-12-11,12.63,126.66,445.5441,388.8899,64.1276,45.0711,76.8614,144.709,104.1,3.79,1.1,4.23,2.04,-0.34,27.4194,,-0.45,0.0,0.0,-0.7857,2.8302,2.8092,-24.0,-16.0,-1.6626,-38.0,-25.0,12.6853,67.2857,cnn,3,9,2,14,0.9333,1,0,0,1,normal,Normal / Mild Pullback,False,8.4723,2.5744,8.8233,3.3742,11.6531,3.572,10.8732,11.2134,11.3227,0.4567,0.4567,18.2,4.35,HOLD,维持
2023-12-12,12.07,118.62,447.579,391.9871,64.2714,44.7207,77.0686,144.9662,103.87,3.76,1.09,4.2,2.04,-0.34,27.4194,,-0.78,0.0,0.0,-0.7655,3.1583,3.2685,-27.0,-16.0,-1.6941,-43.0,-28.0,11.007,67.8857,cnn,3,9,2,14,0.9333,0,0,0,0,normal,Normal / Mild Pullback,False,8.4102,2.729,8.8314,3.0903,11.6531,3.0557,10.8471,10.6126,11.3202,1.0934,1.0934,15.0,2.63,HOLD,维持
2023-12-13,12.19,113.77,453.7512,396.9721,65.2527,47.3394,78.2123,148.0431,102.87,3.79,1.08,4.04,1.88,-0.34,27.4194,,-0.78,0.0,0.0,-0.0815,3.6822,3.7356,-13.0,-15.0,-1.191,-40.0,-28.0,10.0573,67.5429,cnn,3,9,2,14,0.9333,0,0,0,0,normal,Normal / Mild Pullback,False,7.0558,-0.0726,13.1819,1.7264,10.0521,1.7243,9.8445,10.2817,11.2004,-0.2817,-0.2817,15.0,2.57,HOLD,维持
2023-12-14,12.48,118.04,455.2075,396.628,65.5408,49.6262,78.5935,150.0626,101.96,3.47,1.04,3.92,1.7,-0.34,19.3084,,-0.58,0.0,-0.0867,0.4894,4.4756,4.5613,-42.0,-18.0,-2.3278,-61.0,-52.0,13.6893,70.5429,cnn,3,9,2,14,0.9333,0,0,0,0,normal,Normal / Mild Pullback,False,7.061,0.5522,14.8206,1.1074,10.2631,1.0266,9.9294,9.7565,11.2145,-0.6007,-0.6007,15.03,6.64,HOLD,维持
2023-12-15,12.28,115.75,454.4579,398.5453,65.3963,48.8332,78.4361,148.9957,102.55,3.51,1.04,3.91,1.69,-0.349,19.3084,,-0.07,-0.1647,0.0,-0.052,4.1056,4.2033,-51.0,-17.0,-1.7438,-54.0,-49.0,13.6303,69.4571,cnn,3,9,2,14,0.9333,0,0,0,0,normal,Normal / Mild Pullback,False,7.1985,0.9205,14.6192,0.7074,10.7421,0.6307,10.1382,9.7202,11.2187,-0.4368,-0.4368,15.36,2.53,HOLD,维持
2023-12-18,12.56,118.46,457.0142,401.0556,65.4388,48.3228,78.5002,149.0617,102.51,3.51,1.05,3.95,1.74,-0.349,19.3084,,-0.07,0.0,0.0,-0.3943,3.9363,4.0606,-48.0,-15.0,-1.2618,-49.0,-42.0,10.269,70.4857,cnn,3,9,2,14,0.9333,0,0,0,0,normal,Normal / Mild Pullback,False,7.2814,0.7797,14.4243,-0.6738,11.2037,0.9577,10.4243,8.3573,11.3174,-0.9937,-0.9937,15.0,6.58,HOLD,维持
2023-12-19,12.53,115.03,459.7933,403.1048,65.6259,49.0386,78.7586,150.3145,102.17,3.46,1.05,3.93,1.74,-0.349,19.3084,,0.46,0.0,0.0,0.0032,4.1219,4.3233,-46.0,-13.0,-1.2564,-49.0,-38.0,12.2063,82.9714,cnn,3,9,2,14,0.9333,0,0,0,0,normal,Normal / Mild Pullback,False,7.1501,0.3517,13.8927,-1.5921,10.5931,1.5984,11.0943,8.3425,11.315,-1.5921,-1.5921,15.3,11.59,HOLD,维持/再平衡，不追高
2023-12-20,13.67,111.87,453.4218,397.1148,65.6343,47.8952,78.7336,147.8281,102.41,3.43,1.06,3.86,1.67,-0.349,19.3084,,1.48,-1.3857,-1.486,-0.3337,3.9965,4.1537,-52.0,-11.0,-1.1391,-55.0,-49.0,13.4244,75.5714,cnn,3,9,2,14,0.9333,0,0,0,0,normal,Normal / Mild Pullback,False,9.0877,1.8003,5.645,-0.0726,8.088,3.2439,9.6311,10.4755,10.8871,-0.2093,-0.2093,19.53,8.06,HOLD,维持
2023-12-21,13.65,111.93,457.7212,401.7354,65.9319,48.4158,79.092,149.6451,101.84,3.41,1.07,3.89,1.7,-0.349,20.8914,,1.17,-0.4507,-0.3397,-0.0519,4.2871,4.3661,-49.0,-8.0,-2.0015,-53.0,-46.0,13.5303,77.0,cnn,3,9,2,14,0.9333,0,0,0,0,normal,Normal / Mild Pullback,False,9.4642,0.5521,4.1648,0.402,9.8134,2.5724,9.1952,10.45,10.8802,-1.1466,-1.1466,16.87,8.64,HOLD,维持
2023-12-22,13.03,111.38,458.6411,402.3363,65.8554,48.7226,79.017,150.1519,101.7,3.39,1.07,3.9,1.71,-0.358,20.8914,,0.75,-0.2506,-0.1906,-0.0287,4.2771,4.3579,-46.0,-7.0,-1.6441,-57.0,-50.0,13.9365,79.7429,cnn,3,9,2,14,0.9333,0,0,0,0,normal,Normal / Mild Pullback,False,9.4476,-0.2111,6.1567,0.0486,9.8114,2.4786,9.1912,10.5927,10.8852,-1.3449,-1.3449,16.11,10.05,HOLD,维持/再平衡，不追高
2023-12-26,12.99,116.0,460.5776,404.7993,65.9829,49.4756,79.1753,151.0126,101.47,3.37,1.06,3.89,1.71,-0.358,20.8914,,0.43,0.0,0.0,0.1465,4.326,4.408,-52.0,-8.0,-1.6764,-50.0,-47.0,15.7333,81.9429,cnn,3,9,2,14,0.9333,0,0,0,0,normal,Normal / Mild Pullback,False,9.3509,-1.4422,6.5617,0.1913,10.0051,2.6028,9.2533,9.919,10.8964,-1.7597,-1.7597,15.28,10.95,HOLD,维持/再平衡，不追高
2023-12-27,12.43,114.53,461.4104,405.6234,66.2549,49.3919,79.5087,151.1561,100.99,3.34,1.05,3.79,1.64,-0.358,20.8914,,-0.1,0.0,0.0,1.1633,4.298,4.4616,-56.0,-9.0,-1.7129,-55.0,-48.0,15.4694,81.1714,cnn,3,9,2,14,0.9333,0,0,0,0,normal,Normal / Mild Pullback,False,9.3379,-1.937,5.0932,-0.0336,9.9671,2.2875,9.2947,9.4174,10.9325,-1.937,-1.937,15.0,10.92,HOLD,维持/再平衡，不追高
2023-12-28,12.47,113.78,461.5847,405.4263,66.0424,49.5127,79.2253,151.4908,101.23,3.32,1.04,3.84,1.68,-0.358,25.0633,,-1.2,0.0,-0.0486,1.2061,3.4014,3.551,-48.0,-7.0,-1.4985,-43.0,-38.0,13.2645,81.2571,cnn,3,9,2,14,0.9333,0,0,0,0,normal,Normal / Mild Pullback,False,9.2959,-1.8398,5.6385,-0.0021,9.972,3.0586,9.5915,9.1741,10.9518,-1.974,-1.974,15.02,10.93,HOLD,维持/再平衡，不追高
2023-12-29,12.45,114.62,460.2484,403.6717,65.7874,48.7411,78.9503,150.9074,101.33,3.34,1.04,3.88,1.72,-0.366,25.0633,,-1.2,-0.2895,-0.4812,1.2673,3.1925,3.3586,-50.0,-7.0,-2.0966,-49.0,-42.0,12.0395,80.7143,cnn,3,9,2,14,0.9333,0,0,0,0,normal,Normal / Mild Pullback,False,9.4794,-0.1494,14.0089,-0.0799,10.0427,3.2779,9.4912,10.4112,11.0034,-1.6894,-1.6894,15.81,10.73,HOLD,维持/再平衡，不追高
2024-01-02,13.2,127.02,457.6727,396.8406,65.5663,48.8992,78.7086,150.9552,102.2,3.54,1.06,3.95,1.74,-0.366,25.0633,,0.17,-0.8475,-2.1653,2.1246,2.0013,2.183,-33.0,-5.0,-1.0361,-27.0,-26.0,8.0979,79.7143,cnn,3,9,2,14,0.9333,1,0,0,1,normal,Normal / Mild Pullback,False,9.7657,0.2602,13.315,-0.0762,10.0369,2.1644,11.2099,11.0114,10.9063,-1.1361,-1.1361,20.99,11.95,HOLD,维持/再平衡，不追高
2024-01-03,14.04,124.57,453.935,392.6415,65.3878,47.2909,78.4502,148.727,102.46,3.71,1.09,3.91,1.71,-0.366,25.0633,,1.05,-1.6573,-3.2005,1.7702,1.9786,2.1002,-9.0,-1.0,-1.1386,-37.0,-36.0,3.412,76.7143,cnn,3,9,2,14,0.9333,1,0,0,1,normal,Normal / Mild Pullback,False,10.0896,1.6575,11.0347,1.6425,9.8205,4.3538,11.409,11.7307,10.7338,-0.3221,-0.3221,23.33,10.33,HOLD,维持
2024-01-04,14.13,121.12,452.4729,390.6208,65.1328,47.5233,78.1419,148.4784,102.42,3.69,1.09,3.99,1.77,-0.366,23.4987,,1.7,-1.974,-3.6987,1.8534,1.4871,1.5564,-11.0,-2.0,-1.5666,-19.0,-24.0,5.5516,78.6857,cnn,3,9,2,14,0.9333,1,0,0,1,normal,Normal / Mild Pullback,False,10.2146,1.941,10.1397,3.2422,10.7439,5.7931,11.5907,11.3791,10.8165,0.137,0.137,24.11,11.08,HOLD,维持/再平衡，不追高
2024-01-05,13.35,116.19,453.0926,391.0841,65.1838,48.0904,78.2419,148.9087,102.41,3.68,1.09,4.05,1.83,-0.375,23.4987,,0.88,-1.8398,-3.5844,1.7604,1.5532,1.7302,-11.0,-3.0,-1.6707,-7.0,-15.0,6.1905,75.7714,cnn,3,9,2,14,0.9333,0,0,0,0,normal,Normal / Mild Pullback,False,10.0132,1.8721,10.2544,3.3189,10.7151,5.2637,11.8085,11.3489,10.8171,0.9339,0.9339,20.87,8.3,HOLD,维持
2024-01-08,13.08,117.72,459.561,399.167,65.5493,48.5366,78.6586,150.5058,102.21,3.63,1.08,4.01,1.79,-0.375,23.4987,,0.63,-0.4384,-1.5917,1.605,1.948,2.096,-14.0,-3.0,-1.2845,-13.0,-18.0,4.4522,76.1714,cnn,3,9,2,14,0.9333,0,0,0,0,normal,Normal / Mild Pullback,False,10.7877,0.0695,5.5114,2.1618,8.83,4.0834,10.9879,8.4416,10.8822,-0.4867,-0.4867,16.93,8.6,HOLD,维持
2024-01-09,12.76,114.92,458.8637,399.9556,65.6514,47.9881,78.792,149.7407,102.57,3.59,1.06,4.02,1.8,-0.375,23.4987,,-0.44,-0.5895,-1.3973,1.8988,2.3087,2.4345,-16.0,-4.0,-1.3845,-21.0,-22.0,2.7497,75.6857,cnn,3,9,2,14,0.9333,0,0,0,0,normal,Normal / Mild Pullback,False,10.8195,-0.3355,6.8655,2.4289,8.622,5.111,11.1231,9.741,11.0209,-0.3355,-0.3355,16.79,8.56,HOLD,维持
2024-01-10,12.69,109.63,461.4588,402.6663,65.7704,48.0997,78.9586,149.9989,102.36,3.5,1.04,4.04,1.82,-0.375,23.4987,,-1.35,-0.0273,-0.729,1.2181,2.5617,2.7286,-29.0,-6.0,-1.6715,-19.0,-22.0,3.039,76.3714,cnn,3,9,2,14,0.9333,0,0,0,0,normal,Normal / Mild Pullback,False,10.885,-0.0147,8.8261,2.4068,8.6,4.5661,11.081,9.1849,10.9895,-0.896,-0.896,15.32,8.87,HOLD,维持/再平衡，不追高
2024-01-11,12.44,103.45,461.2555,403.5042,65.9829,47.4675,79.1587,149.5686,102.29,3.55,1.03,3.98,1.76,-0.375,24.1645,,-1.69,-0.0713,-0.5225,0.7775,2.6629,2.712,-21.0,-6.0,-1.5211,-22.0,-28.0,2.995,74.6571,cnn,3,9,2,14,0.9333,0,0,0,0,normal,Normal / Mild Pullback,False,10.86,1.2764,12.4183,2.3218,8.6859,5.2168,11.1012,9.3594,10.9826,-0.8523,-0.8523,15.34,8.31,HOLD,维持
2024-01-12,12.7,106.51,461.575,403.7112,66.0509,46.8447,79.2753,149.2339,102.4,3.56,1.02,3.96,1.69,-0.382,24.1645,,-0.65,-0.0021,-0.4714,-0.0151,1.2232,1.3592,-23.0,-6.0,-0.4569,-8.0,-19.0,-2.7224,73.0857,cnn,3,9,2,14,0.9333,0,0,0,0,normal,Normal / Mild Pullback,False,9.8465,1.4202,12.326,3.0607,9.0573,5.0978,11.1335,8.1894,11.2343,-0.921,-0.921,15.17,7.55,HOLD,维持
2024-01-16,13.84,113.44,459.8805,403.6717,65.6343,46.0545,78.7419,148.2871,103.36,3.58,1.02,4.07,1.77,-0.382,24.1645,,0.76,-0.3692,-0.4812,-0.0292,0.1427,0.1888,11.0,-2.0,1.3731,15.0,7.0,-8.1402,72.2857,cnn,3,9,2,14,0.9333,0,1,0,1,normal,Normal / Mild Pullback,False,9.9325,2.0908,10.948,3.3605,8.56,4.0322,12.3977,9.4076,11.2562,-0.5559,-0.5559,12.47,15.87,HOLD,维持
2024-01-17,14.79,105.86,457.3241,401.3947,65.3538,45.8593,78.4419,147.1204,103.45,3.62,1.02,4.1,1.8,-0.382,24.1645,,2.03,-0.923,-1.0425,0.1022,-0.065,0.0074,11.0,-2.0,0.8776,19.0,11.0,-6.6786,57.2143,cnn,3,9,2,14,0.9333,0,0,0,0,normal,Normal / Mild Pullback,False,10.1411,2.7737,7.7892,2.2423,12.5372,5.5644,12.3026,8.5005,11.6036,0.8893,0.8893,18.71,1.27,HOLD,维持
2024-01-18,14.13,107.22,461.391,407.0922,65.4898,46.2683,78.5752,147.8759,103.54,3.58,1.01,4.14,1.8,-0.382,26.7606,,1.44,-0.042,0.0,-0.2523,0.0779,0.0956,7.0,-4.0,1.0048,19.0,6.0,-5.1599,66.4571,cnn,3,9,2,14,0.9333,0,0,0,0,normal,Normal / Mild Pullback,False,10.4294,2.4219,7.2102,2.6674,13.302,5.3558,12.1911,6.1969,11.8427,1.2466,1.2466,16.03,1.6,HOLD,维持
2024-01-19,13.3,104.97,467.1428,415.1652,65.6003,47.4397,78.6586,149.0139,103.29,3.54,1.01,4.15,1.81,-0.39,26.7606,,0.86,0.0,0.0,-0.261,-0.0389,-0.127,8.0,-4.0,1.0962,22.0,7.0,-4.7826,72.8286,cnn,3,9,2,14,0.9333,0,0,0,0,normal,Normal / Mild Pullback,False,11.1071,1.0323,3.8949,2.4708,12.9381,3.5404,11.8993,4.698,11.615,0.0933,0.0933,15.56,7.15,HOLD,维持
2024-01-22,13.19,106.87,468.1305,415.7073,65.6514,48.4901,78.792,149.7981,103.33,3.49,1.01,4.11,1.8,-0.39,26.7606,,0.49,0.0,0.0,0.1665,0.0259,0.0741,6.0,-5.0,0.8983,25.0,13.0,-1.9388,72.8571,cnn,3,9,2,14,0.9333,0,0,0,0,normal,Normal / Mild Pullback,False,9.6614,1.6175,5.6928,1.8823,13.2972,2.7531,12.1729,3.8588,11.692,-0.1179,-0.1179,15.32,7.21,HOLD,维持
2024-01-23,12.55,107.7,469.4958,417.4323,65.5749,48.0253,78.7419,149.8746,103.62,3.51,1.01,4.14,1.85,-0.39,26.7606,,-1.29,0.0,0.0,-0.4103,-0.5415,-0.4426,10.0,-6.0,1.7478,25.0,15.0,-3.2942,70.2571,cnn,3,9,2,14,0.9333,0,0,0,0,normal,Normal / Mild Pullback,False,9.2235,1.2437,6.3744,1.881,13.2969,2.5471,12.1598,3.3437,11.695,-0.4083,-0.4083,15.0,6.49,HOLD,维持
2024-01-24,13.14,105.78,470.009,419.7488,65.5408,48.5831,78.7003,149.1,103.24,3.44,0.99,4.18,1.88,-0.39,26.7606,,-1.65,0.0,0.0,-2.0159,-0.4776,-0.4008,5.0,-8.0,1.5143,28.0,17.0,-2.698,72.4857,cnn,3,9,2,14,0.9333,0,0,0,0,normal,Normal / Mild Pullback,False,9.2197,-0.5171,15.0421,2.6185,13.6677,4.5551,13.9425,2.3298,11.8489,-0.5171,-0.5171,15.0,7.09,HOLD,维持
2024-01-25,13.45,105.89,472.5654,420.2614,66.0424,48.2856,79.2837,150.6014,103.57,3.45,0.98,4.14,1.85,-0.39,26.0976,,-0.68,0.0,0.0,-0.867,0.0902,0.1369,8.0,-8.0,2.0696,25.0,14.0,-4.8808,73.2286,cnn,3,9,2,14,0.9333,0,0,0,0,normal,Normal / Mild Pullback,False,9.2818,0.2397,17.8021,2.1085,13.6066,4.0612,13.8997,2.7135,11.9414,-1.0553,-1.0553,15.0,7.23,HOLD,维持
2024-01-26,13.26,100.23,471.965,417.7576,65.9914,48.4622,79.1836,150.6205,103.47,3.39,0.97,4.15,1.85,-0.396,26.0976,,-0.04,-0.127,-0.5958,-0.3245,-0.3978,-0.4088,5.0,-8.0,2.4557,36.0,21.0,-4.0764,73.8,cnn,3,9,2,14,0.9333,0,0,0,0,normal,Normal / Mild Pullback,False,9.3237,1.4239,18.9875,2.8292,13.5787,3.812,14.0,4.0646,12.1594,-0.9294,-0.9294,15.49,7.56,HOLD,维持
2024-01-29,13.6,106.34,475.7026,422.0357,66.1359,49.271,79.4087,151.5386,103.61,3.41,0.98,4.08,1.78,-0.396,26.0976,,0.41,0.0,0.0,-0.7056,0.1416,0.2314,9.0,-6.0,2.3511,24.0,10.0,-3.4415,74.1143,cnn,3,9,2,14,0.9333,0,0,0,0,normal,Normal / Mild Pullback,False,9.6207,0.2606,18.816,1.9765,13.3447,3.1877,13.8187,3.1979,12.0676,-1.7078,-1.7078,15.27,7.51,HOLD,维持
2024-01-30,13.31,104.26,475.3348,419.2263,66.0509,49.0758,79.2837,151.5673,103.4,3.42,1.0,4.06,1.8,-0.396,26.0976,,0.76,-0.0773,-0.6657,0.111,0.4005,0.4223,8.0,-4.0,2.0428,18.0,8.0,-2.509,74.2286,cnn,3,9,2,14,0.9333,0,0,0,0,normal,Normal / Mild Pullback,False,9.5203,0.6295,18.8375,0.6498,15.5345,3.131,13.8324,2.8854,12.0975,-1.6317,-1.6317,15.9,7.7,HOLD,维持
2024-01-31,14.35,107.28,467.5786,411.0153,65.8639,46.2032,79.067,149.6259,103.27,3.59,1.02,3.99,1.73,-0.396,26.0976,,1.21,-1.7078,-2.6113,0.1738,0.4538,0.4553,5.0,-4.0,1.047,4.0,-1.0,-7.5151,64.1143,cnn,3,9,2,14,0.9333,0,0,0,0,normal,Normal / Mild Pullback,False,11.2104,3.1519,10.5553,3.2492,12.6884,5.2187,12.0949,5.583,11.7074,1.3088,1.3088,20.46,1.49,HOLD,维持
2024-02-01,13.88,113.92,473.6983,415.8552,66.2432,44.7623,79.471,151.3664,103.05,3.56,1.04,3.87,1.68,-0.396,24.5333,,0.43,-0.4213,-1.4645,-0.683,1.3081,1.3011,-15.0,-5.0,0.5758,-4.0,-3.0,-9.296,72.3429,cnn,3,9,2,14,0.9333,0,1,0,1,normal,Normal / Mild Pullback,False,11.4183,1.8643,9.1305,2.6186,11.6967,4.8344,11.7398,4.588,11.4474,0.6848,0.6848,12.72,17.61,HOLD,维持
2024-02-02,13.85,106.72,478.6852,422.8834,65.9442,44.9668,79.1608,151.2325,103.92,3.47,1.02,4.03,1.82,-0.403,24.5333,,0.59,0.0,0.0,-1.0616,1.2457,1.304,-22.0,-7.0,1.4646,4.0,5.0,-10.5608,74.6,cnn,3,9,2,14,0.9333,0,1,0,1,normal,Normal / Mild Pullback,False,11.6008,1.3857,7.3704,1.0438,11.3478,3.631,11.3919,1.8589,11.7661,-0.3641,-0.3641,11.38,20.42,HOLD,维持
2024-02-05,13.67,108.68,476.9422,422.3314,65.6366,44.2231,78.7837,149.9319,104.45,3.5,1.0,4.17,1.9,-0.403,24.5333,,0.07,-0.3641,-0.1305,-1.0631,0.6947,0.6925,-18.0,-9.0,1.992,12.0,7.0,-12.6402,73.3143,cnn,3,9,2,14,0.9333,0,1,0,1,normal,Normal / Mild Pullback,False,11.8196,1.7115,5.7997,0.8547,11.6005,2.9703,12.006,1.8992,11.7607,0.2903,0.2903,11.89,23.12,HOLD,维持
2024-02-06,13.06,110.6,478.3269,421.4837,65.8758,43.6653,79.1022,150.8787,104.18,3.52,1.0,4.09,1.85,-0.403,24.5333,,-0.25,-0.0748,-0.331,-0.491,0.4981,0.564,-11.0,-8.0,1.9274,8.0,6.0,-13.5659,73.2,cnn,3,9,2,14,0.9333,0,1,0,1,normal,Normal / Mild Pullback,False,10.9891,0.0202,13.6308,0.6539,11.5449,3.1924,12.0645,2.5546,11.8935,0.0202,0.0202,11.28,24.77,HOLD,维持
2024-02-07,12.83,107.86,482.3163,425.8208,65.9869,43.5537,79.2195,151.4716,104.04,3.43,1.0,4.09,1.86,-0.403,24.5333,,-1.52,0.0,0.0,-0.8582,0.5111,0.5426,-16.0,-6.0,1.4332,7.0,6.0,-13.6538,73.7714,cnn,3,9,2,14,0.9333,0,1,0,1,normal,Normal / Mild Pullback,False,11.1238,0.0944,13.9208,1.8872,14.9285,3.3548,12.193,2.967,12.0347,-0.8071,-0.8071,11.0,25.24,HOLD,维持
2024-02-08,12.79,108.6,482.5293,426.6094,65.9527,43.7304,79.2363,151.8064,104.15,3.38,0.99,4.15,1.91,-0.403,22.5627,,-1.09,0.0,0.0,-0.3011,0.2773,0.3517,-12.0,-5.0,1.7487,11.0,9.0,-13.0539,74.6,cnn,3,9,2,14,0.9333,0,1,0,1,normal,Normal / Mild Pullback,False,11.0827,0.7405,14.721,1.9124,14.9224,2.689,12.4901,3.9844,12.2007,-0.8509,-0.8509,11.0,24.69,HOLD,维持
2024-02-09,12.93,106.21,485.3181,430.8086,66.0894,44.502,79.4123,151.988,104.08,3.33,1.0,4.17,1.92,-0.41,22.5627,,-0.92,0.0,0.0,-0.7231,0.1615,0.3204,-22.0,-3.0,1.7499,19.0,16.0,-10.8959,75.4286,cnn,3,9,2,14,0.9333,0,1,0,1,normal,Normal / Mild Pullback,False,11.1017,-0.3372,14.7278,0.9557,14.9888,2.0112,12.399,3.5009,12.1546,-1.4206,-1.4206,11.0,21.72,HOLD,维持
2024-02-12,13.93,109.78,485.105,429.123,65.9442,45.4595,79.2279,153.0209,104.17,3.35,1.0,4.17,1.93,-0.41,22.5627,,0.26,-0.0439,-0.3913,-0.8916,-0.1615,-0.0598,-21.0,-2.0,1.7285,21.0,24.0,-7.664,75.8286,cnn,3,9,2,14,0.9333,0,0,0,0,normal,Normal / Mild Pullback,False,11.1343,-0.8423,15.1132,1.1877,14.9735,3.1538,12.8503,3.5564,12.1532,-1.3773,-1.3773,15.4,8.03,HOLD,维持
2024-02-13,15.85,113.22,478.4236,422.4299,65.4145,43.5351,78.5909,150.477,104.96,3.36,0.99,4.31,2.02,-0.41,22.5627,,2.79,-1.4206,-1.9449,-1.4324,-0.3349,-0.1918,-22.0,-3.0,1.548,24.0,25.0,-9.1342,66.7429,cnn,3,9,2,14,0.9333,0,1,0,1,normal,Normal / Mild Pullback,False,12.3855,0.6335,10.5707,2.4652,12.5752,4.4304,11.5706,5.6076,11.8171,0.5424,0.53,16.62,11.44,HOLD,维持
2024-02-14,14.38,111.97,482.7714,427.0333,65.6708,44.3439,78.9178,151.8542,104.72,3.38,0.98,4.27,1.97,-0.41,22.5627,,1.55,-0.5247,-0.8763,-0.9784,0.485,0.6067,-24.0,-4.0,1.2277,17.0,17.0,-8.4012,67.5143,cnn,3,9,2,14,0.9333,0,1,0,1,normal,Normal / Mild Pullback,False,12.2896,1.7911,17.0249,1.9075,12.0597,3.2854,11.3611,4.7914,11.6953,-0.363,-0.3754,13.47,11.08,HOLD,维持
2024-02-15,14.01,112.09,486.1024,428.3049,65.9015,45.757,79.1357,153.7381,104.3,3.35,0.97,4.24,1.94,-0.41,26.7677,,1.22,0.0,-0.5812,-0.7927,0.6285,0.7133,-23.0,-4.0,0.734,10.0,14.0,-6.1325,73.8571,cnn,3,9,2,14,0.9333,0,0,0,0,normal,Normal / Mild Pullback,False,12.1771,1.1633,16.829,2.1593,12.4042,1.8733,11.5649,4.0873,11.6266,-1.0458,-1.058,16.0,7.2,HOLD,维持
2024-02-16,14.24,109.2,483.6816,424.4211,65.705,45.2829,78.9513,153.04,104.28,3.34,0.96,4.3,1.97,-0.418,26.7677,,1.31,-0.498,-1.4827,-0.382,0.1595,0.3722,-20.0,-5.0,0.9585,15.0,16.0,-7.8103,73.4857,cnn,3,9,2,14,0.9333,0,0,0,0,normal,Normal / Mild Pullback,False,11.881,1.2973,16.4899,2.5605,11.9201,2.9916,11.4726,5.0882,11.593,-0.5505,-0.5629,17.47,6.94,HOLD,维持
2024-02-20,15.42,111.02,481.0187,421.2175,65.8416,44.9296,79.0854,152.6861,104.08,3.37,0.96,4.27,1.95,-0.418,26.7677,,1.49,-1.0458,-2.2263,-0.0953,0.2898,0.3724,-12.0,-5.0,0.7258,16.0,15.0,-9.8254,63.7429,cnn,3,9,2,14,0.9333,0,1,0,1,normal,Normal / Mild Pullback,False,12.1562,2.0473,14.969,2.0976,12.9474,4.1373,11.2479,6.9784,11.7507,0.0906,-0.0124,15.05,12.7,HOLD,维持
2024-02-21,15.34,114.27,481.4545,419.5319,65.7221,44.6321,78.9597,152.9922,104.01,3.34,0.94,4.32,1.98,-0.418,26.7677,,-0.51,-0.9562,-2.6176,-0.0656,0.2245,0.2765,-17.0,-7.0,0.3764,18.0,13.0,-9.3738,63.7,cnn,3,9,2,14,0.9333,0,1,0,1,normal,Normal / Mild Pullback,False,12.1436,1.8201,15.343,2.5221,13.0098,5.0053,11.5207,6.6617,11.7687,1.7659,-0.1029,14.02,12.06,HOLD,维持
2024-02-22,14.54,115.59,491.4184,431.814,66.0382,44.5949,79.3285,154.5127,103.96,3.22,0.93,4.33,2.02,-0.418,26.2048,,0.16,0.0,0.0,-1.3475,0.7588,0.7982,-22.0,-6.0,0.6974,15.0,14.0,-12.208,73.9429,cnn,3,9,2,14,0.9333,0,1,0,1,normal,Normal / Mild Pullback,False,13.9599,0.1143,4.4724,1.4404,9.5251,3.2163,9.3644,4.6493,11.0526,-0.2975,-2.1284,11.1,22.29,HOLD,维持
2024-02-23,13.75,108.31,491.7573,430.5424,66.0809,44.502,79.3704,154.924,103.94,3.23,0.95,4.26,1.96,-0.427,26.2048,,-0.26,0.0,-0.2945,-1.1293,0.0582,0.1093,-22.0,-3.0,0.3572,12.0,11.0,-11.4329,73.3429,cnn,3,9,2,14,0.9333,0,1,0,1,normal,Normal / Mild Pullback,False,13.9185,0.9845,7.9236,0.762,10.24,2.9496,9.4419,4.6976,11.0529,-0.3662,-2.1958,11.1,21.28,HOLD,维持
2024-02-26,13.74,110.77,489.9562,430.3157,65.8673,44.0836,79.1273,154.3024,103.83,3.23,0.96,4.28,1.97,-0.427,26.2048,,-0.5,-0.3662,-0.347,-0.9716,-0.1881,-0.0711,-16.0,-1.0,0.3479,13.0,12.0,-12.3753,71.9143,cnn,3,9,2,14,0.9333,0,1,0,1,normal,Normal / Mild Pullback,False,14.0192,1.2471,6.9114,1.0455,9.994,3.0425,9.3822,5.3402,11.0191,0.0534,-1.8363,11.93,22.15,HOLD,维持
2024-02-27,13.43,110.8,490.8664,431.3507,65.9527,44.6321,79.186,154.9813,103.83,3.26,0.96,4.31,1.99,-0.427,26.2048,,-1.99,-0.1812,-0.1073,-1.1814,-0.277,-0.2804,-15.0,-2.0,0.2123,23.0,21.0,-12.2134,75.7714,cnn,3,9,2,14,0.9333,0,1,0,1,normal,Normal / Mild Pullback,False,13.8385,0.0493,11.3349,1.9431,11.1189,2.6615,9.4553,4.8422,11.0437,-0.1322,-2.0183,11.44,23.58,HOLD,维持
2024-02-28,13.84,108.71,490.2177,429.054,65.9442,44.1487,79.2027,155.0387,103.98,3.31,0.98,4.27,1.94,-0.427,26.2048,,-1.5,-0.3131,-0.6392,-1.4618,-0.1615,-0.1021,-11.0,-2.0,0.5609,21.0,14.0,-12.7709,76.7714,cnn,3,9,2,14,0.9333,0,1,0,1,normal,Normal / Mild Pullback,False,13.8524,0.6894,11.7284,1.918,11.1397,3.6613,9.7191,4.2141,11.1608,0.1817,-1.8886,11.91,24.61,HOLD,维持
2024-02-29,13.4,109.1,491.98,432.7307,66.0638,44.753,79.3033,155.6795,104.16,3.29,1.0,4.25,1.92,-0.427,21.3376,,-1.14,0.0,0.0,-2.295,0.3035,0.2989,-30.0,-2.0,0.8618,26.0,19.0,-7.943,77.4571,cnn,3,9,2,14,0.9333,0,0,0,0,normal,Normal / Mild Pullback,False,12.1375,1.3246,13.2302,1.3521,11.2534,3.2702,9.7193,4.5278,11.2111,-0.1771,-2.2401,15.0,8.95,HOLD,维持/再平衡，不追高
2024-03-01,13.11,106.48,496.5988,439.2464,66.3112,44.2603,79.5722,156.7696,103.86,3.32,1.01,4.19,1.87,-0.434,21.3376,,-0.64,0.0,0.0,-3.0826,0.1027,0.1274,-24.0,-3.0,0.786,32.0,19.0,-5.6812,76.8286,cnn,3,9,2,14,0.9333,0,0,0,0,normal,Normal / Mild Pullback,False,11.7782,-0.2203,12.8089,-0.28,10.9688,2.1317,9.3382,3.628,11.0667,-1.1056,-3.1493,15.0,8.84,HOLD,维持/再平衡，不追高
2024-03-04,13.49,109.57,496.0663,437.679,66.2941,44.251,79.6059,157.0565,103.83,3.26,1.0,4.22,1.88,-0.434,21.3376,,-0.25,-0.1072,-0.3568,-1.9477,0.5306,0.5622,-21.0,-2.0,-0.0866,19.0,6.0,-5.0399,79.2286,cnn,3,9,2,14,0.9333,0,0,0,0,normal,Normal / Mild Pullback,False,11.4297,-0.1991,12.8032,0.4204,11.382,1.5913,9.6821,3.0128,11.1718,-0.9994,-3.0454,15.36,9.61,HOLD,维持/再平衡，不追高
2024-03-05,14.46,110.33,491.1086,429.8229,66.2425,46.0359,79.5132,156.3393,103.8,3.31,1.01,4.13,1.81,-0.434,21.3376,,1.03,-1.1056,-2.1454,-1.8404,0.9231,0.926,-19.0,1.0,-0.6223,-4.0,-9.0,1.0964,76.1143,cnn,3,9,2,14,0.9333,0,0,0,0,normal,Normal / Mild Pullback,False,12.0378,1.8928,11.344,1.9978,9.9718,2.7296,8.7958,3.3624,11.0562,0.5067,-2.0666,18.85,7.88,HOLD,维持
2024-03-06,14.5,105.33,493.5971,432.5237,66.4057,45.9801,79.6986,157.2287,103.37,3.27,1.01,4.11,1.81,-0.434,21.3376,,0.66,-0.6045,-1.5305,-1.5511,0.8044,0.754,-25.0,1.0,-0.7775,2.0,-4.0,2.0436,72.5429,cnn,3,9,2,14,0.9333,0,0,0,0,normal,Normal / Mild Pullback,False,12.0959,1.2202,11.8285,2.4222,10.5326,0.964,9.9086,3.778,11.1562,0.3002,-2.5604,17.29,6.43,HOLD,维持
2024-03-07,14.44,105.45,498.4968,439.0886,66.4831,46.0452,79.7829,158.4623,102.82,3.27,1.0,4.09,1.81,-0.434,21.7666,,1.04,0.0,-0.0359,-1.6395,0.7519,0.7112,-16.0,0.0,-1.1726,0.0,-5.0,2.2888,73.8571,cnn,3,9,2,14,0.9333,0,0,0,0,normal,Normal / Mild Pullback,False,12.2255,0.0272,9.9718,1.7506,9.7093,1.016,9.9749,2.8418,10.9882,-0.6857,-3.5181,15.69,6.99,HOLD,维持
2024-03-08,14.74,100.88,495.5047,432.7504,66.5003,46.0824,79.8166,158.2807,102.74,3.26,0.99,4.09,1.81,-0.437,21.7666,,1.63,-0.6002,-1.4789,-1.6498,0.8302,0.7324,-12.0,0.0,-1.3538,-6.0,-10.0,2.6189,70.0286,cnn,3,9,2,14,0.9333,0,0,0,0,normal,Normal / Mild Pullback,False,12.5224,-0.0598,10.3187,2.171,8.9803,1.6829,9.6728,3.5785,10.9053,-0.086,-2.9355,17.9,5.31,HOLD,维持
2024-03-11,15.22,106.63,495.0786,431.1437,66.4917,45.85,79.8166,158.4815,102.87,3.26,0.98,4.1,1.83,-0.437,21.7666,,1.73,-0.6857,-1.8447,-1.1658,0.6086,0.5091,-7.0,-2.0,-1.1626,-7.0,-9.0,0.9978,62.7714,cnn,3,9,2,14,0.9333,0,0,0,0,normal,Normal / Mild Pullback,False,12.4329,0.6207,11.1063,1.9764,9.2073,1.8881,9.6524,4.8997,11.1404,0.0262,-2.852,18.28,1.06,HOLD,维持
2024-03-12,13.84,101.36,500.4044,437.3242,66.5518,45.3944,79.8587,158.8927,102.96,3.2,0.97,4.16,1.86,-0.437,21.7666,,-0.62,0.0,-0.4376,-2.6777,0.9214,0.7962,-15.0,-3.0,-1.1616,-1.0,-7.0,-3.1962,72.2,cnn,3,9,2,14,0.9333,0,0,0,0,normal,Normal / Mild Pullback,False,12.885,0.103,8.6754,0.7047,7.9384,-0.2056,9.6803,3.7813,10.9483,-1.0384,-3.8859,15.15,6.63,HOLD,维持
2024-03-13,13.75,97.03,499.6199,433.9629,66.5776,45.4409,79.9178,158.9692,102.79,3.15,0.95,4.19,1.89,-0.437,21.7666,,-0.75,-0.1568,-1.2029,-3.4816,1.778,1.6883,-21.0,-4.0,-2.0675,-12.0,-13.0,-0.0507,71.7714,cnn,3,9,2,14,0.9333,0,0,0,0,normal,Normal / Mild Pullback,False,11.6219,1.1875,10.4731,1.7105,8.6756,0.7054,10.029,3.8179,10.9456,-0.883,-3.735,15.77,6.5,HOLD,维持
2024-03-14,14.4,98.67,498.6323,432.8687,66.2597,44.2603,79.5216,157.5443,103.36,3.15,0.94,4.29,1.99,-0.437,21.8845,,-0.04,-0.3541,-1.452,-3.6299,0.8967,0.7651,-23.0,-4.0,-1.2987,2.0,2.0,-3.3636,70.4,cnn,3,9,2,14,0.9333,0,0,0,0,normal,Normal / Mild Pullback,False,11.4134,1.723,9.7399,1.8925,8.5083,-0.488,11.2185,4.345,10.9433,-0.6867,-3.5443,16.29,5.63,HOLD,维持
2024-03-15,14.41,97.82,495.2084,427.7232,66.2167,44.4927,79.5301,157.2383,103.43,3.16,0.93,4.31,1.99,-0.439,21.8845,,-0.33,-1.0384,-2.6234,-2.6505,0.4784,0.4983,-19.0,-4.0,-0.8341,7.0,5.0,-4.5511,68.6286,cnn,3,9,2,14,0.9333,0,0,0,0,normal,Normal / Mild Pullback,False,11.6166,2.2321,6.5262,2.4185,7.3349,-1.0552,11.8343,5.3194,10.8329,-1.0552,-2.8774,18.2,1.46,HOLD,维持
2024-03-18,14.33,102.87,498.1515,431.8026,66.3714,44.2106,79.6733,157.6704,103.58,3.13,0.92,4.34,2.03,-0.439,21.8845,,-0.89,-0.4502,-1.6947,-3.1832,1.0142,0.9145,-21.0,-4.0,-0.6713,4.0,6.0,-5.2038,70.7429,cnn,3,9,2,14,0.9333,0,0,0,0,normal,Normal / Mild Pullback,False,11.5232,1.3474,8.008,1.166,8.2211,-1.8192,11.5908,5.5571,10.8876,-1.8192,-3.4512,16.58,5.8,HOLD,维持
2024-03-19,13.82,99.99,500.9198,432.8785,66.6377,44.3606,80.0105,158.6115,103.81,3.1,0.92,4.3,2.0,-0.439,21.8845,,-0.02,0.0,-1.4497,-2.8793,1.209,1.1697,-27.0,-4.0,-0.2594,3.0,5.0,-5.1891,70.8571,cnn,3,9,2,14,0.9333,0,0,0,0,normal,Normal / Mild Pullback,False,11.2982,0.6011,8.0608,0.7174,7.8522,-2.9396,11.4576,5.1851,10.8473,-2.9396,-3.9848,15.51,6.1,HOLD,维持
2024-03-20,13.04,92.72,505.5529,438.011,66.8611,45.7474,80.2802,159.9655,103.41,3.14,0.92,4.27,1.96,-0.439,21.8845,,-0.71,0.0,-0.2813,-3.2172,1.7331,1.6724,-20.0,-2.0,-0.5769,-5.0,-2.0,-2.387,69.6286,cnn,3,9,2,14,0.9333,0,0,0,0,normal,Normal / Mild Pullback,False,11.5707,0.5168,7.5416,-1.4237,8.708,-4.027,10.7377,4.2845,10.7063,-4.027,-4.8647,15.1,2.15,HOLD,维持
2024-03-21,12.92,90.82,507.2237,440.0837,66.8267,46.4221,80.2718,161.0602,104.0,3.05,0.91,4.27,1.93,-0.439,27.1903,,-1.48,0.0,0.0,-3.0091,1.1941,1.1891,-17.0,-2.0,0.0385,-6.0,-9.0,0.8535,71.3714,cnn,3,9,2,14,0.9333,0,0,0,0,normal,Normal / Mild Pullback,False,9.3761,0.1666,7.2828,-0.722,10.359,-5.1781,10.7937,4.7683,10.7959,-5.1781,-5.1781,15.0,6.76,HOLD,维持
2024-03-22,13.06,91.04,506.2621,440.5871,66.758,45.4194,80.1622,160.0231,104.43,3.08,0.92,4.22,1.87,-0.437,27.1903,,-1.35,-0.1896,0.0,-3.5956,1.0247,0.9976,-15.0,-3.0,0.4714,-4.0,-9.0,-0.8625,69.5143,cnn,3,9,2,14,0.9333,0,0,0,0,normal,Normal / Mild Pullback,False,9.454,0.1823,7.2535,-0.4777,10.3546,-4.1231,11.5829,5.234,10.7873,-4.998,-4.998,15.42,2.14,HOLD,维持
2024-03-25,13.19,92.24,504.8633,438.9882,66.6549,45.485,80.0863,159.6774,104.23,3.11,0.92,4.25,1.92,-0.437,27.1903,,-1.14,-0.4653,-0.3629,-3.4546,1.1958,1.212,-12.0,-4.0,0.3852,-3.0,-5.0,0.1324,67.4286,cnn,3,9,2,14,0.9333,0,0,0,0,normal,Normal / Mild Pullback,False,9.3945,-0.1789,8.5694,-0.0866,10.299,-2.7166,12.583,5.2389,10.7866,-4.7348,-4.7348,16.15,2.07,HOLD,维持
2024-03-26,13.24,90.63,503.9308,437.5669,66.5776,45.2039,79.9346,159.5237,104.29,3.15,0.93,4.24,1.92,-0.437,27.1903,,-0.58,-0.6492,-0.6855,-3.5461,0.9474,0.9454,-11.0,-3.0,0.443,-7.0,-7.0,-1.3446,67.9143,cnn,3,9,2,14,0.9333,0,0,0,0,normal,Normal / Mild Pullback,False,9.4684,0.1156,8.5016,-0.904,11.4534,-2.5828,12.5856,5.2922,10.7817,-4.5585,-4.5585,16.67,2.05,HOLD,维持
2024-03-27,12.78,86.28,508.1658,439.0573,66.9298,46.8719,80.3644,162.0781,104.35,3.15,0.94,4.2,1.88,-0.437,27.1903,,-0.26,0.0,-0.3472,-2.7251,1.4947,1.4667,-16.0,-4.0,0.3558,-7.0,-6.0,2.4184,69.7714,cnn,3,9,2,14,0.9333,0,0,0,0,normal,Normal / Mild Pullback,False,9.7326,-1.9305,8.6869,-0.9882,11.2671,-3.7617,12.0756,4.0753,10.6988,-5.3539,-5.3539,15.12,2.28,HOLD,维持
2024-03-28,13.01,86.38,508.0688,438.2479,66.7838,47.1155,80.238,162.6447,104.55,3.12,0.93,4.2,1.88,-0.437,22.449,,0.09,-0.0191,-0.5309,-2.9436,1.0899,1.1786,-17.0,-7.0,0.3744,-5.0,-4.0,1.9452,68.7714,cnn,3,9,2,14,0.9333,0,0,0,0,normal,Normal / Mild Pullback,False,9.7337,-0.8871,13.4671,-2.3362,12.9672,-2.8314,12.7235,4.4961,10.7169,-5.3358,-5.3358,15.29,2.16,HOLD,维持
2024-04-01,13.65,94.2,507.1848,439.1758,66.5117,46.1878,79.8389,161.6844,105.02,3.12,0.93,4.33,1.98,-0.433,22.449,,0.59,-0.193,-0.3203,-2.7016,0.3024,0.3352,-20.0,-8.0,1.1169,14.0,11.0,2.1769,71.2571,cnn,3,9,2,14,0.9333,0,0,0,0,normal,Normal / Mild Pullback,False,9.351,-0.6588,13.5701,-3.3917,13.9324,-2.3173,12.844,4.8088,10.7049,-5.1708,-5.1708,15.92,6.34,HOLD,维持
2024-04-02,14.61,96.57,503.9601,435.3855,66.3995,45.3351,79.6864,160.292,104.82,3.23,0.93,4.36,2.0,-0.433,22.449,,1.42,-0.8276,-1.1806,-3.0729,0.159,0.1011,-3.0,-7.0,0.9535,14.0,12.0,0.8452,71.1429,cnn,3,9,2,14,0.9333,0,0,0,0,normal,Normal / Mild Pullback,False,9.6937,0.0925,12.8357,-2.9508,13.8517,-3.2496,13.7767,5.6458,10.6013,-4.564,-4.564,18.16,5.82,HOLD,维持
2024-04-03,14.33,97.88,504.5136,436.3627,66.4513,45.2414,79.7288,160.4648,104.25,3.23,0.92,4.36,2.0,-0.433,22.449,,1.09,-0.7187,-0.9588,-3.2226,0.3152,0.2711,-8.0,-9.0,0.4335,23.0,19.0,-4.337,69.4,cnn,3,9,2,14,0.9333,0,0,0,0,normal,Normal / Mild Pullback,False,8.8141,-1.0184,14.6528,-3.631,13.7191,-3.6695,13.7481,5.1146,10.6478,-4.6687,-4.6687,17.63,1.5,HOLD,维持
2024-04-04,16.35,96.13,498.3555,429.6904,66.3995,45.1477,79.6186,158.8323,104.12,3.24,0.92,4.31,1.97,-0.433,22.2222,,3.57,-1.9305,-2.4732,-2.6828,-0.0094,-0.1004,-3.0,-9.0,0.7255,20.0,16.0,-2.7479,53.8,cnn,3,9,2,14,0.9333,0,0,0,0,normal,Normal / Mild Pullback,False,9.9149,0.9609,12.5291,-2.641,12.8614,-1.567,13.7155,6.6325,10.2932,-3.4907,-3.4907,22.43,0.67,HOLD,维持
2024-04-05,16.03,94.31,503.5617,434.7538,66.339,45.1758,79.5762,159.783,104.3,3.18,0.92,4.39,2.02,-0.427,22.2222,,3.02,-0.906,-1.324,-2.7652,-0.2166,-0.259,-9.0,-8.0,1.4394,30.0,21.0,-2.8749,58.1,cnn,3,9,2,14,0.9333,0,0,0,0,normal,Normal / Mild Pullback,False,9.982,-1.4621,13.9584,-4.4885,10.8489,-1.3772,13.9391,6.2402,10.1777,-4.4885,-4.4885,19.42,0.67,HOLD,维持
2024-04-08,15.19,99.37,503.8435,434.8821,66.4945,45.9442,79.7881,160.2728,104.14,3.15,0.91,4.42,2.04,-0.427,22.2222,,1.54,-0.8506,-1.2949,-2.1392,-0.0087,-0.0357,-11.0,-8.0,1.3627,33.0,23.0,-1.9499,64.0286,cnn,3,9,2,14,0.9333,0,0,0,0,normal,Normal / Mild Pullback,False,9.6801,-2.751,14.9685,-3.6629,12.6966,-0.4145,14.4712,6.6547,10.2016,-4.5419,-4.5419,18.33,1.07,HOLD,维持
2024-04-09,14.98,98.73,504.4263,436.4911,66.6327,46.244,80.0084,160.9066,104.15,3.14,0.91,4.36,2.0,-0.427,22.2222,,0.37,-0.7359,-0.9297,-1.6267,0.212,0.2403,-12.0,-7.0,1.2443,26.0,17.0,-1.0095,59.6286,cnn,3,9,2,14,0.9333,0,0,0,0,normal,Normal / Mild Pullback,False,9.6593,-3.0405,14.2561,-2.6323,14.7939,-0.4198,14.4706,7.1458,10.2465,-4.6522,-4.6522,17.18,1.18,HOLD,维持
2024-04-10,15.8,109.59,499.3754,432.6811,66.0454,43.9483,79.2627,158.1697,105.25,3.1,0.89,4.55,2.15,-0.427,22.2222,,1.47,-1.7298,-1.7944,-2.035,-0.7609,-0.7464,-10.0,-8.0,2.2242,39.0,29.0,-2.9863,49.6714,cnn,3,9,2,14,0.9333,0,0,0,0,normal,Normal / Mild Pullback,False,9.6769,-2.6395,13.842,-1.6942,14.2238,0.5971,13.9946,8.3544,9.9765,-3.6878,-3.6878,20.39,0.77,HOLD,维持
2024-04-11,14.91,108.86,503.1442,439.5903,65.985,43.9857,79.1864,158.0545,105.28,3.16,0.89,4.56,2.16,-0.427,24.0437,,-1.44,-0.9882,-0.2262,-2.5782,-0.8901,-0.9151,1.0,-6.0,2.4224,37.0,27.0,-3.8804,56.6571,cnn,3,9,2,14,0.9333,0,0,0,0,normal,Normal / Mild Pullback,False,10.0263,-3.5676,9.0847,-2.8012,13.2709,0.4189,13.887,7.6473,9.8931,-4.4093,-4.4093,17.25,1.21,HOLD,维持
2024-04-12,17.31,112.82,496.1991,432.5824,65.9504,43.5922,79.178,155.5481,106.04,3.25,0.92,4.5,2.11,-0.421,24.0437,,1.28,-2.3549,-1.8168,-2.5549,-0.4667,-0.4321,10.0,-2.0,2.5929,21.0,12.0,-1.0265,45.0143,cnn,3,9,2,14,0.9333,0,0,0,0,normal,Normal / Mild Pullback,False,11.2033,-3.0713,7.2736,-0.507,12.9921,1.9556,12.8481,10.2341,9.5326,-3.0713,-3.0713,21.65,0.67,HOLD,维持
2024-04-15,19.23,121.15,489.9828,425.466,65.5705,43.4235,78.7034,154.2037,106.21,3.28,0.92,4.63,2.2,-0.421,24.0437,,4.04,-3.5782,-3.432,-1.8058,-0.976,-1.0394,12.0,-1.0,2.6878,32.0,21.0,-1.3622,38.4,cnn,3,9,2,14,0.9333,1,0,1,2,normal,Normal / Mild Pullback,False,11.8124,-0.9377,10.8234,1.1121,11.1844,3.2629,11.8172,10.6701,9.3127,-1.8416,-1.8416,32.95,2.67,HOLD,维持
2024-04-16,18.4,119.59,489.0891,425.5054,65.3546,42.8706,78.4408,153.3491,106.26,3.36,0.95,4.67,2.24,-0.421,24.0437,,3.42,-3.754,-3.4231,-1.7085,-1.532,-1.547,23.0,3.0,2.5874,33.0,21.0,-1.2342,35.1143,cnn,3,9,2,14,0.9333,0,0,1,1,normal,Normal / Mild Pullback,False,11.5694,0.421,14.5492,-0.3078,14.0964,3.9263,11.7892,11.5716,9.3303,-1.6623,-1.6623,32.37,0.67,HOLD,维持
2024-04-17,18.21,113.29,486.1946,420.3138,65.441,42.9456,78.5424,153.0322,105.95,3.42,0.95,4.59,2.2,-0.421,24.0437,,2.41,-4.3236,-4.6014,-1.6366,-1.7959,-1.8348,32.0,3.0,2.0615,29.0,20.0,-0.2576,31.1571,cnn,3,9,2,14,0.9333,0,0,1,1,normal,Normal / Mild Pullback,False,11.4372,0.9709,13.4195,-0.04,13.8588,5.8396,11.953,12.5445,9.1905,-1.0768,-1.0768,35.55,0.67,HOLD,维持
2024-04-18,18.0,108.66,485.1941,417.9153,65.4927,43.208,78.6441,152.8882,106.15,3.39,0.94,4.64,2.24,-0.421,33.9623,,3.09,-4.5205,-5.1458,-1.2898,-2.0466,-2.0379,25.0,2.0,2.6496,37.0,28.0,-1.5879,30.4,cnn,3,9,2,14,0.9333,0,0,1,1,normal,Normal / Mild Pullback,False,10.7136,0.7948,13.7987,1.1031,14.5528,5.8396,11.953,13.4454,9.1864,-0.8728,-0.8728,37.03,0.67,HOLD,维持
2024-04-19,18.71,111.26,480.9592,409.269,65.6137,44.3418,78.8051,153.4643,106.15,3.37,0.94,4.62,2.21,-0.416,33.9623,,1.4,-5.3539,-7.1083,0.5837,-1.8152,-1.8271,32.0,3.0,2.0673,35.0,28.0,0.7349,27.6714,cnn,3,9,2,14,0.9333,0,0,1,1,normal,Normal / Mild Pullback,False,10.77,2.6456,10.9538,3.2575,14.3998,6.925,11.1617,12.8396,9.5166,0.9209,0.9209,39.96,0.67,HOLD,维持
2024-04-22,16.94,108.56,485.3884,413.3848,65.9763,45.1477,79.2119,154.6358,106.08,3.29,0.93,4.62,2.21,-0.416,33.9623,,-2.29,-4.4823,-6.1741,-0.0337,-1.1709,-1.1855,21.0,1.0,1.58,40.0,34.0,3.6764,34.1714,cnn,3,9,2,14,0.9333,0,0,1,1,normal,Normal / Mild Pullback,False,11.563,2.0691,10.3914,3.3719,14.5382,6.0714,10.9684,10.9507,9.603,0.1261,0.1261,33.23,0.67,HOLD,维持
2024-04-23,15.69,106.85,491.1483,419.5536,66.244,45.6631,79.5169,156.0091,105.69,3.2,0.92,4.61,2.2,-0.416,33.9623,,-2.71,-3.3488,-4.774,-0.468,-0.6164,-0.711,9.0,0.0,1.4007,36.0,28.0,3.1948,36.5714,cnn,3,9,2,14,0.9333,0,0,1,1,normal,Normal / Mild Pullback,False,12.5702,-0.7258,15.07,2.2723,13.7619,5.0845,10.4581,8.9214,9.5215,-1.0482,-1.0482,28.92,0.82,HOLD,维持
2024-04-24,15.97,110.21,490.9152,420.975,66.0972,45.9254,79.3813,156.2299,105.86,3.19,0.92,4.65,2.24,-0.416,33.9623,,-2.24,-3.3947,-4.4514,-0.099,-0.7214,-0.6922,4.0,-1.0,1.5054,41.0,32.0,4.2898,37.4857,cnn,3,9,2,14,0.9333,0,0,1,1,normal,Normal / Mild Pullback,False,12.5724,-1.0012,15.085,2.3308,13.7332,4.8318,10.5826,10.0966,9.6827,-1.0012,-1.0012,28.41,0.68,HOLD,维持
2024-04-25,15.37,108.55,489.0502,418.9417,65.9591,45.4194,79.161,155.9034,105.6,3.24,0.92,4.7,2.28,-0.416,33.9332,,-2.63,-3.7617,-4.9129,-0.0239,-1.4504,-1.4975,9.0,-2.0,1.1979,50.0,40.0,0.6888,39.0857,cnn,3,9,2,14,0.9333,0,0,1,1,normal,Normal / Mild Pullback,False,12.0619,0.3059,16.8706,3.3129,13.3757,4.4628,10.9235,10.3431,9.6401,-0.6236,-0.6236,28.5,0.98,HOLD,维持
2024-04-26,15.03,104.4,493.6835,425.4067,66.1663,45.1571,79.4237,155.9803,105.94,3.16,0.9,4.67,2.24,-0.413,33.9332,,-3.68,-2.8499,-3.4455,-1.2655,-0.9246,-1.0149,4.0,-3.0,1.3295,47.0,36.0,-1.364,40.5143,cnn,3,9,2,14,0.9333,0,0,0,0,normal,Normal / Mild Pullback,False,12.7126,0.5961,17.9147,2.4751,12.9415,4.1672,10.7185,6.8303,10.7409,-1.5563,-1.5563,22.48,1.15,HOLD,维持
2024-04-29,14.67,105.42,495.4318,427.1341,66.3649,44.7635,79.6694,157.0654,105.58,3.12,0.9,4.63,2.22,-0.413,33.9332,,-2.27,-2.5059,-3.0534,-0.7869,-0.2207,-0.2123,0.0,-3.0,0.5332,30.0,24.0,-0.7847,42.4286,cnn,3,9,2,14,0.9333,0,0,0,0,normal,Normal / Mild Pullback,False,12.8318,1.2763,19.0721,2.1272,12.9738,3.8721,10.7134,5.8987,10.8059,-1.9037,-1.9037,21.58,1.33,HOLD,维持
2024-04-30,15.65,107.46,487.5836,419.0799,65.8814,44.0607,79.1695,154.7991,106.22,3.18,0.91,4.69,2.28,-0.413,33.9332,,-0.04,-4.0503,-4.8815,0.4903,-0.7803,-0.6486,-5.0,-2.0,1.3356,33.0,28.0,0.4532,40.5429,cnn,3,9,2,14,0.9333,0,0,0,0,normal,Normal / Mild Pullback,False,13.7517,3.02,10.6114,4.2472,8.1705,4.805,9.0815,8.8084,10.4135,-0.3247,-0.3247,25.62,0.84,HOLD,维持
2024-05-01,15.39,100.64,486.0003,416.0497,66.2286,45.1945,79.5181,154.271,105.76,3.21,0.91,4.63,2.25,-0.413,33.9332,,-0.58,-4.3619,-5.5692,0.9762,-0.3351,-0.2642,-2.0,-1.0,1.4484,27.0,25.0,3.7018,40.5143,cnn,3,9,2,14,0.9333,0,0,0,0,normal,Normal / Mild Pullback,False,13.7245,3.3656,8.9116,5.8819,7.9488,4.4489,9.4333,9.227,10.3697,0.9353,0.9353,26.55,0.97,HOLD,维持
2024-05-02,14.68,100.7,490.5461,421.3599,66.6366,45.9348,79.9783,155.2216,105.3,3.16,0.9,4.58,2.21,-0.413,32.4921,,-0.69,-3.4673,-4.364,0.3158,0.3571,0.4518,-8.0,-2.0,1.1333,27.0,24.0,3.3632,42.2286,cnn,3,9,2,14,0.9333,0,0,0,0,normal,Normal / Mild Pullback,False,13.6967,2.9978,8.5873,4.6849,8.5365,4.4235,9.4093,7.6666,10.3243,1.2395,1.2395,24.16,1.33,HOLD,维持
2024-05-03,13.49,95.96,496.6266,429.8286,66.9144,46.5252,80.3448,156.326,105.03,3.08,0.89,4.5,2.15,-0.413,32.4921,,-1.54,-2.2708,-2.4419,0.2309,0.8673,0.9658,-10.0,-3.0,0.6999,11.0,13.0,4.4251,43.2571,cnn,3,9,2,14,0.9333,0,0,0,0,normal,Normal / Mild Pullback,False,13.9236,1.8678,6.7791,3.5518,7.4527,3.2291,8.6152,8.077,10.5263,1.0327,1.0327,20.85,1.92,HOLD,维持
2024-05-06,13.49,94.5,501.7551,434.5367,66.9925,46.8906,80.43,157.5264,105.05,3.03,0.88,4.49,2.14,-0.413,32.4921,,-1.18,-1.2615,-1.3733,-0.2081,0.749,0.8046,-12.0,-3.0,0.8738,7.0,10.0,2.4847,39.0,cnn,3,9,2,14,0.9333,0,0,1,1,normal,Normal / Mild Pullback,False,14.4581,0.8402,3.7152,2.6115,6.4699,2.2882,7.9807,5.4575,10.829,0.1103,0.1103,21.81,2.43,HOLD,维持
2024-05-07,13.23,98.04,502.3087,434.6058,67.0012,46.7407,80.4641,157.968,105.41,3.06,0.88,4.47,2.15,-0.413,32.4921,,-2.42,-1.1526,-1.3576,0.4189,0.5531,0.5696,-8.0,-3.0,1.2098,11.0,15.0,1.5,37.1714,cnn,3,9,2,14,0.9333,0,0,1,1,normal,Normal / Mild Pullback,False,14.4575,1.1912,4.1703,2.7497,6.419,3.3898,8.8357,3.38,11.5553,0.0097,0.0097,22.57,2.56,HOLD,维持
2024-05-08,13.0,95.58,502.3574,434.3492,66.8449,47.0124,80.2937,157.9297,105.55,3.1,0.89,4.48,2.17,-0.413,32.4921,,-2.39,-1.143,-1.4158,-0.3365,1.2106,1.3007,0.0,0.0,0.285,-7.0,2.0,6.3373,38.1714,cnn,3,9,2,14,0.9333,0,0,1,1,normal,Normal / Mild Pullback,False,13.9823,2.4343,7.5884,2.444,6.9142,3.3778,8.8385,0.3595,13.1002,0.5762,0.3595,22.02,2.17,HOLD,维持
2024-05-09,12.69,93.85,505.2518,435.2966,66.8623,47.2373,80.3192,159.2549,105.23,3.14,0.89,4.45,2.13,-0.413,23.8095,,-1.99,-0.5734,-1.2008,0.2137,1.3296,1.4305,-2.0,0.0,-0.0475,-11.0,-3.0,6.9444,42.2286,cnn,3,9,2,14,0.9333,0,0,0,0,normal,Normal / Mild Pullback,False,13.8741,1.6379,8.8933,1.1131,8.1553,2.6607,8.7569,0.7045,13.1824,0.1288,-0.2155,16.68,2.32,HOLD,维持
2024-05-10,12.55,94.23,505.9027,436.3232,66.7581,47.1811,80.1317,159.5141,105.31,3.12,0.89,4.5,2.16,-0.413,23.8095,,-0.94,-0.4453,-0.9678,0.2414,1.2247,1.2046,-13.0,-3.0,-0.6884,0.0,5.0,6.157,46.0286,cnn,3,9,2,14,0.9333,0,0,0,0,normal,Normal / Mild Pullback,False,12.8431,1.6531,8.8732,1.6512,8.6107,2.8454,8.7795,-0.0973,13.2537,0.0134,-0.3438,16.32,2.39,HOLD,维持
2024-05-13,13.6,105.35,505.9706,437.33,66.7408,47.1343,80.1403,159.4757,105.22,3.14,0.9,4.48,2.15,-0.413,23.8095,,0.11,-0.432,-0.7393,-0.3412,1.7848,1.8256,-14.0,-2.0,-0.9321,-15.0,-5.0,5.1157,48.1143,cnn,3,9,2,14,0.9333,0,0,0,0,normal,Normal / Mild Pullback,False,11.8199,1.7566,8.6732,1.7086,8.5877,3.0792,8.773,2.1985,14.0582,0.3263,-0.3572,16.28,1.87,HOLD,维持
2024-05-14,13.42,106.55,508.2922,440.1429,66.8449,47.6871,80.2596,160.1095,105.01,3.14,0.9,4.45,2.12,-0.413,23.8095,,0.19,0.0,-0.1008,-0.4461,2.2805,2.3187,-22.0,-5.0,-1.1764,-22.0,-12.0,7.0326,55.2857,cnn,3,9,2,14,0.9333,0,0,0,0,normal,Normal / Mild Pullback,False,11.7903,1.5402,8.6354,0.5351,9.4312,3.4512,9.0291,2.1803,14.056,-0.1319,-0.8123,15.16,1.96,HOLD,维持
2024-05-15,12.45,93.78,514.5863,447.0226,67.2356,47.8558,80.7027,161.3867,104.35,3.13,0.9,4.36,2.05,-0.413,23.8095,,-0.55,0.0,0.0,-1.1966,2.7424,2.7505,-29.0,-5.0,-1.5101,-23.0,-15.0,5.2853,59.3714,cnn,3,9,2,14,0.9333,0,0,0,0,normal,Normal / Mild Pullback,False,11.9582,0.0095,3.718,-1.3534,7.3852,2.3915,8.118,0.9835,13.8339,-1.3534,-2.0255,15.0,2.44,HOLD,维持
2024-05-16,12.42,91.83,513.5276,446.1145,67.0794,47.6496,80.5408,161.1275,104.46,3.08,0.89,4.38,2.07,-0.413,23.2558,,-0.27,-0.2057,-0.2031,-1.2603,2.4226,2.4118,-31.0,-5.0,-1.5921,-26.0,-17.0,4.1952,62.3143,cnn,3,9,2,14,0.9333,0,0,0,0,normal,Normal / Mild Pullback,False,11.9581,-0.5164,6.4528,-0.2497,9.022,2.6651,8.0315,2.8559,14.2149,-1.15,-1.8235,15.52,2.46,HOLD,维持
2024-05-17,11.99,89.35,514.2657,445.8974,67.088,47.9682,80.5323,161.3675,104.45,3.09,0.89,4.42,2.1,-0.413,23.2558,,-0.56,-0.0623,-0.2517,-0.2034,2.247,2.1917,-28.0,-5.0,-1.6015,-20.0,-11.0,1.1722,62.8,cnn,3,9,2,14,0.9333,0,0,0,0,normal,Normal / Mild Pullback,False,11.169,-0.0019,8.433,-0.3116,8.9949,3.3336,8.368,3.0323,14.2242,-1.2919,-1.9644,15.23,2.67,HOLD,维持
2024-05-20,12.15,88.13,514.8583,449.0064,67.1228,47.2748,80.5834,161.2331,104.57,3.07,0.88,4.44,2.11,-0.413,23.2558,,-1.45,0.0,0.0,-0.5972,1.7376,1.7315,-22.0,-5.0,-1.4235,-18.0,-10.0,-1.2821,60.4286,cnn,3,9,2,14,0.9333,0,0,0,0,normal,Normal / Mild Pullback,False,10.9754,-0.0472,8.4,-0.3151,8.9933,3.477,8.3717,4.6776,14.6204,-1.4055,-2.0773,15.0,2.59,HOLD,维持
2024-05-21,11.86,85.34,516.121,449.8849,67.0707,47.3404,80.5408,161.1658,104.66,3.07,0.89,4.41,2.09,-0.413,23.2558,,-1.56,0.0,0.0,-0.8469,1.2478,1.2876,-13.0,-3.0,-0.9745,-20.0,-11.0,-1.343,59.4286,cnn,3,9,2,14,0.9333,0,0,0,0,normal,Normal / Mild Pullback,False,10.4604,-0.9899,9.2438,0.6229,10.8391,2.9434,8.511,4.6556,14.6194,-1.6467,-2.3169,15.0,2.74,HOLD,维持
2024-05-22,12.29,82.49,514.635,449.7961,66.9231,46.7688,80.3704,160.5512,104.94,3.11,0.89,4.43,2.1,-0.413,23.2558,,-0.16,-0.2879,-0.0197,-1.1906,1.2494,1.2459,-8.0,-3.0,-0.8691,-22.0,-14.0,-2.8573,58.5143,cnn,3,9,2,14,0.9333,0,0,0,0,normal,Normal / Mild Pullback,False,10.5853,-1.3627,9.8422,0.9116,10.6739,3.1022,8.4241,5.9614,14.7081,-1.3627,-2.0348,15.64,2.52,HOLD,维持
2024-05-23,12.77,86.15,510.8758,447.7727,66.6887,45.6443,80.072,158.3042,105.11,3.1,0.89,4.47,2.17,-0.413,26.3158,,0.35,-1.0163,-0.4695,-2.0226,1.1061,1.1508,-14.0,-3.0,-0.464,-23.0,-11.0,-3.7982,52.3714,cnn,3,9,2,14,0.9333,0,0,0,0,normal,Normal / Mild Pullback,False,10.9246,0.2681,11.7311,1.5305,9.7541,3.5233,7.9675,6.5675,14.6168,-0.6369,-1.3139,17.63,2.28,HOLD,维持
2024-05-24,11.93,83.57,514.256,452.007,66.9231,45.8411,80.3533,159.3509,104.72,3.11,0.89,4.46,2.14,-0.412,26.3158,,-0.06,-0.3613,0.0,-2.0755,1.1437,1.1704,-5.0,-1.0,-1.1516,-21.0,-10.0,-2.5462,51.7429,cnn,3,9,2,14,0.9333,0,0,0,0,normal,Normal / Mild Pullback,False,10.7176,-0.3098,10.5037,1.1748,9.3952,3.2388,7.8029,6.2308,14.58,-1.2901,-1.9626,15.79,2.7,HOLD,维持
2024-05-28,12.92,89.67,514.6155,453.7145,66.654,45.4569,80.055,158.2465,104.61,3.09,0.88,4.54,2.2,-0.412,26.3158,,0.77,-0.2917,0.0,-2.5919,0.4355,0.484,-3.0,-2.0,-0.9187,-9.0,-2.0,-2.2364,54.6857,cnn,3,9,2,14,0.9333,0,0,0,0,normal,Normal / Mild Pullback,False,10.7132,-0.268,10.5409,1.3476,9.4104,3.2955,7.7969,5.3235,14.6933,-1.359,-2.0311,16.14,2.21,HOLD,维持
2024-05-29,14.28,93.45,511.0118,450.5166,66.4543,44.3606,79.7908,156.3932,105.1,3.15,0.88,4.61,2.25,-0.412,26.3158,,2.42,-0.9899,-0.7048,-3.3347,0.8696,0.7848,-3.0,-3.0,-1.0544,-8.0,-3.0,-3.9353,49.9714,cnn,3,9,2,14,0.9333,0,0,0,0,normal,Normal / Mild Pullback,False,9.1086,1.629,11.66,2.9006,8.6941,4.1879,7.098,7.1932,14.7321,-0.6634,-1.3402,19.0,1.53,HOLD,维持
2024-05-30,14.47,91.09,507.6218,445.69,66.7234,45.1383,80.072,157.1134,104.72,3.19,0.88,4.55,2.19,-0.412,26.7123,,2.18,-1.6467,-1.7686,-2.774,0.7471,0.6966,-2.0,-3.0,-0.9834,-8.0,-6.0,-4.3785,45.0857,cnn,3,9,2,14,0.9333,0,0,0,0,normal,Normal / Mild Pullback,False,9.458,2.3057,8.6873,3.7963,6.9522,4.471,6.7114,7.6518,14.6612,0.9108,-0.6813,20.66,1.43,HOLD,维持
2024-05-31,12.92,91.14,512.2454,444.861,66.9578,45.7755,80.413,159.1972,104.67,3.2,0.88,4.51,2.16,-0.409,26.7123,,0.15,-0.7509,-1.9513,-2.434,0.482,0.5435,4.0,-2.0,-0.5983,-7.0,-5.0,-4.5682,48.4286,cnn,3,9,2,14,0.9333,0,0,0,0,normal,Normal / Mild Pullback,False,9.4338,1.2591,8.3879,2.9221,6.4081,3.7411,6.2001,6.8266,14.57,0.0815,-1.5778,17.43,2.21,HOLD,维持
2024-06-03,13.11,93.92,512.663,447.2495,67.1654,44.979,80.6367,158.3522,104.14,3.17,0.88,4.41,2.08,-0.409,26.7123,,1.18,-0.67,-1.4249,-2.8309,0.3751,0.3633,9.0,-1.0,-0.8474,-9.0,-7.0,-6.3474,45.4857,cnn,3,9,2,14,0.9333,0,0,0,0,normal,Normal / Mild Pullback,False,8.6327,1.4892,8.254,3.6567,6.7518,4.3542,6.4202,6.12,14.6389,0.1118,-1.658,17.74,2.11,HOLD,维持
2024-06-04,13.16,100.11,513.2361,448.4735,67.1305,44.1825,80.6024,157.872,104.11,3.22,0.9,4.33,2.02,-0.409,26.7123,,0.24,-0.5589,-1.1551,-3.7041,0.2059,0.2143,19.0,2.0,-0.8948,-16.0,-12.0,-7.8832,47.6286,cnn,3,9,2,14,0.9333,0,0,0,0,normal,Normal / Mild Pullback,False,7.9939,1.62,8.1228,3.804,6.6428,4.7028,6.4594,6.011,14.64,1.0636,-1.7678,16.79,2.09,HOLD,维持
2024-06-05,12.63,102.43,519.3361,457.5145,67.3486,44.3231,80.8681,158.8323,104.27,3.2,0.91,4.29,1.99,-0.409,26.7123,,-1.65,0.0,0.0,-4.4598,0.5184,0.5021,14.0,3.0,-1.0815,-18.0,-16.0,-8.2815,51.1429,cnn,3,9,2,14,0.9333,0,1,0,1,normal,Normal / Mild Pullback,False,8.8563,1.2512,5.7655,2.3061,5.6201,4.0697,5.572,5.7659,14.5744,-0.1234,-2.9216,11.0,11.77,HOLD,维持
2024-06-06,12.58,100.99,519.3262,457.3567,67.2352,44.4355,80.7481,158.5251,104.1,3.2,0.92,4.28,2.0,-0.409,31.9853,,-1.89,-0.0019,-0.0345,-3.8665,0.5838,0.566,10.0,3.0,-1.3738,-20.0,-17.0,-8.5697,45.3143,cnn,3,9,2,14,0.9333,0,1,0,1,normal,Normal / Mild Pullback,False,8.8591,1.457,5.3766,2.1709,5.8077,4.1917,5.5312,3.5913,15.2391,-0.1216,-2.9197,11.02,12.23,HOLD,维持
2024-06-07,12.22,91.82,518.6949,456.952,67.0607,44.2387,80.5081,158.0257,104.89,3.15,0.9,4.43,2.13,-0.403,31.9853,,-0.7,-0.1234,-0.123,-4.2492,0.2968,0.2352,1.0,1.0,-0.3231,-2.0,0.0,-8.7751,43.4,cnn,3,9,2,14,0.9333,0,1,0,1,normal,Normal / Mild Pullback,False,8.7783,1.6423,4.5976,1.9627,6.2145,4.42,5.4129,3.5051,15.2443,0.309,-2.8016,11.31,12.72,HOLD,维持
2024-06-10,12.74,94.16,520.2976,458.7977,67.1218,43.5547,80.5853,158.4482,105.15,3.15,0.9,4.47,2.16,-0.403,31.9853,,-0.37,0.0,0.0,-3.6142,0.5447,0.566,3.0,1.0,-0.1519,-3.0,0.0,-10.2402,44.7429,cnn,3,9,2,14,0.9333,0,1,0,1,normal,Normal / Mild Pullback,False,8.8004,2.1357,5.6481,2.0401,6.2649,5.1284,6.0593,2.9353,15.2474,0.2408,-3.101,11.0,14.66,HOLD,维持
2024-06-11,12.85,97.27,521.5507,461.9463,67.209,43.3954,80.7224,157.7952,105.23,3.19,0.91,4.39,2.12,-0.403,31.9853,,-0.31,0.0,0.0,-4.7144,0.7015,0.7264,5.0,1.0,0.0095,-9.0,-3.0,-10.6827,44.4,cnn,3,9,2,14,0.9333,0,1,0,1,normal,Normal / Mild Pullback,False,8.7934,2.1492,5.622,1.9219,6.2719,3.9715,7.2403,0.9597,15.6548,0.8213,-3.3338,11.0,15.27,HOLD,维持
2024-06-12,12.04,91.73,525.8342,467.9967,67.4794,44.473,81.0052,158.6403,104.65,3.09,0.9,4.31,2.09,-0.403,31.9853,,-0.59,0.0,0.0,-4.6818,0.9491,0.9291,-5.0,0.0,-0.3428,-14.0,-3.0,-9.8512,46.5714,cnn,3,9,2,14,0.9333,0,1,0,1,normal,Normal / Mild Pullback,False,9.0509,1.0418,6.1284,1.251,5.2075,3.775,7.0531,1.2584,15.731,0.2013,-4.1213,11.0,14.42,HOLD,维持
2024-06-13,11.94,91.93,526.8929,470.5334,67.4707,43.7702,81.0224,158.1889,105.2,3.2,0.92,4.24,2.03,-0.403,25.6757,,-0.64,0.0,0.0,-5.1827,0.3496,0.3961,7.0,2.0,0.8146,-12.0,-2.0,-10.6736,44.5714,cnn,3,9,2,14,0.9333,0,1,0,1,normal,Normal / Mild Pullback,False,8.1313,0.7036,6.5941,0.65,5.7872,3.8513,7.0601,1.4951,15.7497,0.0609,-4.3139,11.0,15.89,HOLD,维持
2024-06-14,12.66,100.16,527.2135,472.9713,67.209,43.2173,80.6967,157.1806,105.55,3.29,0.95,4.2,2.03,-0.395,25.6757,,0.44,0.0,0.0,-5.7779,0.1933,0.1935,21.0,6.0,1.0435,-18.0,-4.0,-11.6563,41.1143,cnn,3,9,2,14,0.9333,0,1,0,1,normal,Normal / Mild Pullback,False,8.0445,0.3152,7.4077,0.7958,5.8298,4.4037,7.1824,2.474,15.8814,0.3152,-4.3721,11.29,17.6,HOLD,维持
2024-06-17,12.75,99.07,531.4095,478.7652,67.2526,43.9483,80.7824,158.3234,105.32,3.26,0.95,4.28,2.06,-0.395,25.6757,,0.01,0.0,0.0,-6.1732,0.2453,0.3106,17.0,6.0,0.8329,-14.0,-4.0,-11.3363,43.2857,cnn,3,9,2,14,0.9333,0,1,0,1,normal,Normal / Mild Pullback,False,8.3822,-0.0936,5.0723,0.6729,5.4303,2.127,8.8925,2.5213,15.891,-0.4769,-5.1272,11.01,17.47,HOLD,维持
2024-06-18,12.3,97.99,532.7597,478.9132,67.4619,44.0607,81.0567,158.7171,105.26,3.24,0.96,4.22,2.01,-0.395,25.6757,,-0.55,0.0,0.0,-5.7492,0.5053,0.5873,17.0,8.0,0.6598,-22.0,-10.0,-9.9305,41.2857,cnn,3,9,2,14,0.9333,0,1,0,1,normal,Normal / Mild Pullback,False,8.3857,-0.2225,4.705,0.8658,5.6934,1.0853,9.3957,2.7955,15.9156,-0.7291,-5.3676,11.0,15.16,HOLD,维持
2024-06-20,13.28,94.14,531.3124,475.2217,67.4183,44.1357,80.971,158.8131,105.59,3.23,0.96,4.25,2.0,-0.395,22.508,,1.24,-0.2717,-0.7708,-5.4924,0.5184,0.5341,16.0,7.0,0.8886,-16.0,-9.0,-9.4353,38.7143,cnn,3,9,2,14,0.9333,0,1,1,2,normal,Normal / Mild Pullback,False,8.5257,0.2071,4.3731,1.7238,5.7881,0.6876,9.6772,3.2278,15.903,-0.4587,-5.1098,16.38,13.67,HOLD,维持
2024-06-21,13.2,94.09,530.6001,473.9485,67.4968,44.0513,81.0567,159.0148,105.8,3.21,0.96,4.25,2.02,-0.387,22.508,,1.26,-0.4054,-1.0367,-5.3292,0.8573,0.8539,10.0,7.0,0.8195,-18.0,-8.0,-8.6445,39.0571,cnn,3,9,2,14,0.9333,0,1,1,2,normal,Normal / Mild Pullback,False,8.4388,-0.0533,5.3186,1.9779,5.5505,1.8622,10.2673,3.4086,15.8983,-0.3251,-4.9825,16.59,12.36,HOLD,维持
2024-06-24,13.33,95.2,528.8753,468.5527,67.4271,44.9604,81.031,159.7794,105.47,3.19,0.96,4.25,2.03,-0.387,22.508,,0.67,-0.7291,-2.1633,-5.2785,1.1072,1.1976,9.0,7.0,0.3425,-22.0,-14.0,-4.8509,37.7714,cnn,3,9,2,14,0.9333,0,0,1,1,normal,Normal / Mild Pullback,False,7.9856,0.479,4.6292,2.41,4.7923,2.0341,10.1935,3.4381,15.8955,0.2727,-4.6726,22.02,2.28,HOLD,维持
2024-06-25,12.84,96.97,530.912,473.9109,67.5143,44.3461,81.1081,158.6802,105.61,3.19,0.96,4.23,2.01,-0.387,22.508,,0.09,-0.3468,-1.0445,-6.6353,0.8834,0.9393,8.0,7.0,0.8499,-23.0,-13.0,-6.2961,37.2857,cnn,3,9,2,14,0.9333,0,0,1,1,normal,Normal / Mild Pullback,False,7.8205,0.7672,5.9987,3.0266,6.0798,-0.6608,13.1924,4.7996,16.2331,-0.6608,-5.0383,20.68,3.88,HOLD,维持
2024-06-26,12.55,97.91,531.5745,474.8896,67.366,44.5351,80.8938,158.0825,106.05,3.18,0.97,4.32,2.06,-0.387,22.508,,0.25,-0.2225,-0.8402,-6.7137,1.0682,1.0478,9.0,9.0,1.3765,-22.0,-14.0,-5.1534,40.8857,cnn,3,9,2,14,0.9333,0,0,0,0,normal,Normal / Mild Pullback,False,7.8144,1.0907,6.3266,2.011,8.4452,-1.3015,13.2893,4.4881,16.2409,-1.3015,-5.1566,15.95,4.11,HOLD,维持
2024-06-27,12.24,95.69,532.4126,476.1155,67.4445,45.0076,81.0052,158.2753,105.91,3.21,0.96,4.29,2.03,-0.387,28.3465,,-1.04,-0.0652,-0.5842,-6.535,1.49,1.522,6.0,8.0,0.7707,-32.0,-22.0,-2.6196,45.5143,cnn,3,9,2,14,0.9333,0,0,0,0,normal,Normal / Mild Pullback,False,7.1193,1.5136,6.7589,2.4928,8.7075,-0.3532,13.9206,4.5843,16.244,-1.4569,-5.3059,15.35,4.08,HOLD,维持
2024-06-28,12.44,98.59,530.3175,473.644,67.2788,46.3967,80.7995,158.391,105.87,3.18,0.96,4.36,2.08,-0.38,28.3465,,-0.76,-0.4584,-1.1003,-6.0953,0.8323,0.9086,-1.0,8.0,1.0982,-19.0,-11.0,-1.6112,44.3143,cnn,3,9,2,14,0.9333,0,0,0,0,normal,Normal / Mild Pullback,False,6.7362,2.0323,3.7632,3.1807,7.9438,0.0992,13.8508,5.2979,16.2199,-1.0676,-4.9318,16.39,3.54,HOLD,维持
2024-07-01,12.22,106.23,531.4088,476.422,67.2656,46.1793,80.7254,157.1087,105.9,3.21,0.94,4.48,2.16,-0.38,28.3465,,-1.11,-0.2536,-0.5202,-7.2376,0.4597,0.3885,1.0,6.0,1.1751,-3.0,0.0,-2.7558,47.9429,cnn,3,9,2,14,0.9333,0,0,0,0,normal,Normal / Mild Pullback,False,6.2222,1.9218,4.1762,3.5794,8.033,-0.6124,13.9449,4.8499,16.23,-1.2707,-5.1271,15.74,4.79,HOLD,维持
2024-07-02,12.03,107.51,534.9852,481.4242,67.4498,46.7274,81.0099,157.8125,105.72,3.23,0.93,4.43,2.13,-0.38,28.3465,,-0.81,0.0,0.0,-7.0345,0.4234,0.4628,6.0,5.0,1.5172,2.0,5.0,-0.4476,49.7429,cnn,3,9,2,14,0.9333,0,0,0,0,normal,Normal / Mild Pullback,False,6.4426,2.2422,5.8207,1.4444,11.689,0.3279,14.9384,4.5619,16.1969,-1.9308,-5.7613,15.0,4.69,HOLD,维持
2024-07-03,12.09,102.83,537.3726,485.4379,67.6865,45.9715,81.1995,157.88,105.4,3.25,0.93,4.36,2.09,-0.38,28.3465,,-0.46,0.0,0.0,-7.6392,0.8282,0.7408,3.0,3.0,1.2391,3.0,7.0,-0.6244,48.3714,cnn,3,9,2,14,0.9333,0,0,0,0,normal,Normal / Mild Pullback,False,6.4815,0.9103,10.9658,0.2176,12.3844,-1.5323,15.6842,3.9464,16.1844,-2.3664,-6.1799,15.0,5.26,HOLD,维持
2024-07-05,12.48,98.78,540.4713,490.4995,67.8881,45.3005,81.5357,157.8125,104.88,3.27,0.92,4.28,2.0,-0.374,26.087,,0.24,0.0,0.0,-8.4639,0.8012,0.8255,7.0,1.0,0.585,-1.0,1.0,-1.7915,49.7143,cnn,3,9,2,14,0.9333,0,0,0,0,normal,Normal / Mild Pullback,False,5.5841,0.9646,11.0933,-1.0187,12.3993,-3.9197,16.7163,3.7646,16.1648,-3.9197,-6.7179,15.16,5.89,HOLD,维持
2024-07-08,12.37,97.96,541.095,491.666,67.8706,45.31,81.4495,158.121,105.01,3.2,0.92,4.28,2.01,-0.374,26.087,,-0.07,0.0,0.0,-7.7386,0.9451,0.8686,0.0,0.0,0.8742,0.0,1.0,-2.1343,51.0571,cnn,3,9,2,14,0.9333,0,0,0,0,normal,Normal / Mild Pullback,False,5.5432,1.1256,11.0816,-0.1134,13.6282,-6.8254,19.3023,2.7165,16.2838,-6.8254,-6.8254,15.0,5.22,HOLD,维持
2024-07-09,12.51,95.62,541.6212,492.0911,67.7917,46.1226,81.3978,157.8511,105.12,3.21,0.92,4.3,2.04,-0.374,26.087,,0.29,0.0,0.0,-7.2236,1.09,1.105,6.0,2.0,0.2193,-13.0,-9.0,-0.1547,50.5714,cnn,3,9,2,14,0.9333,0,0,0,0,normal,Normal / Mild Pullback,False,5.4248,1.6264,11.2792,-0.367,13.6313,-6.0577,19.7705,2.66,16.2834,-6.9159,-6.9159,15.19,4.64,HOLD,维持
2024-07-10,12.85,92.97,546.9808,497.2219,67.9495,47.1243,81.5529,159.1527,105.05,3.17,0.92,4.28,2.01,-0.374,26.087,,0.82,0.0,0.0,-7.1818,1.2331,1.2007,2.0,2.0,-0.0951,-19.0,-15.0,2.9176,54.6,cnn,3,9,2,14,0.9333,0,0,0,0,normal,Normal / Mild Pullback,False,6.0765,-0.7803,14.7246,-3.5791,16.4006,-7.6,19.1948,1.4683,16.1707,-7.828,-7.828,15.53,4.42,HOLD,维持
2024-07-11,12.92,89.67,542.2643,486.3177,68.195,49.1087,81.846,161.0713,104.44,3.18,0.93,4.2,1.95,-0.374,21.7213,,0.83,-0.8623,-2.193,-5.6171,1.4671,1.3919,-1.0,2.0,-0.7507,-19.0,-17.0,8.8429,49.4,cnn,3,9,2,14,0.9333,0,0,0,0,normal,Normal / Mild Pullback,False,7.2496,-0.6864,14.4503,-3.2472,16.1958,-4.6417,21.3125,3.2809,16.1615,-7.0263,-7.0263,18.2,2.82,HOLD,维持
2024-07-12,12.46,86.79,545.6846,489.1747,68.3704,49.222,82.096,162.4886,104.09,3.19,0.92,4.18,1.94,-0.368,21.7213,,-0.02,-0.237,-1.6184,-5.0296,1.3204,1.3465,10.0,2.0,-0.5351,-13.0,-15.0,6.6523,54.3714,cnn,3,9,2,14,0.9333,0,0,0,0,normal,Normal / Mild Pullback,False,7.0606,-1.9643,12.9715,-2.7768,17.1543,-4.8215,21.221,1.7057,16.2347,-7.6091,-7.6091,16.09,2.47,HOLD,维持
2024-07-15,13.12,94.5,547.1854,490.4896,68.3791,50.6584,82.096,162.6718,104.19,3.13,0.92,4.23,1.96,-0.368,21.7213,,0.75,0.0,-1.354,-5.5493,1.3464,1.3251,-7.0,0.0,-0.9601,-1.0,-7.0,11.4449,57.7429,cnn,3,9,2,14,0.9333,0,0,0,0,normal,Normal / Mild Pullback,False,7.0675,-1.2252,16.1317,-2.9865,16.9918,-5.0327,21.1632,2.386,16.3351,-7.8624,-7.8624,15.96,2.66,HOLD,维持
2024-07-16,13.19,93.87,550.4302,490.6775,68.6422,52.9735,82.4235,165.5547,104.27,3.08,0.92,4.17,1.91,-0.368,21.7213,,0.68,0.0,-1.3162,-4.5489,2.1324,2.1399,-21.0,-3.0,-1.2127,-3.0,-12.0,17.4045,57.0286,cnn,3,9,2,14,0.9333,0,0,0,0,normal,Normal / Mild Pullback,False,7.1899,-1.9616,14.4728,-4.047,16.2515,-4.0399,22.0213,2.4874,16.3506,-8.4056,-8.4056,15.9,2.07,HOLD,维持
2024-07-17,14.48,91.0,542.7125,476.2737,68.5632,53.616,82.3287,164.8797,103.75,3.09,0.93,4.16,1.9,-0.368,21.7213,,1.63,-1.4021,-4.213,-4.7865,1.9488,1.9141,-17.0,-2.0,-1.4907,-12.0,-16.0,19.4572,46.1143,cnn,3,9,2,14,0.9333,0,0,0,0,normal,Normal / Mild Pullback,False,8.8768,-2.8208,19.0049,-1.1006,18.0397,-2.3683,21.6166,3.7629,16.0753,-7.1031,-7.1031,20.62,1.43,HOLD,维持
2024-07-18,15.93,91.97,538.5419,474.0197,68.423,52.6427,82.1391,163.4624,104.17,3.09,0.93,4.2,1.89,-0.368,23.4432,,3.01,-2.1598,-4.6664,-4.7253,1.4246,1.3354,-15.0,-3.0,-1.0355,-2.0,-12.0,18.195,45.9429,cnn,3,9,2,14,0.9333,0,0,0,0,normal,Normal / Mild Pullback,False,9.3796,-2.5784,18.9225,-1.7461,18.9859,0.0742,22.3941,5.1927,16.017,-6.3837,-6.3837,23.34,0.7,HOLD,维持
2024-07-19,16.52,94.29,534.9656,469.8181,68.3704,52.9073,82.0701,162.3633,104.4,3.09,0.93,4.25,1.93,-0.363,23.4432,,4.06,-2.8095,-5.5114,-4.4513,1.4121,1.3574,-14.0,-3.0,-1.127,0.0,-7.0,19.0557,43.0,cnn,3,9,2,14,0.9333,0,0,0,0,normal,Normal / Mild Pullback,False,9.6604,-0.8288,22.034,-2.9308,20.7569,0.969,22.2635,6.7619,16.0081,-5.7578,-5.7578,25.75,0.67,HOLD,维持
2024-07-22,14.91,94.45,540.4811,476.8174,68.6246,53.7956,82.3546,163.6456,104.31,3.05,0.93,4.26,1.96,-0.363,23.4432,,1.79,-1.8075,-4.1037,-4.8594,1.6709,1.6012,-16.0,-3.0,-1.4083,1.0,-6.0,19.8876,48.4286,cnn,3,9,2,14,0.9333,0,0,0,0,normal,Normal / Mild Pullback,False,10.2552,-1.7831,19.6817,-6.7196,23.1362,0.8942,22.2218,4.8514,15.9942,-6.7196,-6.7196,21.58,1.21,HOLD,维持
2024-07-23,14.72,95.04,539.6332,475.1368,68.6334,54.6366,82.3891,163.0671,104.45,3.02,0.93,4.25,1.96,-0.363,23.4432,,1.53,-1.9616,-4.4417,-5.2094,1.7891,1.676,-17.0,-3.0,-0.9671,0.0,-7.0,19.099,46.8571,cnn,3,9,2,14,0.9333,0,0,0,0,normal,Normal / Mild Pullback,False,10.1811,-2.1272,19.6114,-5.7116,24.4296,0.8885,22.2225,5.4726,16.0027,-6.573,-6.573,21.86,1.52,HOLD,维持
2024-07-24,18.04,94.81,527.4038,458.0934,68.4142,53.6349,82.096,161.1581,104.39,3.1,0.96,4.28,2.0,-0.363,23.4432,,3.56,-4.1834,-7.8694,-3.2863,1.333,1.218,-9.0,0.0,-1.1552,5.0,-1.0,21.7506,38.6143,cnn,3,9,2,14,0.9333,0,0,1,1,normal,Normal / Mild Pullback,False,13.1289,1.7701,15.3885,-4.1701,22.5458,3.5826,20.4453,7.9276,15.2158,-4.4066,-4.4066,33.03,0.67,HOLD,维持
2024-07-25,18.46,99.08,524.6559,453.0418,68.423,55.0145,82.1304,161.3509,104.36,3.08,0.95,4.27,1.99,-0.363,31.7343,,2.53,-4.6826,-8.8854,-2.9936,1.569,1.5287,-10.0,-2.0,-1.5936,-5.0,-7.0,25.1596,39.0714,cnn,3,9,2,14,0.9333,0,0,1,1,normal,Normal / Mild Pullback,False,13.2277,0.8544,19.4276,-1.4413,26.3025,3.3079,20.5868,8.9101,15.1639,-3.9059,-3.9059,33.57,0.67,HOLD,维持
2024-07-26,16.39,97.76,530.5319,457.6881,68.6422,55.9689,82.3546,163.6553,104.32,3.1,0.95,4.2,1.93,-0.36,31.7343,,-0.13,-3.615,-7.9509,-2.8374,1.7758,1.6657,-11.0,-1.0,-1.5013,-9.0,-10.0,24.7952,42.5429,cnn,3,9,2,14,0.9333,0,0,0,0,normal,Normal / Mild Pullback,False,13.8655,-2.1196,21.7508,-2.1031,25.6078,3.2492,20.553,7.527,15.0399,-4.9702,-4.9702,25.74,0.67,HOLD,维持
2024-07-29,16.6,98.65,530.8437,458.6076,68.5808,54.7783,82.277,163.877,104.56,3.13,0.95,4.17,1.92,-0.36,31.7343,,1.69,-3.5584,-7.766,-2.7468,1.9353,1.8285,-5.0,-1.0,-1.2374,-19.0,-16.0,17.9482,42.0714,cnn,3,9,2,14,0.9333,0,0,0,0,normal,Normal / Mild Pullback,False,13.7941,-5.0261,27.3129,-2.1092,25.606,2.9426,20.5995,7.4068,15.0436,-5.0261,-5.0261,26.65,0.67,HOLD,维持
2024-07-30,17.69,100.42,528.1543,452.3102,68.6159,55.298,82.2942,164.6676,104.55,3.2,0.96,4.15,1.9,-0.36,31.7343,,2.97,-4.047,-9.0325,-1.4685,2.0073,1.9434,-1.0,2.0,-1.2748,-33.0,-26.0,20.4841,40.8,cnn,3,9,2,14,0.9333,0,0,0,0,normal,Normal / Mild Pullback,False,13.8905,-3.6624,30.6994,0.0074,27.1232,3.6088,20.455,6.9673,15.1397,-4.5424,-4.5424,29.0,0.67,HOLD,维持
2024-07-31,16.36,99.41,536.7392,465.6958,68.8613,55.0712,82.6132,165.4486,104.1,3.25,0.97,4.09,1.85,-0.36,31.7343,,-1.68,-2.4873,-6.3404,-2.0739,2.0928,1.9791,2.0,4.0,-1.5324,-34.0,-28.0,17.4713,46.8857,cnn,3,9,2,14,0.9333,0,0,0,0,normal,Normal / Mild Pullback,False,14.9018,-5.8369,22.9493,-1.2817,25.7098,1.3598,19.8884,5.4841,14.8158,-6.0692,-6.0692,22.69,1.66,HOLD,维持
2024-08-01,18.59,101.82,529.1384,454.4159,68.7106,52.6049,82.4181,163.6071,104.42,3.35,1.0,3.99,1.79,-0.36,25.1969,,0.13,-3.8682,-8.609,-1.5147,1.5131,1.5008,10.0,7.0,-0.9298,-37.0,-30.0,16.2103,42.6857,cnn,3,9,2,14,0.9333,0,0,0,0,normal,Normal / Mild Pullback,False,15.644,-2.2762,33.4144,1.8526,26.0794,2.825,19.0954,6.9623,14.4785,-4.72,-4.72,26.61,2.48,HOLD,维持
2024-08-02,23.39,112.26,519.2867,443.6304,68.4815,50.8662,82.1581,160.7917,103.21,3.72,1.06,3.8,1.76,-0.358,25.1969,,7.0,-5.658,-10.7782,-1.5404,0.874,0.7634,45.0,14.0,-1.5923,-48.0,-24.0,16.867,41.3857,cnn,3,9,2,14,0.9333,2,0,0,2,normal,Normal / Mild Pullback,False,16.6633,0.0169,31.1928,4.0176,23.4229,5.776,17.7199,9.3285,13.8748,-2.9124,-2.9124,42.37,10.2,HOLD,维持
2024-08-05,38.57,121.22,504.1632,430.403,68.0584,49.4677,81.6381,156.993,102.69,3.93,1.12,3.78,1.71,-0.358,25.1969,,21.97,-8.4056,-13.4384,-0.9492,0.2767,0.2316,73.0,20.0,-2.2093,-50.0,-30.0,17.1738,33.0571,cnn,3,9,2,14,0.9333,6,0,1,7,normal,Normal / Mild Pullback,False,19.1907,3.0712,17.5364,8.1623,14.1583,6.7069,15.7622,12.7903,12.2744,0.2474,0.2474,65.01,28.67,ADD_SMALL,小幅分批加仓/维持偏加
2024-08-06,27.71,119.24,508.8113,434.5156,68.314,49.5811,81.9588,158.6031,102.97,3.67,1.08,3.9,1.78,-0.358,25.1969,,10.02,-7.5612,-12.6113,-1.106,0.7705,0.6892,46.0,16.0,-2.0453,-40.0,-26.0,14.4303,19.0143,cnn,3,9,2,14,0.9333,4,0,2,6,normal,Normal / Mild Pullback,False,19.6608,3.8093,19.0077,6.9999,14.8937,5.5157,15.7055,11.4218,12.2246,-0.6684,-0.6684,73.59,24.67,ADD_SMALL,小幅分批加仓/维持偏加
2024-08-07,27.85,112.69,505.4104,429.8099,68.4462,49.2693,82.0801,157.4847,103.2,3.57,1.07,3.96,1.85,-0.358,25.1969,,11.49,-8.179,-13.5577,-1.1761,0.7311,0.6465,40.0,15.0,-1.7611,-32.0,-16.0,13.1513,16.5571,cnn,3,9,2,14,0.9333,4,0,2,6,normal,Normal / Mild Pullback,False,19.0858,4.8375,15.3007,8.0901,13.0858,5.9673,15.4376,9.9727,12.8902,2.3117,2.3117,76.63,26.12,ADD_SMALL,小幅分批加仓/维持偏加
2024-08-08,23.79,110.42,517.0942,442.9582,68.7282,50.1481,82.4008,160.3386,103.21,3.48,1.05,3.99,1.87,-0.358,37.4517,,5.2,-6.0564,-10.9134,-1.6218,0.782,0.6779,30.0,12.0,-1.1777,-21.0,-8.0,7.0872,17.6571,cnn,3,9,2,14,0.9333,2,0,2,4,normal,Normal / Mild Pullback,False,21.2422,4.225,12.3468,4.8186,12.24,1.8298,15.0782,7.9415,12.1194,0.441,0.441,60.68,12.89,ADD_SMALL,小幅分批加仓/维持偏加
2024-08-09,20.37,108.26,519.3744,445.2714,68.7195,49.9024,82.3835,160.6761,103.14,3.49,1.05,3.94,1.84,-0.36,37.4517,,-3.02,-5.6421,-10.4481,-1.7874,0.5106,0.3502,30.0,13.0,-0.9127,-24.0,-10.0,6.518,24.0857,cnn,3,9,2,14,0.9333,1,0,2,3,normal,Normal / Mild Pullback,False,21.1508,4.0001,12.8588,5.4673,12.5838,2.5179,15.4695,7.2361,12.1217,0.0525,0.0525,48.26,10.53,HOLD,维持
2024-08-12,20.71,118.26,519.6473,446.2304,68.7635,49.3827,82.4095,159.9047,103.14,3.52,1.05,3.9,1.79,-0.36,37.4517,,-17.86,-5.5925,-10.2553,-1.8833,0.5621,0.3819,39.0,13.0,-1.0078,-33.0,-17.0,2.6477,23.8,cnn,3,9,2,14,0.9333,1,0,2,3,normal,Normal / Mild Pullback,False,21.0939,4.9393,11.0985,5.1606,12.9735,2.9103,15.5054,8.4758,12.323,1.3295,1.3295,48.46,10.47,HOLD,维持
2024-08-13,18.12,118.44,528.1932,457.3026,69.0808,49.9875,82.8169,161.7269,102.56,3.54,1.04,3.85,1.76,-0.36,37.4517,,-9.59,-4.0399,-8.0285,-2.4148,0.639,0.4772,46.0,12.0,-1.64,-32.0,-15.0,-1.6641,25.5143,cnn,3,9,2,14,0.9333,0,0,1,1,normal,Normal / Mild Pullback,False,21.9632,3.0736,11.6026,3.6012,11.4099,2.284,14.8668,9.3744,12.8551,-0.31,-0.31,37.66,9.43,HOLD,维持
2024-08-14,16.19,106.34,529.8596,457.4509,69.2042,49.8741,83.0075,162.0644,102.57,3.46,1.02,3.83,1.77,-0.36,37.4517,,-11.66,-3.7372,-7.9986,-2.5239,0.9349,0.8245,37.0,9.0,-1.1373,-33.0,-13.0,-4.7228,26.4286,cnn,3,9,2,14,0.9333,0,0,1,1,normal,Normal / Mild Pullback,False,21.5556,3.1025,11.5599,2.6758,12.3459,2.8212,15.076,9.8734,12.9139,-0.6235,-0.6235,36.49,8.98,HOLD,维持
2024-08-15,15.23,103.74,538.9415,469.0075,69.2659,51.0174,83.0855,164.2627,102.98,3.31,0.98,3.92,1.8,-0.36,28.8889,,-8.56,-2.0872,-5.6744,-2.6736,1.2319,1.1523,22.0,5.0,-1.1424,-28.0,-9.0,-3.1592,32.3714,cnn,3,9,2,14,0.9333,0,0,1,1,normal,Normal / Mild Pullback,False,22.3382,0.5695,10.2149,0.9547,9.41,1.6164,14.0002,8.4899,12.5226,-2.2981,-2.2981,28.77,10.22,HOLD,维持
2024-08-16,14.8,102.81,540.1497,469.6105,69.4862,51.849,83.3629,164.658,102.46,3.29,0.98,3.89,1.81,-0.368,28.8889,,-5.57,-1.8677,-5.5531,-2.3781,1.6321,1.5752,20.0,5.0,-1.8582,-36.0,-12.0,-2.9409,33.7429,cnn,3,9,2,14,0.9333,0,0,1,1,normal,Normal / Mild Pullback,False,22.2032,1.4108,12.2841,1.6904,10.3478,1.5389,13.9924,8.3503,12.5215,-2.5166,-2.5166,27.49,10.29,HOLD,维持
2024-08-19,14.65,110.13,545.3143,475.7793,69.6008,52.4443,83.4929,165.9114,101.89,3.21,0.97,3.86,1.79,-0.368,28.8889,,-6.06,-0.9294,-4.3125,-2.4752,1.4225,1.3823,16.0,4.0,-2.32,-40.0,-17.0,-3.3759,39.8857,cnn,3,9,2,14,0.9333,0,0,1,1,normal,Normal / Mild Pullback,False,22.1612,0.2109,11.0275,-1.3456,14.3359,0.6183,13.6049,6.9908,12.4363,-3.4399,-3.4399,21.62,10.32,HOLD,维持
2024-08-20,15.88,111.57,544.4276,474.7809,69.5391,51.4616,83.4409,165.2558,101.44,3.25,0.98,3.82,1.75,-0.368,28.8889,,-2.24,-1.0905,-4.5133,-2.0421,1.3196,1.2767,23.0,5.0,-2.8818,-43.0,-21.0,-6.6406,44.6857,cnn,3,9,2,14,0.9333,0,0,0,0,normal,Normal / Mild Pullback,False,22.1619,0.5119,10.881,-1.3871,14.3398,0.4833,13.6386,7.2171,12.4238,-3.2826,-3.2826,18.98,9.71,HOLD,维持
2024-08-21,16.27,111.38,546.2985,476.9954,69.6978,51.7639,83.5796,166.4127,101.04,3.27,0.98,3.79,1.72,-0.368,28.8889,,0.08,-0.7506,-4.0679,-1.6937,1.8762,1.8071,17.0,2.0,-3.2091,-49.0,-28.0,-6.8264,50.2286,cnn,3,9,2,14,0.9333,0,0,0,0,normal,Normal / Mild Pullback,False,20.4053,-0.4138,11.5523,-1.9639,14.0869,1.848,14.8443,6.1628,12.5115,-3.6139,-3.6139,18.13,7.71,HOLD,维持
2024-08-22,17.55,108.5,542.0109,469.4327,69.6096,51.9151,83.5103,165.9403,101.51,3.21,0.97,3.86,1.76,-0.368,23.6559,,2.32,-1.5296,-5.5889,-0.4383,1.7343,1.68,13.0,2.0,-2.7309,-41.0,-23.0,-8.6554,46.7714,cnn,3,9,2,14,0.9333,0,1,0,1,normal,Normal / Mild Pullback,False,20.5472,0.383,9.7299,-2.8514,15.7895,2.4762,14.5179,5.6321,12.704,-2.8514,-2.8514,17.83,17.85,HOLD,维持
2024-08-23,15.86,105.63,547.77,474.5239,69.9798,54.5515,83.9523,168.0518,100.72,3.19,0.96,3.81,1.68,-0.379,23.6559,,1.06,-0.4833,-4.565,0.2439,1.9487,1.9401,9.0,1.0,-3.4509,-39.0,-25.0,-5.5998,51.5714,cnn,3,9,2,14,0.9333,0,0,0,0,normal,Normal / Mild Pullback,False,20.513,0.2758,9.0579,-2.7965,15.9262,1.6522,14.1056,4.9498,12.5623,-3.8728,-3.8728,18.35,7.9,HOLD,维持
2024-08-26,16.15,106.66,546.4642,469.917,69.8388,54.1452,83.8049,168.0229,100.85,3.15,0.96,3.82,1.67,-0.379,23.6559,,1.5,-0.7205,-5.4915,-0.6578,1.8343,1.8571,2.0,1.0,-3.5482,-35.0,-25.0,-3.9812,52.9429,cnn,3,9,2,14,0.9333,0,0,0,0,normal,Normal / Mild Pullback,False,20.5611,-1.5532,17.9149,-2.1399,16.3329,2.1866,14.0703,5.5851,12.5577,-3.6431,-3.6431,19.48,7.88,HOLD,维持
2024-08-27,15.43,109.22,547.2145,471.3208,69.8828,53.6255,83.8396,168.1,100.55,3.17,0.96,3.83,1.68,-0.379,23.6559,,-0.45,-0.5842,-5.2091,-1.1555,1.8465,1.8779,-3.0,0.0,-3.8259,-32.0,-22.0,-6.4024,52.2857,cnn,3,9,2,14,0.9333,0,0,0,0,normal,Normal / Mild Pullback,False,20.4135,-1.8894,17.5337,-1.2714,17.4334,1.8214,14.1178,5.4761,12.5578,-3.7752,-3.7752,18.11,8.01,HOLD,维持
2024-08-28,17.11,108.76,544.0378,465.9725,69.8476,54.0885,83.8483,167.6372,101.09,3.19,0.96,3.84,1.69,-0.379,23.6559,,0.84,-1.1614,-6.2848,-0.2416,1.4322,1.495,-6.0,-1.0,-2.8915,-25.0,-16.0,-3.1021,51.0857,cnn,3,9,2,14,0.9333,0,0,0,0,normal,Normal / Mild Pullback,False,19.8433,-1.5565,17.4542,0.1415,17.8511,2.822,13.9254,6.6615,12.5115,-3.2133,-3.2133,20.3,7.09,HOLD,维持
2024-08-29,15.65,106.7,544.0866,465.2905,69.9181,54.2397,83.9003,168.2639,101.34,3.15,0.96,3.87,1.71,-0.379,26.9767,,-1.9,-1.1525,-6.422,0.5391,1.7573,1.7983,-20.0,-4.0,-2.9496,-12.0,-8.0,0.2748,56.0571,cnn,3,9,2,14,0.9333,0,0,0,0,normal,Normal / Mild Pullback,False,19.052,-3.222,19.5449,0.6555,18.031,2.6637,13.9552,6.9825,12.5166,-3.222,-3.222,19.78,6.4,HOLD,维持
2024-08-30,15.0,107.77,549.2805,470.8364,69.9269,54.646,83.9176,169.5655,101.7,3.13,0.95,3.91,1.76,-0.39,26.9767,,-0.86,-0.2089,-5.3066,0.9376,2.1107,2.1416,-59.0,-11.0,-1.463,11.0,0.0,1.5645,60.3143,cnn,3,9,2,14,0.9333,0,0,0,0,normal,Normal / Mild Pullback,False,17.689,-3.0638,20.4053,-0.149,17.3662,2.1004,13.6607,6.3303,12.404,-4.1371,-4.1371,17.32,5.22,HOLD,维持
2024-09-03,20.72,114.2,537.9767,456.5414,69.6789,53.9468,83.6013,167.3866,101.83,3.31,0.98,3.84,1.73,-0.39,26.9767,,4.57,-2.2625,-8.1816,1.9294,2.381,2.4047,-62.0,-14.0,-0.8375,6.0,2.0,2.2001,56.3429,cnn,3,9,2,14,0.9333,1,0,0,1,normal,Normal / Mild Pullback,False,15.7982,-0.5959,16.5341,1.9907,13.0287,3.3119,11.6547,9.1314,11.5671,-2.1229,-2.1229,28.48,4.65,HOLD,维持
2024-09-04,21.32,119.15,536.8756,455.3551,69.9357,53.2948,83.9586,167.1455,101.36,3.35,0.99,3.77,1.7,-0.39,26.9767,,5.89,-2.4626,-8.4201,2.1893,2.374,2.44,-32.0,-9.0,-1.5636,-13.0,-8.0,1.8711,56.6286,cnn,3,9,2,14,0.9333,2,0,0,2,normal,Normal / Mild Pullback,False,15.7442,0.6298,18.3276,1.8967,13.1163,3.5674,11.5841,9.0238,11.5816,-1.9221,-1.9221,32.45,7.74,HOLD,维持
2024-09-05,19.9,114.81,535.5698,455.7802,70.1749,52.775,84.2026,166.1235,101.11,3.29,0.99,3.73,1.7,-0.39,24.9135,,2.79,-2.6998,-8.3346,1.8543,2.5255,2.5859,-28.0,-8.0,-2.0252,-23.0,-15.0,1.0835,50.6286,cnn,3,9,2,14,0.9333,0,0,0,0,normal,Normal / Mild Pullback,False,15.4769,1.7249,18.5636,3.8882,14.8217,3.6302,11.5571,9.9686,11.5932,-1.683,-1.683,25.67,2.29,HOLD,维持
2024-09-06,22.38,107.24,526.5561,443.5711,70.0863,51.8206,84.0893,164.3398,101.18,3.39,0.99,3.72,1.69,-0.402,24.9135,,6.73,-4.3374,-10.7901,3.1575,1.976,2.0491,-9.0,-6.0,-1.9669,-27.0,-18.0,1.4783,39.3429,cnn,3,9,2,14,0.9333,2,0,1,3,normal,Normal / Mild Pullback,False,15.0623,4.0066,4.7544,5.4839,10.0393,6.362,9.4558,12.0515,10.9291,1.1196,1.1196,42.0,8.08,HOLD,维持
2024-09-09,19.45,104.61,532.4515,449.2752,70.2546,52.227,84.2723,165.9307,101.55,3.36,0.99,3.7,1.66,-0.402,24.9135,,4.45,-3.2663,-9.6429,3.2956,2.2339,2.2927,-13.0,-6.0,-1.5416,-24.0,-18.0,2.0878,41.9714,cnn,3,9,2,14,0.9333,0,0,0,0,normal,Normal / Mild Pullback,False,15.4565,3.0069,5.4531,4.5767,9.5686,4.2334,9.8862,10.8623,10.7614,0.4356,0.4356,28.45,2.27,HOLD,维持
2024-09-10,19.08,108.36,534.7707,453.4273,70.1217,51.7734,84.0893,166.0271,101.63,3.46,1.01,3.65,1.63,-0.402,24.9135,,-1.64,-2.845,-8.8078,3.4088,1.9752,2.0383,-6.0,-4.0,-1.464,-25.0,-16.0,1.8763,39.6857,cnn,3,9,2,14,0.9333,0,0,1,1,normal,Normal / Mild Pullback,False,15.4912,2.6021,6.7368,4.4211,9.6034,4.7629,10.1994,11.0669,10.7872,1.0259,1.0259,27.51,2.31,HOLD,维持
2024-09-11,17.69,103.79,540.257,463.2737,70.228,51.1686,84.2287,166.1042,101.68,3.44,1.01,3.65,1.61,-0.402,24.9135,,-3.63,-1.8482,-6.8276,3.1259,1.6607,1.7048,-10.0,-3.0,-0.858,-20.0,-15.0,0.0772,43.0857,cnn,3,9,2,14,0.9333,0,0,0,0,normal,Normal / Mild Pullback,False,14.8405,1.259,6.981,3.1327,9.4963,4.4173,9.9245,9.7581,10.6631,0.8423,0.8423,21.46,1.59,HOLD,维持
2024-09-12,17.07,98.03,544.8077,467.8212,70.3254,51.3671,84.3246,167.1358,101.37,3.39,0.99,3.68,1.63,-0.402,30.9524,,-2.83,-1.0215,-5.913,2.97,1.6202,1.5867,-7.0,-3.0,-1.1699,-15.0,-14.0,0.1677,42.9714,cnn,3,9,2,14,0.9333,0,0,0,0,normal,Normal / Mild Pullback,False,15.0502,2.1266,12.1944,2.6767,9.0536,3.3639,9.7315,9.0476,10.5679,0.4132,0.4132,19.32,1.82,HOLD,维持
2024-09-13,16.56,100.6,547.653,469.917,70.5202,52.7467,84.5773,168.7363,101.11,3.37,0.99,3.66,1.58,-0.412,30.9524,,-5.82,-0.5046,-5.4915,3.4215,1.811,1.7955,6.0,1.0,-1.8159,-26.0,-22.0,1.7449,48.6286,cnn,3,9,2,14,0.9333,0,0,0,0,normal,Normal / Mild Pullback,False,13.9555,1.4204,12.8151,1.9951,9.1417,3.4426,9.7721,7.9224,10.6237,-0.1085,-0.1085,18.03,0.67,HOLD,维持
2024-09-16,17.14,101.22,548.4619,467.841,70.6974,53.427,84.7516,169.9608,100.76,3.32,0.98,3.63,1.54,-0.412,30.9524,,-2.31,-0.3576,-5.909,3.6731,1.743,1.6659,3.0,0.0,-1.6592,-26.0,-27.0,1.4819,50.3143,cnn,3,9,2,14,0.9333,0,0,0,0,normal,Normal / Mild Pullback,False,13.9479,1.5239,12.768,2.2528,9.1908,4.1348,10.0357,7.4282,10.6615,-0.2558,-0.2558,17.85,0.67,HOLD,维持
2024-09-17,17.61,101.58,548.686,468.0881,70.7151,53.8712,84.8039,170.2115,100.89,3.25,0.97,3.65,1.53,-0.412,30.9524,,-1.47,-0.3169,-5.8593,3.513,1.6009,1.5702,4.0,0.0,-0.9815,-21.0,-26.0,2.0895,54.6286,cnn,3,9,2,14,0.9333,0,0,0,0,normal,Normal / Mild Pullback,False,13.5584,1.7728,12.5687,1.2954,10.7868,3.2835,10.6172,8.2145,10.743,-0.2966,-0.2966,17.75,0.67,HOLD,维持
2024-09-18,18.23,98.61,547.0587,466.0615,70.7771,54.1074,84.8998,169.8933,100.6,3.21,0.95,3.7,1.58,-0.412,30.9524,,0.54,-0.6125,-6.2669,2.7957,1.7802,1.7484,-4.0,-3.0,-0.8281,-12.0,-17.0,4.6357,55.1714,cnn,3,9,2,14,0.9333,0,0,0,0,normal,Normal / Mild Pullback,False,13.5925,1.8504,12.3303,1.6396,10.5436,4.041,10.515,7.9771,10.7897,1.4502,1.4502,18.89,0.67,HOLD,维持
2024-09-19,16.33,92.64,556.3939,477.8455,70.9896,55.6382,85.0828,171.7059,100.61,3.1,0.93,3.73,1.56,-0.412,26.4026,,-0.74,0.0,-3.8969,3.253,1.8535,1.7985,-17.0,-5.0,-0.4256,-6.0,-16.0,5.5343,63.8,cnn,3,9,2,14,0.9333,0,0,0,0,normal,Normal / Mild Pullback,False,14.8183,0.5386,4.5004,-0.2484,6.2589,2.3042,8.9196,6.1444,10.2885,-0.2519,-0.2519,16.36,1.57,HOLD,维持
2024-09-20,16.15,91.0,555.432,476.936,71.0782,54.5137,85.1786,171.0793,100.72,3.15,0.93,3.73,1.58,-0.42,26.4026,,-0.41,-0.1729,-4.0798,3.5731,2.1097,1.9978,-6.0,-4.0,-0.7782,-13.0,-18.0,2.4682,61.2,cnn,3,9,2,14,0.9333,0,0,0,0,normal,Normal / Mild Pullback,False,14.4915,0.5666,4.3941,0.8324,7.7135,2.8755,8.9011,6.7822,10.294,-0.0792,-0.0792,16.81,1.21,HOLD,维持
2024-09-23,15.89,93.87,556.8201,478.2002,70.9453,54.0781,85.0218,171.9552,100.92,3.15,0.92,3.75,1.58,-0.42,26.4026,,-1.25,0.0,-3.8256,3.8809,1.3797,1.2739,-4.0,-4.0,0.1986,-6.0,-10.0,-2.4792,63.8571,cnn,3,9,2,14,0.9333,0,0,0,0,normal,Normal / Mild Pullback,False,14.0764,0.7179,4.7994,-0.3283,9.0812,2.4505,8.9556,6.0772,10.3449,-0.3283,-0.3283,16.34,0.81,HOLD,维持
2024-09-24,15.39,93.3,558.4133,480.5069,70.9542,53.3456,85.0654,172.2069,100.37,3.21,0.92,3.74,1.55,-0.42,26.4026,,-2.22,0.0,-3.3617,3.2524,1.5971,1.504,6.0,-4.0,-0.476,-8.0,-12.0,-3.585,66.4286,cnn,3,9,2,14,0.9333,0,0,0,0,normal,Normal / Mild Pullback,False,14.0393,-0.4691,8.5188,0.3273,10.2468,2.104,8.9538,2.6221,12.156,-0.6126,-0.6126,16.18,1.02,HOLD,维持
2024-09-25,15.41,91.64,557.1816,480.9524,70.8745,52.5466,84.9695,171.1421,100.92,3.19,0.92,3.79,1.61,-0.42,26.4026,,-2.82,-0.2206,-3.2721,3.8936,1.419,1.3477,2.0,-4.0,0.368,-4.0,-7.0,-3.7648,65.7429,cnn,3,9,2,14,0.9333,0,0,0,0,normal,Normal / Mild Pullback,False,14.0881,-0.207,8.4768,1.2456,10.6292,1.3947,9.6074,2.8174,12.1447,-0.3929,-0.3929,16.63,1.06,HOLD,维持
2024-09-26,15.37,90.14,559.3907,484.5658,70.9896,53.1268,85.0044,172.5747,100.56,3.14,0.92,3.79,1.63,-0.42,23.6842,,-0.96,0.0,-2.5454,4.5833,1.635,1.3788,-5.0,-4.0,-0.5243,-5.0,-6.0,-4.4738,70.7429,cnn,3,9,2,14,0.9333,0,0,0,0,normal,Normal / Mild Pullback,False,13.8931,-0.7828,7.5406,0.6692,10.6066,1.2127,9.5474,3.6414,12.3512,-0.7863,-0.7863,15.89,5.28,HOLD,维持
2024-09-27,16.96,92.53,558.5793,481.873,71.1668,53.1934,85.2222,173.1942,100.42,3.14,0.92,3.75,1.6,-0.427,23.6842,,0.81,-0.1451,-3.0869,5.5351,1.7859,1.5756,-1.0,-4.0,-0.9078,-12.0,-11.0,-4.4735,67.3143,cnn,3,9,2,14,0.9333,0,0,0,0,normal,Normal / Mild Pullback,False,13.9236,0.2642,10.6767,1.4192,10.8433,1.3247,9.5239,4.4135,12.3922,-0.6422,-0.6422,16.93,0.67,HOLD,维持
2024-09-30,16.73,94.61,560.8177,483.1798,71.1136,53.8402,85.2222,173.4168,100.78,3.03,0.92,3.81,1.63,-0.427,23.6842,,0.84,0.0,-2.8241,5.9012,1.6971,1.5546,-10.0,-3.0,-0.9046,-10.0,-13.0,-3.5014,73.6857,cnn,3,9,2,14,0.9333,0,0,0,0,normal,Normal / Mild Pullback,False,13.6269,-1.0388,11.9588,1.8405,11.3102,1.2322,9.4869,5.1527,12.5552,-1.0388,-1.0388,16.53,6.14,HOLD,维持
2024-10-01,19.26,104.14,555.7937,476.4479,71.078,52.0424,85.1854,172.4973,101.19,3.07,0.92,3.74,1.55,-0.427,23.6842,,3.87,-0.8958,-4.178,6.2069,2.0079,1.8949,-24.0,-6.0,-0.6285,-10.0,-18.0,-6.6226,70.3143,cnn,3,9,2,14,0.9333,0,0,0,0,normal,Normal / Mild Pullback,False,11.66,0.8002,12.3917,1.9627,11.0008,2.3126,8.7827,6.1102,12.3882,-0.1442,-0.1442,20.95,4.79,HOLD,维持
2024-10-02,18.9,102.17,556.0283,477.1212,71.0869,51.9283,85.1767,172.3134,101.68,3.06,0.91,3.79,1.58,-0.427,23.6842,,3.49,-0.854,-4.0426,6.3335,1.646,1.4508,-29.0,-8.0,0.3157,2.0,-12.0,-5.9203,70.5714,cnn,3,9,2,14,0.9333,0,0,0,0,normal,Normal / Mild Pullback,False,11.5888,1.4556,12.8511,2.3626,11.0247,1.9601,8.9049,4.949,12.6129,-0.1863,-0.1863,20.56,4.9,HOLD,维持
2024-10-03,20.49,101.16,555.0118,476.7647,70.9178,52.0519,85.0277,171.5003,101.99,3.04,0.9,3.85,1.64,-0.427,27.2727,,5.12,-1.0353,-4.1143,6.1991,1.0587,0.9799,-25.0,-9.0,0.8703,12.0,-6.0,-4.8252,69.4286,cnn,3,9,2,14,0.9333,2,0,0,2,normal,Normal / Mild Pullback,False,11.5616,1.4635,12.8331,2.5589,10.8628,0.1444,11.5466,3.9413,12.8517,-0.0035,-0.0035,26.76,4.82,HOLD,维持
2024-10-04,19.21,100.15,560.0554,482.4373,70.8377,53.1173,84.9488,172.8457,102.52,2.89,0.87,3.98,1.75,-0.431,27.2727,,2.25,-0.1359,-2.9734,3.9012,1.0722,1.0222,-50.0,-12.0,1.3244,26.0,6.0,-3.6289,71.4,cnn,3,9,2,14,0.9333,0,0,0,0,normal,Normal / Mild Pullback,False,9.4952,1.1519,12.069,2.0263,10.287,-0.3386,11.1696,2.6306,12.7602,-0.904,-0.904,17.8,5.23,HOLD,维持
2024-10-07,22.64,124.23,554.9922,477.2697,70.5352,52.8795,84.537,171.5003,102.54,2.95,0.86,4.03,1.76,-0.431,27.2727,,5.91,-1.0388,-4.0127,3.7759,0.3994,0.3141,-41.0,-13.0,0.9749,33.0,10.0,-2.8628,70.8286,cnn,3,9,2,14,0.9333,3,0,0,3,normal,Normal / Mild Pullback,False,9.916,2.9095,6.9562,2.7879,8.578,0.354,10.6973,3.3124,12.6207,0.1479,0.1479,31.48,12.18,HOLD,维持
2024-10-08,21.42,123.77,560.2411,484.3975,70.7042,52.7178,84.7122,171.9068,102.55,2.99,0.87,4.04,1.77,-0.431,27.2727,,2.16,-0.1028,-2.5792,3.2144,0.8307,0.7408,-47.0,-14.0,0.9053,39.0,14.0,-2.8052,71.1714,cnn,3,9,2,14,0.9333,2,0,0,2,normal,Normal / Mild Pullback,False,10.2308,1.1532,10.8612,1.7708,7.8355,0.6159,11.0306,3.6241,12.7258,-0.7903,-0.7903,23.42,9.14,HOLD,维持
2024-10-09,20.86,122.39,564.1216,488.209,70.6597,53.4027,84.6246,173.0877,102.93,2.94,0.85,4.06,1.77,-0.431,27.2727,,1.96,0.0,-1.8127,2.0127,0.6148,0.4701,-50.0,-16.0,1.2293,41.0,16.0,-0.0491,71.1429,cnn,3,9,2,14,0.9333,2,0,0,2,normal,Normal / Mild Pullback,False,9.9536,0.894,10.3142,0.1473,8.9562,2.4084,13.8513,3.5041,12.7035,-1.4728,-1.4728,22.23,9.12,HOLD,维持
2024-10-10,20.93,116.56,563.1343,487.6545,70.6241,53.3551,84.6159,172.4392,102.99,2.99,0.84,4.09,1.76,-0.431,20.5534,,0.44,-0.175,-1.9242,0.7921,0.4247,0.3454,-40.0,-15.0,1.5981,41.0,13.0,0.4899,70.2857,cnn,3,9,2,14,0.9333,1,0,0,1,normal,Normal / Mild Pullback,False,9.7608,1.0796,9.9953,0.5398,8.9393,3.3812,13.9909,2.5135,12.9295,-1.3001,-1.3001,19.15,6.78,HOLD,维持
2024-10-11,20.46,118.47,566.5065,488.4168,70.811,55.2005,84.8086,174.1331,102.89,2.98,0.84,4.08,1.75,-0.435,20.5534,,1.25,0.0,-1.7708,1.2694,0.4123,0.2735,-39.0,-15.0,1.7605,42.0,17.0,1.1693,71.6571,cnn,3,9,2,14,0.9333,1,0,0,1,normal,Normal / Mild Pullback,False,9.8014,0.8644,9.588,-0.0932,8.4113,3.211,13.9357,2.0522,12.8797,-1.8876,-1.8876,18.93,7.33,HOLD,维持
2024-10-14,19.7,118.47,571.1396,492.5154,70.8466,55.6381,84.8612,175.4108,103.3,2.97,0.84,4.08,1.75,-0.435,20.5534,,-2.94,0.0,-0.9466,1.1934,0.2111,0.1293,-35.0,-14.0,2.5208,45.0,21.0,0.0035,74.2286,cnn,3,9,2,14,0.9333,0,0,0,0,normal,Normal / Mild Pullback,False,10.0652,-0.1181,7.8099,-0.5973,7.3391,2.4713,13.7185,-0.3211,13.17,-2.6835,-2.6835,15.33,6.36,HOLD,维持
2024-10-15,20.64,127.23,566.702,485.9319,70.8288,56.2469,84.8612,174.617,103.26,2.93,0.83,4.03,1.75,-0.435,20.5534,,-0.78,-0.777,-2.2706,1.7672,0.1609,0.0676,-32.0,-14.0,2.3491,38.0,22.0,1.0907,71.1429,cnn,3,9,2,14,0.9333,2,0,0,2,normal,Normal / Mild Pullback,False,10.6438,0.6106,4.2838,0.3432,6.1835,2.9529,13.407,0.6152,13.0742,-1.9214,-1.9214,23.4,9.12,HOLD,维持
2024-10-16,19.58,121.86,569.1652,485.9913,70.9534,57.0174,85.0365,175.7979,103.59,2.9,0.83,4.02,1.75,-0.435,20.5534,,-1.28,-0.3457,-2.2587,2.2134,0.2491,0.161,-31.0,-12.0,2.9722,32.0,17.0,1.2853,69.0286,cnn,3,9,2,14,0.9333,1,0,0,1,normal,Normal / Mild Pullback,False,10.5403,-0.7402,7.5696,-0.3932,5.9526,2.5571,13.3668,0.3176,13.0473,-2.3459,-2.3459,19.03,2.67,HOLD,维持
2024-10-17,19.11,122.14,569.2141,486.328,70.8466,57.512,84.8262,175.5172,103.83,2.89,0.83,4.09,1.79,-0.435,25.3788,,-1.82,-0.3371,-2.1909,0.9103,-0.2014,-0.3016,-21.0,-10.0,3.2005,36.0,23.0,1.0398,68.5714,cnn,3,9,2,14,0.9333,1,1,0,2,normal,Normal / Mild Pullback,False,8.9213,-0.534,7.9735,-2.3543,11.3896,1.8889,13.6417,2.1336,13.5573,-2.3543,-2.3543,15.03,12.67,HOLD,维持
2024-10-18,18.03,123.13,571.4035,489.5157,71.0157,56.732,85.0715,176.0399,103.49,2.88,0.83,4.08,1.77,-0.44,25.3788,,-2.43,0.0,-1.5498,0.1778,-0.0879,-0.1258,-27.0,-10.0,2.7502,35.0,19.0,1.1604,72.4286,cnn,3,9,2,14,0.9333,1,0,0,1,normal,Normal / Mild Pullback,False,8.9018,-0.9494,6.8201,-2.3179,11.4479,0.1984,14.4388,1.5466,13.5454,-2.7284,-2.7284,18.21,7.64,HOLD,维持
2024-10-21,18.37,128.95,570.4651,490.4562,70.7309,55.0673,84.7298,174.5396,104.01,2.88,0.85,4.19,1.88,-0.44,25.3788,,-1.33,-0.1642,-1.3607,-0.8149,-0.3022,-0.3434,-27.0,-7.0,3.0618,44.0,30.0,-0.6063,69.8,cnn,3,9,2,14,0.9333,1,1,0,2,normal,Normal / Mild Pullback,False,8.9572,-0.4797,7.705,-2.368,11.442,0.7745,14.4904,2.7348,13.6848,-2.5684,-2.5684,15.38,11.98,HOLD,维持
2024-10-22,18.2,129.26,570.1622,490.9908,70.633,55.7618,84.5808,173.7556,104.08,2.92,0.85,4.2,1.87,-0.44,25.3788,,-2.44,-0.2172,-1.2532,-1.2837,-0.4526,-0.5696,-29.0,-7.0,3.6963,46.0,32.0,2.3753,70.3714,cnn,3,9,2,14,0.9333,1,1,0,2,normal,Normal / Mild Pullback,False,8.956,-0.2657,7.9283,-1.1349,13.5545,1.1966,14.5312,3.7303,13.7976,-2.5166,-2.5166,15.51,19.3,HOLD,维持
2024-10-23,19.24,129.05,564.9524,483.4669,70.4195,55.7998,84.3004,173.1845,104.43,2.95,0.86,4.24,1.93,-0.44,25.3788,,-0.34,-1.129,-2.7664,-1.6782,-0.642,-0.7874,-24.0,-6.0,3.478,45.0,32.0,4.7305,63.2,cnn,3,9,2,14,0.9333,1,1,0,2,normal,Normal / Mild Pullback,False,9.6054,0.3495,3.862,2.2578,17.8531,2.1644,14.0674,5.2754,13.6817,-1.6177,-1.6177,18.01,14.06,HOLD,维持
2024-10-24,19.08,127.48,566.1743,487.3873,70.6241,56.0852,84.5633,173.2232,104.06,2.93,0.86,4.21,1.91,-0.44,29.918,,-0.03,-0.9152,-1.9779,-0.7441,-0.5148,-0.5189,-21.0,-6.0,3.4805,42.0,28.0,4.3037,62.9429,cnn,3,9,2,14,0.9333,1,1,0,2,normal,Normal / Mild Pullback,False,9.5455,-1.83,14.7466,2.8261,18.0624,2.4912,14.1457,5.6215,13.7116,-1.83,-1.83,17.03,14.07,HOLD,维持
2024-10-25,20.33,128.4,565.9786,490.3572,70.5529,55.0769,84.4319,172.4005,104.26,2.89,0.85,4.25,1.96,-0.445,29.918,,2.3,-0.9494,-1.3806,-1.4843,-0.8625,-0.9274,-25.0,-7.0,3.8239,50.0,36.0,2.1871,58.7429,cnn,3,9,2,14,0.9333,2,1,0,3,normal,Normal / Mild Pullback,False,9.5218,-1.3816,15.7212,3.3072,17.9876,2.8444,14.1476,5.3496,13.7318,-1.7961,-1.7961,20.94,17.79,HOLD,维持
2024-10-28,19.8,130.92,567.7284,490.4363,70.7309,56.6559,84.6772,173.3781,104.32,2.82,0.84,4.28,1.99,-0.445,29.918,,1.43,-0.6432,-1.3647,-1.3727,-0.5381,-0.6395,-21.0,-8.0,3.5126,47.0,36.0,3.9488,60.8571,cnn,3,9,2,14,0.9333,1,1,0,2,normal,Normal / Mild Pullback,False,9.4847,-1.8973,14.9076,3.087,18.025,2.8752,14.1527,3.5393,14.0676,-2.0987,-2.0987,17.66,14.23,HOLD,维持
2024-10-29,19.34,131.87,568.6472,495.1487,70.7487,56.323,84.7035,172.8554,104.28,2.85,0.84,4.28,1.98,-0.445,29.918,,1.14,-0.4824,-0.4169,-2.3818,-0.4633,-0.5657,-22.0,-8.0,3.0537,54.0,43.0,5.7789,60.0571,cnn,3,9,2,14,0.9333,1,1,0,2,normal,Normal / Mild Pullback,False,8.7838,-0.8715,18.6597,2.6007,18.2839,3.2453,14.2167,4.2602,14.161,-2.2569,-2.2569,16.93,11.94,HOLD,维持
2024-10-30,20.35,130.8,566.9269,491.4066,70.6241,56.8937,84.537,172.4779,103.99,2.8,0.84,4.29,1.95,-0.445,29.918,,1.11,-0.7834,-1.1696,-2.3996,-0.651,-0.7509,-26.0,-7.0,2.2718,50.0,37.0,7.456,57.2,cnn,3,9,2,14,0.9333,2,0,0,2,normal,Normal / Mild Pullback,False,8.9065,1.9017,26.2182,2.962,18.0665,3.2447,14.2169,4.1078,14.1806,-1.9603,-1.9603,24.1,4.67,HOLD,维持
2024-10-31,23.16,135.18,555.8133,479.0021,70.4284,56.0757,84.3793,170.6388,103.98,2.88,0.86,4.28,1.95,-0.445,30.9013,,4.08,-2.7284,-3.6643,-1.4731,-0.6902,-0.7625,-16.0,-4.0,1.9512,43.0,31.0,7.5749,40.4571,cnn,3,9,2,14,0.9333,2,0,0,2,normal,Normal / Mild Pullback,False,11.5067,4.7429,15.8743,4.3455,14.1949,5.9633,11.8209,6.7593,13.5529,0.2057,0.2057,33.67,4.67,HOLD,维持
2024-11-01,21.88,132.58,558.1591,482.5462,70.4328,55.7808,84.3538,170.7453,104.28,2.83,0.86,4.37,2.04,-0.451,30.9013,,1.55,-2.3179,-2.9515,-1.3443,-0.5716,-0.7005,-6.0,-1.0,1.7167,39.0,29.0,5.3711,50.4857,cnn,3,9,2,14,0.9333,2,0,0,2,normal,Normal / Mild Pullback,False,11.1258,4.7545,15.8523,2.576,16.6016,5.7071,11.8164,5.7449,13.6001,-0.2154,-0.2154,29.65,4.67,HOLD,维持
2024-11-04,21.98,136.25,556.9568,481.1405,70.6296,55.2956,84.5652,170.9485,103.89,2.87,0.86,4.31,2.03,-0.451,30.9013,,2.18,-2.5283,-3.2342,-0.7859,0.1339,0.0333,-8.0,0.0,1.3166,28.0,27.0,4.2003,42.4286,cnn,3,9,2,14,0.9333,2,0,0,2,normal,Normal / Mild Pullback,False,10.6542,5.0807,14.5372,3.2186,16.4013,5.9845,11.7074,5.26,13.6771,1.2092,1.2092,31.24,4.67,HOLD,维持
2024-11-05,20.49,130.43,563.6915,487.2783,70.8264,56.2469,84.7767,172.9425,103.42,2.86,0.84,4.26,1.99,-0.451,30.9013,,1.15,-1.3497,-1.9998,-0.2971,0.1727,0.076,-13.0,-3.0,0.8484,22.0,22.0,6.0413,43.5429,cnn,3,9,2,14,0.9333,2,0,0,2,normal,Normal / Mild Pullback,False,10.9935,3.5027,16.9271,2.3582,15.6579,5.3685,11.2807,4.7001,13.534,1.5693,0.9959,25.7,4.67,HOLD,维持
2024-11-06,16.27,117.64,577.7079,500.5143,70.9516,63.7902,84.9705,177.0369,105.09,2.74,0.8,4.42,2.04,-0.451,30.9013,,-4.08,0.0,0.0,0.0843,0.413,0.4087,-20.0,-5.0,2.0985,36.0,27.0,16.6422,44.0,cnn,3,9,2,14,0.9333,0,0,0,0,normal,Normal / Mild Pullback,False,13.885,1.0406,6.5164,-0.0913,9.5644,2.6428,7.8246,2.574,12.6153,-0.895,-1.4544,15.0,0.67,HOLD,维持
2024-11-07,15.2,104.08,582.1749,508.3947,71.2557,61.4787,85.3405,177.2111,104.51,2.73,0.78,4.31,1.98,-0.451,27.5735,,-7.96,0.0,0.0,-0.4799,0.8942,0.8564,-26.0,-6.0,1.4759,22.0,22.0,11.4569,59.0571,cnn,3,9,2,14,0.9333,0,0,0,0,normal,Normal / Mild Pullback,False,14.0227,-0.3794,6.5563,-0.3257,9.0894,2.0483,7.4577,2.1408,12.5406,-1.6555,-2.2106,15.0,1.09,HOLD,维持
2024-11-08,14.94,99.85,584.6968,508.9887,71.3719,61.8116,85.5256,178.1985,105.0,2.63,0.77,4.3,1.95,-0.46,27.5735,,-6.94,0.0,0.0,-0.0055,0.7921,0.8454,-35.0,-7.0,2.0507,22.0,20.0,8.4929,59.4286,cnn,3,9,2,14,0.9333,0,0,0,0,normal,Normal / Mild Pullback,False,13.9677,-2.0796,9.0602,-0.448,8.9331,1.0849,7.6569,0.7693,12.6632,-2.0796,-2.6323,15.0,1.2,HOLD,维持
2024-11-11,14.97,99.85,585.2539,508.6917,71.2914,63.7236,85.4727,179.089,105.54,2.63,0.77,4.3,1.95,-0.46,27.5735,,-7.01,0.0,-0.0583,0.382,0.6279,0.7206,-34.0,-7.0,2.1684,22.0,20.0,11.7703,66.6,cnn,3,9,2,14,0.9333,0,0,0,0,normal,Normal / Mild Pullback,False,13.7514,-1.772,10.3644,-0.2054,9.1216,0.6747,7.7632,1.3571,12.7353,-2.1728,-2.725,15.02,1.18,HOLD,维持
2024-11-12,14.71,108.55,583.436,507.7709,71.0052,63.3527,85.0586,177.7242,106.02,2.61,0.77,4.43,2.08,-0.46,27.5735,,-5.78,-0.3106,-0.2393,0.1207,0.2491,0.2326,-32.0,-6.0,2.6729,40.0,33.0,9.4027,66.7143,cnn,3,9,2,14,0.9333,0,0,0,0,normal,Normal / Mild Pullback,False,13.4416,-1.1057,11.5935,0.6282,9.3331,1.7691,8.069,1.7502,12.7167,-1.868,-2.4219,15.77,1.31,HOLD,维持
2024-11-13,14.02,102.08,583.7194,507.1175,71.0231,62.9627,85.1203,177.821,106.48,2.64,0.78,4.44,2.09,-0.46,27.5735,,-2.25,-0.2622,-0.3676,0.3604,0.0983,0.0986,-26.0,-5.0,2.7899,42.0,34.0,7.6738,66.3143,cnn,3,9,2,14,0.9333,0,0,0,0,normal,Normal / Mild Pullback,False,13.4026,-1.1203,11.5724,0.2746,9.5136,1.1956,8.3498,1.3732,12.737,-1.9157,-2.4693,15.71,1.66,HOLD,维持
2024-11-14,14.31,99.43,579.9659,503.5932,70.8711,62.6202,84.9441,176.3981,106.67,2.6,0.8,4.43,2.1,-0.46,28.3489,,-0.89,-0.9035,-1.06,-0.153,0.0345,0.139,-29.0,-3.0,2.7352,34.0,31.0,6.8634,60.3143,cnn,3,9,2,14,0.9333,0,0,0,0,normal,Normal / Mild Pullback,False,13.6774,0.0539,11.9045,1.5505,9.1201,1.8303,7.9348,3.1065,12.8308,-1.2809,-1.8381,17.36,1.51,HOLD,维持
2024-11-15,16.14,102.47,572.5373,491.5947,70.8622,62.6297,84.9,175.1398,106.69,2.72,0.8,4.43,2.1,-0.467,28.3489,,1.2,-2.1728,-3.4174,-0.0835,-0.2162,-0.2016,-16.0,-3.0,3.0921,35.0,33.0,10.1771,51.2,cnn,3,9,2,14,0.9333,0,1,0,1,normal,Normal / Mild Pullback,False,14.4679,1.6663,2.9457,3.0525,4.3422,3.592,6.1032,4.4391,12.5242,0.4097,-0.5645,17.76,10.64,HOLD,维持
2024-11-18,15.58,102.01,574.8832,495.0101,70.9963,62.5156,85.041,175.8464,106.28,2.72,0.8,4.42,2.08,-0.467,28.3489,,0.61,-1.772,-2.7463,-0.2969,0.3752,0.3673,-16.0,-5.0,2.1825,23.0,20.0,12.6532,50.2857,cnn,3,9,2,14,0.9333,0,0,0,0,normal,Normal / Mild Pullback,False,14.5176,1.5948,2.8691,2.6796,4.4687,2.7442,6.379,4.3183,12.5131,0.3655,-0.9702,20.26,1.45,HOLD,维持
2024-11-19,16.35,105.12,576.9847,498.4156,71.1036,62.1541,85.1819,175.372,106.21,2.69,0.8,4.39,2.05,-0.467,28.3489,,1.64,-1.4129,-2.0773,-1.1471,0.6662,0.7107,-23.0,-5.0,2.0465,19.0,18.0,10.1457,49.5143,cnn,3,9,2,14,0.9333,0,0,0,0,normal,Normal / Mild Pullback,False,14.557,1.7534,3.2262,2.9409,4.7986,-0.681,12.8412,4.1831,12.5029,-0.681,-1.3309,19.9,1.28,HOLD,维持
2024-11-20,17.16,106.69,577.1802,498.1285,71.0857,61.9829,85.1291,175.9625,106.68,2.67,0.81,4.41,2.06,-0.467,28.3489,,3.14,-1.3795,-2.1337,-0.7573,0.9461,0.983,-28.0,-5.0,2.1546,17.0,13.0,8.7275,49.5143,cnn,3,9,2,14,0.9333,0,0,0,0,normal,Normal / Mild Pullback,False,14.0946,1.4107,5.4296,2.7366,5.1833,-0.7451,12.8387,3.7145,12.5423,-0.7451,-1.3643,20.82,0.77,HOLD,维持
2024-11-21,16.87,101.9,580.2787,499.9204,71.1126,62.9056,85.1555,178.1791,106.97,2.61,0.81,4.43,2.09,-0.467,33.2258,,2.56,-0.8501,-1.7816,-0.3496,0.6916,0.7003,-32.0,-5.0,2.7965,22.0,18.0,9.4346,56.6,cnn,3,9,2,14,0.9333,0,0,0,0,normal,Normal / Mild Pullback,False,14.1721,1.4958,5.7038,2.3818,4.9741,-0.0893,13.4277,1.3963,13.0233,-1.2751,-1.891,19.16,0.86,HOLD,维持
2024-11-22,15.24,99.14,582.0773,500.7223,71.0947,64.4846,85.1555,179.5826,107.49,2.61,0.8,4.41,2.07,-0.472,33.2258,,-0.9,-0.5428,-1.6241,-0.239,0.7679,0.8571,-28.0,-5.0,3.098,16.0,11.0,13.843,60.7143,cnn,3,9,2,14,0.9333,0,1,0,1,normal,Normal / Mild Pullback,False,14.1728,1.3635,5.7606,1.5399,6.2047,0.1984,13.555,0.623,13.0459,-1.5802,-2.1942,12.76,10.73,HOLD,维持
2024-11-25,14.6,99.96,584.0516,501.5143,71.363,65.5405,85.4991,181.2088,106.82,2.64,0.8,4.27,1.98,-0.472,33.2258,,-0.98,-0.2054,-1.4685,0.5043,0.8937,0.9706,-18.0,-4.0,2.3965,-1.0,-1.0,12.4486,62.8857,cnn,3,9,2,14,0.9333,0,0,0,0,normal,Normal / Mild Pullback,False,14.1779,1.0677,5.9156,0.882,6.5102,0.9696,14.0653,-0.2159,13.0688,-1.9129,-2.5248,15.97,1.56,HOLD,维持
2024-11-26,14.1,99.18,587.1013,504.207,71.2288,64.8366,85.3405,181.2281,107.01,2.68,0.81,4.3,2.02,-0.472,33.2258,,-2.25,0.0,-0.9394,-0.79,0.6786,0.7521,-17.0,-3.0,2.618,2.0,4.0,11.4973,65.9143,cnn,3,9,2,14,0.9333,0,0,0,0,normal,Normal / Mild Pullback,False,14.2409,1.1671,6.2688,1.1338,7.0706,0.4518,13.9541,-0.6841,13.0236,-2.4224,-3.0311,15.33,1.88,HOLD,维持
2024-11-27,14.1,97.74,585.3223,500.2372,71.4435,64.6273,85.5872,181.0539,106.08,2.69,0.82,4.25,1.99,-0.472,33.2258,,-3.06,-0.303,-1.7194,-0.6445,1.1602,1.2423,-11.0,-2.0,2.0098,-4.0,4.0,10.0231,64.4,cnn,3,9,2,14,0.9333,0,0,0,0,normal,Normal / Mild Pullback,False,14.2411,1.3075,5.5592,0.9185,7.4903,-0.3035,14.4369,-1.9723,13.4175,-2.1258,-2.7364,16.27,1.88,HOLD,维持
2024-11-29,13.51,95.22,588.9584,504.6328,71.5866,64.4276,85.7811,181.6056,105.74,2.72,0.82,4.18,1.92,-0.476,38.6454,,-3.36,0.0,-0.8558,-0.5901,1.6446,1.6613,-16.0,-4.0,1.6926,-10.0,-3.0,8.4281,65.0,cnn,3,9,2,14,0.9333,0,0,0,0,normal,Normal / Mild Pullback,False,11.8885,0.8729,4.5549,0.2755,6.8924,-2.0497,14.7657,-1.0572,13.7418,-2.7301,-3.3369,15.3,1.91,HOLD,维持
2024-12-02,13.34,97.81,590.014,510.1271,71.5605,63.8187,85.7403,181.1507,106.45,2.68,0.81,4.19,1.93,-0.476,38.6454,,-1.9,0.0,0.0,-1.6262,1.6011,1.6438,-15.0,-5.0,2.0809,-18.0,-11.0,8.2329,65.3143,cnn,3,9,2,14,0.9333,0,0,0,0,normal,Normal / Mild Pullback,False,11.8847,0.174,6.6825,0.5235,7.1512,-2.5806,14.7537,-2.9646,14.1943,-2.9041,-3.5098,15.0,2.0,HOLD,维持
2024-12-03,13.3,95.6,590.2877,511.6913,71.5605,63.2575,85.758,180.3473,106.37,2.66,0.8,4.23,1.95,-0.476,38.6454,,-1.3,0.0,0.0,-1.9609,1.3181,1.4105,-21.0,-6.0,2.3871,-8.0,-8.0,7.9392,59.5714,cnn,3,9,2,14,0.9333,0,0,0,0,normal,Normal / Mild Pullback,False,11.7756,-0.1838,7.1123,0.0629,7.5236,-2.865,14.7437,-4.1576,14.3836,-2.9491,-4.1576,15.0,2.02,HOLD,维持
2024-12-04,13.45,92.25,593.9531,518.0172,71.7313,63.4573,85.9441,180.357,106.34,2.66,0.8,4.19,1.9,-0.476,38.6454,,-0.65,0.0,0.0,-2.1931,1.2776,1.377,-20.0,-4.0,2.8234,-7.0,-9.0,7.0711,57.4857,cnn,3,9,2,14,0.9333,0,0,0,0,normal,Normal / Mild Pullback,False,11.3463,-0.0329,8.0135,-3.5184,16.3185,-2.2575,15.327,-3.7254,14.5048,-3.548,-4.7491,15.0,1.94,HOLD,维持
2024-12-05,13.54,91.48,592.9756,516.5818,71.6684,63.1339,85.8732,179.4568,105.71,2.66,0.81,4.17,1.92,-0.476,30.6667,,-0.56,-0.1646,-0.2771,-1.5665,1.0102,1.0624,-8.0,1.0,0.59,-25.0,-12.0,-3.5772,54.9143,cnn,3,9,2,14,0.9333,0,0,0,0,normal,Normal / Mild Pullback,False,7.811,-0.3841,8.8016,-3.389,16.3768,-1.5323,15.5181,-5.2785,14.9301,-3.389,-5.2785,15.46,1.9,HOLD,维持
2024-12-06,12.77,83.2,594.0997,521.205,71.7851,63.3146,86.0238,179.2535,105.97,2.67,0.81,4.15,1.91,-0.478,30.6667,,-0.74,0.0,0.0,-1.6483,0.743,0.8006,-6.0,3.0,1.397,-16.0,-7.0,0.9191,52.1429,cnn,3,9,2,14,0.9333,0,0,0,0,normal,Normal / Mild Pullback,False,7.4412,-0.5923,8.5237,-2.4136,17.9911,-2.8296,15.9246,-4.9278,14.9788,-3.5718,-5.4577,15.0,2.28,HOLD,维持
2024-12-09,14.19,85.63,591.0404,517.1461,71.6953,62.2873,85.8998,178.5179,106.15,2.67,0.81,4.2,1.93,-0.478,30.6667,,0.85,-0.5149,-0.7788,-1.9695,0.4531,0.4376,4.0,4.0,1.0952,-10.0,-2.0,-0.3121,49.2571,cnn,3,9,2,14,0.9333,0,0,0,0,normal,Normal / Mild Pullback,False,7.6407,0.3489,8.3796,-1.3211,18.3837,-2.184,15.8925,-6.9811,15.8885,-3.0727,-6.9811,16.96,1.57,HOLD,维持
2024-12-10,14.18,90.1,589.2028,515.3839,71.7313,62.2778,85.8998,177.4241,106.4,2.67,0.8,4.22,1.93,-0.478,30.6667,,0.88,-0.8243,-1.1169,-2.827,0.6169,0.4997,4.0,3.0,0.8149,-8.0,-2.0,-2.924,46.9714,cnn,3,9,2,14,0.9333,0,0,0,0,normal,Normal / Mild Pullback,False,7.7477,0.2472,8.6953,0.0869,19.3491,-3.377,16.676,-7.4667,15.9514,-3.377,-7.4667,17.78,1.58,HOLD,维持
2024-12-11,13.58,82.4,593.7576,524.6104,71.7492,62.6012,85.9175,177.5886,106.71,2.64,0.78,4.26,1.96,-0.478,30.6667,,0.13,-0.0576,0.0,-3.5858,1.0478,1.0098,3.0,1.0,0.6508,-17.0,-12.0,-2.9039,49.2,cnn,3,9,2,14,0.9333,0,0,0,0,normal,Normal / Mild Pullback,False,8.0558,-3.4866,21.3791,-0.6743,18.8818,-3.9695,16.355,-7.6892,15.901,-4.1182,-8.1765,15.21,1.88,HOLD,维持
2024-12-12,13.92,82.66,590.6982,521.2248,71.5516,61.8402,85.6872,176.9401,106.96,2.66,0.79,4.32,2.0,-0.478,31.6667,,0.38,-0.5725,-0.6454,-3.5464,0.744,0.666,2.0,1.0,0.4508,-12.0,-9.0,-2.9431,47.1143,cnn,3,9,2,14,0.9333,0,0,0,0,normal,Normal / Mild Pullback,False,8.3369,-3.0166,21.927,-1.2108,19.4302,-3.3393,16.3532,-8.448,16.075,-3.6216,-8.448,16.73,1.71,HOLD,维持
2024-12-13,13.81,85.66,590.5809,525.2144,71.3449,61.6119,85.4214,176.3206,107.0,2.68,0.78,4.4,2.07,-0.48,31.6667,,1.04,-0.5923,0.0,-3.2567,0.6686,0.562,8.0,-2.0,0.3094,-3.0,-3.0,-3.3786,49.1143,cnn,3,9,2,14,0.9333,0,0,0,0,normal,Normal / Mild Pullback,False,7.9224,-1.8322,25.4106,-2.3188,20.0786,-1.5615,17.7913,-6.5384,16.6898,-3.6024,-8.4299,16.98,1.76,HOLD,维持
2024-12-16,14.69,90.88,593.1028,532.7778,71.4797,61.9163,85.5632,175.7399,106.86,2.69,0.78,4.39,2.07,-0.48,31.6667,,0.5,-0.1678,0.0,-3.8003,0.8714,0.7811,-3.0,-2.0,0.1593,-4.0,-3.0,-4.5671,56.0571,cnn,3,9,2,14,0.9333,0,0,0,0,normal,Normal / Mild Pullback,False,6.1093,-1.6642,25.7743,-3.0879,19.7395,-2.1686,17.6937,-6.2182,16.7515,-4.0123,-8.8192,15.69,1.32,HOLD,维持
2024-12-17,15.87,90.42,590.6591,530.4316,71.3269,60.4609,85.4126,174.3557,106.96,2.75,0.79,4.4,2.09,-0.48,31.6667,,1.69,-0.5791,-0.4404,-4.413,0.4657,0.4369,3.0,-1.0,0.6398,-2.0,1.0,-5.8698,51.4,cnn,3,9,2,14,0.9333,0,0,0,0,normal,Normal / Mild Pullback,False,6.3848,-0.1599,27.6716,-2.9261,19.7338,-0.7776,18.0783,-6.848,16.8607,-3.6152,-8.442,17.53,0.73,HOLD,维持
2024-12-18,27.62,87.21,573.0554,511.2953,70.5945,57.3218,84.5267,169.1966,108.03,2.73,0.79,4.5,2.18,-0.48,31.6667,,14.04,-3.5422,-4.0322,-4.2585,-0.716,-0.7692,4.0,-1.0,1.7136,11.0,13.0,-7.1424,33.1286,cnn,3,9,2,14,0.9333,4,0,1,5,normal,Normal / Mild Pullback,False,12.7071,2.9139,9.2386,1.3069,14.0107,3.2066,14.4989,-2.9408,15.9104,-0.6544,-5.6294,50.98,23.56,HOLD,维持
2024-12-19,24.09,90.41,572.8795,509.0182,70.5223,56.8176,84.4109,168.6352,108.41,2.91,0.82,4.57,2.28,-0.48,31.4286,,10.17,-3.5718,-4.4596,-4.1649,-0.7926,-0.8436,24.0,1.0,1.6217,16.0,22.0,-7.6452,19.5143,cnn,3,9,2,14,0.9333,3,0,2,5,normal,Normal / Mild Pullback,False,12.7047,1.8619,14.728,1.9218,14.1452,3.8187,14.5487,-3.1917,15.9179,-0.6238,-5.6004,57.55,13.39,HOLD,维持
2024-12-20,18.36,91.75,579.7603,513.4633,70.9648,57.845,84.9543,170.997,107.62,2.86,0.82,4.52,2.23,-0.481,31.4286,,4.55,-2.4136,-3.6252,-4.3956,-0.2077,-0.2363,25.0,1.0,0.6076,9.0,14.0,-7.9625,27.6,cnn,3,9,2,14,0.9333,0,0,1,1,normal,Normal / Mild Pullback,False,13.3054,-0.4957,15.8071,-0.4263,14.3525,3.1464,14.1293,-4.3091,15.7055,-1.8033,-6.7208,34.36,0.67,HOLD,维持
2024-12-23,16.78,95.85,583.2321,518.4658,70.7752,58.0384,84.7851,171.2301,108.04,2.85,0.82,4.59,2.27,-0.481,31.4286,,2.09,-1.8292,-2.6863,-5.313,-0.4494,-0.435,24.0,2.0,0.5117,18.0,20.0,-10.1747,30.1429,cnn,3,9,2,14,0.9333,0,1,1,2,normal,Normal / Mild Pullback,False,13.4339,-1.4478,14.5632,-0.8744,13.9629,2.2331,14.1129,-3.1753,16.1009,-2.3878,-7.2761,25.74,13.24,HOLD,维持
2024-12-24,14.27,96.95,589.7148,525.4962,71.0009,58.4598,85.0077,172.522,108.26,2.86,0.82,4.59,2.24,-0.481,31.4286,,-1.6,-0.7381,-1.3667,-5.3909,-0.5074,-0.5748,22.0,2.0,1.3481,32.0,26.0,-11.6601,34.5143,cnn,3,9,2,14,0.9333,0,1,1,2,normal,Normal / Mild Pullback,False,13.9521,-2.7707,8.1393,-3.4609,13.9446,-0.321,14.5963,-4.0095,15.9316,-3.4609,-8.2954,19.12,16.41,HOLD,维持
2024-12-26,14.73,95.2,589.754,525.1391,71.1815,58.7376,85.2126,172.8037,108.13,2.86,0.81,4.58,2.23,-0.481,34.1463,,-12.89,-0.7315,-1.4338,-5.591,-0.0664,-0.1499,18.0,0.0,1.0466,28.0,21.0,-9.8142,34.1714,cnn,3,9,2,14,0.9333,0,1,1,2,normal,Normal / Mild Pullback,False,13.8412,-1.5615,15.2244,-3.3176,14.0708,0.5288,14.9213,-5.1617,16.0987,-3.4673,-8.3015,19.32,13.61,HOLD,维持
2024-12-27,15.95,94.8,583.5459,518.1584,70.9377,58.0097,84.9899,171.6283,108.0,2.84,0.81,4.62,2.28,-0.485,34.1463,,-8.14,-1.7764,-2.744,-5.0944,-0.7079,-0.6979,15.0,-1.0,1.81,37.0,29.0,-9.9664,33.8286,cnn,3,9,2,14,0.9333,0,1,1,2,normal,Normal / Mild Pullback,False,14.325,0.0588,14.6009,-2.1546,13.629,1.1428,14.4844,-4.4073,15.9762,-2.4403,-7.3259,22.26,13.09,HOLD,维持
2024-12-30,17.4,99.08,576.8867,511.2669,71.0371,57.866,85.0522,169.8993,108.13,2.94,0.82,4.55,2.24,-0.485,34.1463,,-0.96,-2.8973,-4.0375,-4.69,-0.7676,-0.8497,22.0,0.0,2.2603,37.0,32.0,-8.3049,28.6,cnn,3,9,2,14,0.9333,0,1,1,2,normal,Normal / Mild Pullback,False,14.6551,0.0697,14.5465,0.7752,15.8577,2.8595,13.846,-5.2512,16.3299,-1.3141,-6.2561,28.06,10.84,HOLD,维持
2024-12-31,17.35,98.8,574.7881,506.9239,71.028,57.799,85.0344,170.2102,108.49,2.92,0.82,4.58,2.24,-0.485,34.1463,,0.57,-3.2506,-4.8527,-4.0489,-0.7442,-0.8233,24.0,1.0,1.9164,39.0,31.0,-7.0335,26.3143,cnn,3,9,2,14,0.9333,0,0,1,1,normal,Normal / Mild Pullback,False,14.6449,0.5818,14.1562,0.9487,15.7467,2.6856,13.9406,-4.2669,16.3929,-0.9538,-5.9139,34.75,1.38,HOLD,维持
2025-01-02,17.93,96.67,573.3757,505.9323,71.1996,57.1573,85.2838,169.7148,109.39,2.88,0.83,4.57,2.23,-0.485,34.1772,,3.66,-3.4883,-5.0388,-4.2139,-0.5044,-0.553,22.0,3.0,2.8391,34.0,28.0,-6.9783,24.3143,cnn,3,9,2,14,0.9333,0,0,2,2,normal,Normal / Mild Pullback,False,14.6359,-0.7099,18.5353,2.2133,16.226,2.2458,14.1764,-3.76,16.4048,-0.7099,-5.6821,41.44,1.37,HOLD,维持
2025-01-03,16.13,93.35,580.5449,514.212,71.308,57.9906,85.462,171.269,108.95,2.81,0.83,4.6,2.26,-0.489,34.1772,,1.4,-2.2816,-3.4847,-3.8554,-0.5901,-0.561,15.0,3.0,2.4544,41.0,36.0,-6.5042,28.8857,cnn,3,9,2,14,0.9333,0,0,1,1,normal,Normal / Mild Pullback,False,15.2291,-1.7839,14.607,1.8751,15.7179,1.6606,13.7074,-4.347,16.2438,-1.936,-6.8469,31.26,2.02,HOLD,维持
2025-01-06,16.04,97.89,583.8892,520.1217,71.4344,58.1151,85.5599,171.1524,108.26,2.76,0.84,4.62,2.28,-0.489,34.1772,,0.09,-1.7187,-2.3755,-4.4658,-0.3264,-0.3648,10.0,3.0,2.4123,45.0,36.0,-6.517,33.7714,cnn,3,9,2,14,0.9333,0,0,1,1,normal,Normal / Mild Pullback,False,15.4194,-2.2121,13.0976,1.8611,15.7085,1.4882,13.6396,-9.5817,19.1238,-2.4977,-9.5817,26.1,2.23,HOLD,维持
2025-01-07,17.82,102.78,577.2888,510.8406,71.1996,57.5691,85.3016,170.5793,108.54,2.79,0.84,4.67,2.29,-0.489,34.1772,,0.42,-2.8296,-4.1175,-3.504,-0.8157,-0.8395,12.0,3.0,2.4252,52.0,38.0,-6.4267,34.3143,cnn,3,9,2,14,0.9333,0,0,1,1,normal,Normal / Mild Pullback,False,15.8281,0.705,18.7529,3.588,13.9137,3.0053,12.8891,-13.9018,22.5148,-1.3829,-13.9018,29.07,2.68,HOLD,维持
2025-01-08,17.7,100.76,578.1323,510.9298,71.2899,57.55,85.3907,170.7833,109.09,2.84,0.83,4.67,2.27,-0.489,34.1772,,0.35,-2.6877,-4.1008,-3.8959,-0.5654,-0.5926,17.0,2.0,2.7697,47.0,34.0,-5.5426,31.9143,cnn,3,9,2,14,0.9333,0,0,1,1,normal,Normal / Mild Pullback,False,15.7936,0.3647,18.9001,3.1349,14.2655,1.9135,13.4348,-14.1805,22.5002,-1.5268,-14.1805,30.02,2.64,HOLD,维持
2025-01-10,19.54,96.57,569.3056,502.9179,70.9196,55.8452,84.9186,168.2869,109.65,2.81,0.83,4.77,2.34,-0.495,37.3656,,1.61,-4.1734,-5.6046,-3.7522,-1.1315,-1.1422,14.0,3.0,3.0545,55.0,41.0,-7.1948,25.6286,cnn,3,9,2,14,0.9333,0,1,1,2,normal,Normal / Mild Pullback,False,16.5736,2.9441,12.9054,3.2524,13.8582,4.1965,12.0975,-14.215,22.5102,0.1551,-14.215,34.09,12.77,HOLD,维持
2025-01-13,19.19,103.51,570.1884,501.3017,70.9016,56.6785,84.883,169.6662,109.96,2.85,0.84,4.79,2.34,-0.495,37.3656,,3.06,-4.0248,-5.9079,-3.4294,-1.1814,-1.204,21.0,6.0,3.0456,53.0,38.0,-5.7185,25.3429,cnn,3,9,2,14,0.9333,0,1,1,2,normal,Normal / Mild Pullback,False,16.251,3.7255,12.4435,3.9784,14.0692,4.1143,12.1051,-5.3526,30.7755,0.1376,-14.3478,34.97,12.37,HOLD,维持
2025-01-14,18.71,101.99,570.973,500.8257,70.9919,58.6035,84.9543,171.0358,109.27,2.8,0.84,4.78,2.34,-0.495,37.3656,,2.67,-3.8927,-5.9973,-3.0169,-0.7822,-0.8554,14.0,5.0,2.1597,46.0,34.0,-1.9601,25.1429,cnn,3,9,2,14,0.9333,0,0,1,1,normal,Normal / Mild Pullback,False,16.2469,4.1653,11.4975,3.37,14.6601,3.6363,12.2468,-9.6244,32.0573,1.6232,-14.4655,38.57,3.14,HOLD,维持
2025-01-15,16.12,93.1,581.3589,512.3478,71.615,60.0784,85.7381,172.6774,109.09,2.72,0.83,4.66,2.24,-0.495,37.3656,,-1.7,-2.1446,-3.8346,-3.6732,0.3786,0.3707,4.0,5.0,1.9533,26.0,17.0,-0.9421,27.4286,cnn,3,9,2,14,0.9333,0,0,1,1,normal,Normal / Mild Pullback,False,17.7096,2.8628,7.4561,2.0682,12.2875,2.8594,11.1671,-9.6552,32.0485,-0.1923,-15.9935,30.97,4.75,HOLD,维持
2025-01-16,16.6,92.72,580.2408,508.7583,71.6963,59.5133,85.8361,174.0373,108.96,2.73,0.83,4.61,2.19,-0.495,40.5714,,-1.1,-2.3327,-4.5084,-2.6433,0.303,0.3189,4.0,5.0,1.9652,22.0,12.0,-1.7503,27.3429,cnn,3,9,2,14,0.9333,0,0,2,2,normal,Normal / Mild Pullback,False,17.614,2.7601,8.1006,1.7207,12.7083,3.0525,11.1125,-8.6029,32.1326,1.004,-15.8317,34.83,4.64,HOLD,维持
2025-01-17,15.97,95.6,586.0664,517.3453,71.7595,60.404,85.9073,174.8824,109.35,2.64,0.82,4.61,2.2,-0.501,40.5714,,-3.57,-1.3522,-2.8966,-2.4709,0.6065,0.5792,-11.0,3.0,2.2345,21.0,11.0,0.6889,36.0286,cnn,3,9,2,14,0.9333,0,0,2,2,normal,Normal / Mild Pullback,False,17.9982,0.2995,14.9296,0.0318,12.4286,2.3277,10.6713,-9.7649,32.0441,0.0318,-16.6683,27.33,5.08,HOLD,维持
2025-01-21,15.06,96.78,591.4309,520.3796,71.9492,61.1511,86.1567,176.9125,108.06,2.61,0.82,4.57,2.19,-0.501,40.5714,,-4.13,-0.4492,-2.3271,-1.8446,1.9189,1.9284,-12.0,3.0,0.0278,7.0,1.0,3.3658,39.9143,cnn,3,9,2,14,0.9333,0,0,2,2,normal,Normal / Mild Pullback,False,14.511,0.2438,14.7338,-0.2106,11.9841,1.6384,10.2644,-12.5709,32.2417,-0.8755,-17.4242,23.01,1.7,HOLD,维持
2025-01-22,15.1,89.9,594.7557,527.0331,71.8498,60.4232,86.0142,176.2908,108.17,2.59,0.81,4.6,2.2,-0.501,40.5714,,-3.61,0.0,-1.0783,-3.3072,1.8824,1.8993,-32.0,-1.0,-0.2214,3.0,-8.0,2.4342,41.6286,cnn,3,9,2,14,0.9333,0,0,1,1,normal,Normal / Mild Pullback,False,14.5592,-0.7635,14.2601,-0.3661,11.7963,0.6497,10.2454,-12.9356,32.2096,-1.4297,-17.8858,18.54,1.73,HOLD,维持
2025-01-23,15.02,88.51,598.0019,528.1536,71.9402,60.2029,86.1389,177.1262,108.05,2.61,0.8,4.65,2.23,-0.501,29.4286,,-1.1,0.0,-0.8679,-3.1891,1.3744,1.3944,-25.0,-2.0,0.3996,13.0,0.0,0.9015,43.6857,cnn,3,9,2,14,0.9333,0,0,0,0,normal,Normal / Mild Pullback,False,14.1362,-0.7725,14.2323,-0.5625,11.5634,-1.6088,11.7918,-15.4693,32.4736,-1.9647,-18.3315,15.3,1.31,HOLD,维持
2025-01-24,14.85,86.75,596.2562,525.1689,72.0214,60.653,86.228,176.9708,107.44,2.6,0.8,4.63,2.2,-0.506,29.4286,,-1.75,-0.2919,-1.4282,-2.5616,1.7609,1.7018,-25.0,-2.0,-0.5553,4.0,-7.0,2.2222,45.8,cnn,3,9,2,14,0.9333,0,0,0,0,normal,Normal / Mild Pullback,False,14.122,-1.0115,14.4797,-1.1843,12.3253,-1.7698,11.8449,-13.0161,32.9941,-1.7698,-18.0924,16.14,1.38,HOLD,维持
2025-01-27,17.9,95.05,587.8218,509.8788,72.0756,61.2947,86.3259,177.0873,107.34,2.66,0.81,4.53,2.13,-0.506,29.4286,,1.93,-1.7023,-4.298,-1.352,1.5136,1.5507,-20.0,-1.0,-0.8498,-6.0,-11.0,5.1869,37.9714,cnn,3,9,2,14,0.9333,0,0,1,1,normal,Normal / Mild Pullback,False,14.5948,-0.2669,11.0746,0.9143,10.4674,-0.8559,10.8768,-10.4008,33.0953,-0.8559,-16.9172,25.62,1.32,HOLD,维持
2025-01-28,16.41,92.83,592.8727,517.4148,72.0485,60.9882,86.2725,176.2131,107.87,2.66,0.81,4.55,2.13,-0.506,29.4286,,1.35,-0.8577,-2.8836,-2.223,1.218,1.2439,-20.0,0.0,-0.2404,-3.0,-10.0,3.2855,40.6286,cnn,3,9,2,14,0.9333,0,0,0,0,normal,Normal / Mild Pullback,False,14.9195,-0.4533,10.1484,0.1307,9.5657,-1.6509,10.3577,-9.2942,33.3544,-1.7005,-17.625,18.77,1.68,HOLD,维持
2025-01-29,16.56,90.73,590.2149,516.4429,72.0034,60.9212,86.2012,175.6303,108.0,2.68,0.81,4.55,2.15,-0.506,29.4286,,1.46,-1.3022,-3.066,-2.1901,1.5022,1.4253,-16.0,0.0,0.0,-7.0,-13.0,3.8323,42.4,cnn,3,9,2,14,0.9333,0,0,0,0,normal,Normal / Mild Pullback,False,14.4854,0.4005,10.0586,0.2575,9.4143,-2.7849,11.6401,-8.2274,33.3975,-2.7849,-17.254,19.89,1.2,HOLD,维持
2025-01-30,15.84,90.54,593.3826,518.6443,72.1388,61.6012,86.3794,177.505,107.8,2.67,0.81,4.52,2.14,-0.506,34.0361,,0.82,-0.7725,-2.6528,-2.5623,1.551,1.5604,-27.0,-1.0,-0.3052,-3.0,-10.0,3.4954,45.9143,cnn,3,9,2,14,0.9333,0,0,0,0,normal,Normal / Mild Pullback,False,13.8493,0.2116,9.6,0.7752,10.4883,-1.7949,12.9078,-8.6825,33.3699,-3.3039,-17.6958,18.16,0.75,HOLD,维持
2025-01-31,16.43,91.76,590.2248,517.8907,71.9943,61.448,86.1834,176.048,108.37,2.68,0.82,4.58,2.16,-0.509,34.0361,,1.58,-1.3005,-2.7942,-2.4959,1.3605,1.3512,-24.0,0.0,-0.1106,0.0,-8.0,3.5327,43.7714,cnn,3,9,2,14,0.9333,0,0,0,0,normal,Normal / Mild Pullback,False,13.9439,-0.1745,11.2994,1.3093,9.9481,-2.9993,14.1526,-7.6157,33.398,-2.9993,-17.2554,19.87,0.67,HOLD,维持
2025-02-03,18.62,94.15,586.2527,513.7459,71.9036,60.1742,86.0723,175.0863,108.99,2.73,0.83,4.54,2.09,-0.509,34.0361,,0.72,-1.9647,-3.5722,-2.6976,0.9888,0.9246,-15.0,0.0,-0.3657,-3.0,-14.0,2.9657,37.4,cnn,3,9,2,14,0.9333,0,0,1,1,normal,Normal / Mild Pullback,False,14.1796,1.1844,10.5227,2.2952,8.8839,-3.498,14.5188,-6.9528,33.3805,-3.498,-16.6948,25.47,0.86,HOLD,维持
2025-02-04,17.21,90.28,590.1854,520.0522,72.1304,61.3426,86.3231,175.3,107.96,2.71,0.82,4.52,2.08,-0.509,34.0361,,0.8,-1.3071,-2.3885,-3.1871,1.1534,1.0077,-10.0,-1.0,-0.9087,-8.0,-18.0,4.0524,37.1429,cnn,3,9,2,14,0.9333,0,0,1,1,normal,Normal / Mild Pullback,False,13.7054,0.5866,9.8025,1.8528,8.5404,-3.1108,14.8933,-6.9178,33.3844,-4.141,-17.2499,23.8,0.67,HOLD,维持
2025-02-05,15.77,94.68,592.5784,522.4124,72.3209,62.013,86.556,176.1548,107.58,2.69,0.83,4.43,2.01,-0.509,34.0361,,-0.79,-0.9069,-1.9456,-2.9952,1.241,1.1642,-7.0,-1.0,-0.6281,-19.0,-27.0,5.1426,38.6286,cnn,3,9,2,14,0.9333,0,0,1,1,normal,Normal / Mild Pullback,False,13.6377,-0.1423,9.8177,1.0195,8.9318,-5.215,15.8046,-5.9176,33.5276,-5.215,-17.5841,21.43,0.78,HOLD,维持
2025-02-06,15.5,93.9,594.6381,525.1391,72.2121,62.7313,86.4485,175.9217,107.69,2.66,0.84,4.45,2.03,-0.509,42.8571,,-0.34,-0.5625,-1.4338,-2.8083,1.422,1.3445,-13.0,0.0,-0.7831,-22.0,-26.0,5.7877,39.6857,cnn,3,9,2,14,0.9333,0,0,2,2,normal,Normal / Mild Pullback,False,12.8902,0.5624,12.4331,-1.0523,12.629,-5.0139,15.9313,-6.781,33.5281,-5.5433,-17.8695,23.71,0.92,HOLD,维持
2025-02-07,16.54,93.13,589.1949,518.5154,71.9853,61.8981,86.1978,175.0572,108.04,2.67,0.84,4.49,2.07,-0.508,42.8571,,0.11,-1.4727,-2.677,-2.5128,0.9754,0.9451,-17.0,1.0,-0.9625,-18.0,-20.0,5.5359,38.3714,cnn,3,9,2,14,0.9333,0,0,2,2,normal,Normal / Mild Pullback,False,13.435,1.4864,8.8228,-0.5926,11.9909,-6.6897,18.028,-6.7062,33.5203,-6.6897,-17.1108,26.94,0.67,HOLD,维持
2025-02-10,15.81,87.68,593.1963,524.7921,72.1304,61.1798,86.3948,175.5526,108.32,2.66,0.84,4.51,2.07,-0.508,42.8571,,-2.81,-0.8036,-1.4989,-3.2871,1.7072,1.7383,-15.0,1.0,-1.213,-26.0,-27.0,5.1402,44.7143,cnn,3,9,2,14,0.9333,0,0,1,1,normal,Normal / Mild Pullback,False,12.1131,1.0978,8.1736,-1.7542,11.4077,-8.0896,17.6856,-6.9458,33.4985,-8.0896,-17.6699,21.09,0.76,HOLD,维持
2025-02-11,16.02,85.58,593.6474,523.5427,72.1032,62.1854,86.2963,175.572,107.96,2.66,0.83,4.54,2.08,-0.508,42.8571,,-1.19,-0.7282,-1.7334,-2.9102,1.6947,1.6649,-19.0,-1.0,-1.8188,-25.0,-26.0,5.3805,45.4,cnn,3,9,2,14,0.9333,0,0,1,1,normal,Normal / Mild Pullback,False,12.121,1.2589,8.0765,-1.7792,11.3925,-7.6721,17.9263,-6.3687,33.5379,-8.1594,-17.7325,21.01,0.67,HOLD,维持
2025-02-12,15.89,86.58,591.735,523.8501,71.949,60.7297,86.0992,174.5521,107.94,2.65,0.81,4.62,2.16,-0.508,42.8571,,0.12,-1.048,-1.6757,-3.168,1.3481,1.3477,-15.0,-3.0,-1.2172,-16.0,-18.0,-0.0079,41.3714,cnn,3,9,2,14,0.9333,0,0,1,1,normal,Normal / Mild Pullback,False,12.2637,1.1635,8.5135,-3.0347,13.4834,-8.6084,18.2312,-6.1857,33.535,-8.6084,-17.4666,21.77,0.72,HOLD,维持
2025-02-13,15.1,84.57,597.9823,531.386,72.2756,60.9978,86.4844,176.0674,107.31,2.65,0.81,4.52,2.08,-0.508,47.2678,,-0.4,-0.0033,-0.2612,-3.1947,0.9223,0.8704,-7.0,-2.0,-1.6317,-14.0,-16.0,-1.2921,46.6,cnn,3,9,2,14,0.9333,0,0,1,1,normal,Normal / Mild Pullback,False,11.1619,-1.6056,13.204,-2.5503,15.0321,-7.6952,19.6063,-4.0979,34.1569,-9.5632,-18.3289,20.13,1.12,HOLD,维持
2025-02-14,14.77,84.67,597.9528,533.6171,72.3572,61.1894,86.5918,175.8926,106.57,2.62,0.8,4.47,2.04,-0.503,47.2678,,-1.77,-0.0082,0.0,-3.8389,0.9218,0.8805,-11.0,-3.0,-2.1935,-14.0,-15.0,-0.2293,43.6857,cnn,3,9,2,14,0.9333,0,0,1,1,normal,Normal / Mild Pullback,False,11.1068,-2.0485,12.9028,-4.2529,16.7105,-6.9788,20.0012,-3.4598,34.1893,-9.5588,-18.3248,20.05,1.28,HOLD,维持
2025-02-18,15.35,84.51,599.7084,534.8268,72.2937,61.7353,86.5381,177.2428,107.05,2.62,0.79,4.55,2.1,-0.503,47.2678,,-0.46,0.0,0.0,-3.3783,0.7444,0.7343,-2.0,-3.0,-2.1033,-6.0,-10.0,-0.121,46.8,cnn,3,9,2,14,0.9333,0,0,1,1,normal,Normal / Mild Pullback,False,10.662,-2.821,11.2931,-5.6632,16.5607,-8.2536,20.0017,-3.6194,34.1837,-9.8235,-18.5639,20.03,0.99,HOLD,维持
2025-02-19,15.27,83.86,601.1207,534.9757,72.3481,61.5054,86.6097,177.6022,107.17,2.68,0.79,4.53,2.08,-0.503,47.2678,,-0.75,0.0,0.0,-2.7946,0.5545,0.5258,7.0,-3.0,-0.8236,-4.0,-11.0,-1.0418,47.6286,cnn,3,9,2,14,0.9333,0,0,1,1,normal,Normal / Mild Pullback,False,10.2523,-3.0003,10.5098,-4.8733,18.1654,-7.4723,20.5938,-3.3762,34.1969,-10.0354,-18.7552,20.03,1.03,HOLD,维持
2025-02-20,15.66,86.26,598.6198,532.7049,72.3935,60.3945,86.6724,177.1553,106.34,2.66,0.8,4.5,2.05,-0.503,40.4624,,-0.23,-0.416,-0.4245,-2.9279,0.7567,0.7653,7.0,-1.0,-1.6918,-10.0,-15.0,-0.6927,44.2286,cnn,3,9,2,14,0.9333,0,0,1,1,normal,Normal / Mild Pullback,False,10.2343,-4.1499,12.3771,-6.1716,19.2666,-7.3544,20.5965,-2.3579,34.2173,-9.6596,-18.4158,19.19,0.84,HOLD,维持
2025-02-21,18.21,91.83,588.381,521.6489,72.2574,58.8238,86.5471,174.6687,106.61,2.78,0.81,4.42,2.0,-0.494,40.4624,,3.11,-2.1193,-2.4911,-3.3201,0.441,0.4739,17.0,1.0,-1.3327,-23.0,-23.0,-0.6931,36.9714,cnn,3,9,2,14,0.9333,0,0,2,2,normal,Normal / Mild Pullback,False,11.7589,-0.9601,18.2038,-4.0037,19.0653,-5.7112,20.0129,-0.5502,34.0374,-8.0875,-16.9961,30.35,0.67,HOLD,维持
2025-02-24,18.98,88.44,585.7035,515.4911,72.3481,58.3928,86.6277,174.8144,106.6,2.78,0.81,4.4,1.98,-0.494,40.4624,,4.21,-2.5647,-3.6421,-3.2579,0.4536,0.4636,18.0,1.0,-0.7818,-23.0,-22.0,-1.9919,29.5429,cnn,3,9,2,14,0.9333,0,0,2,2,normal,Normal / Mild Pullback,False,11.8123,-2.2505,21.4836,-6.1335,22.2778,-3.5838,21.299,-0.4314,34.0316,-7.6673,-16.6167,36.53,0.67,HOLD,维持
2025-02-25,19.43,96.61,582.7907,508.9962,72.5296,58.4311,86.8426,174.9892,106.31,2.84,0.84,4.3,1.92,-0.494,40.4624,,4.08,-3.0493,-4.8562,-3.2233,0.6298,0.5985,18.0,3.0,-0.9596,-23.0,-21.0,-3.8489,24.2,cnn,3,9,2,14,0.9333,0,0,3,3,normal,Normal / Mild Pullback,False,10.8545,-2.9247,22.1239,-6.4486,22.2849,-2.869,21.315,-1.62,34.1943,-7.2058,-16.1999,43.88,0.67,HOLD,维持
2025-02-26,19.1,97.52,583.085,510.2258,72.6294,58.5843,86.9232,174.6201,106.42,2.81,0.84,4.25,1.89,-0.494,40.4624,,3.83,-3.0003,-4.6264,-2.9825,0.8062,0.7543,15.0,3.0,-1.3442,-30.0,-24.0,-2.3291,21.2571,cnn,3,9,2,14,0.9333,0,0,3,3,normal,Normal / Mild Pullback,False,10.3322,-1.9309,24.9885,-5.9996,22.839,-4.077,21.623,-1.6308,34.1942,-7.2527,-16.2422,45.15,0.67,HOLD,维持
2025-02-27,21.13,96.27,573.7778,496.0562,72.4933,58.6705,86.7441,173.0951,107.24,2.81,0.85,4.29,1.92,-0.494,60.6154,,5.47,-4.5486,-7.275,-2.4723,0.6804,0.6297,13.0,4.0,-0.7037,-26.0,-23.0,-0.9355,12.7571,cnn,3,9,2,14,0.9333,2,0,6,8,normal,Normal / Mild Pullback,False,11.5989,-2.1092,25.5744,-5.7482,22.5523,-2.78,20.9851,-0.7175,34.0638,-5.7482,-14.8836,61.24,5.28,HOLD,维持
2025-02-28,19.63,104.46,582.732,503.8897,72.6928,59.4463,86.9859,175.0183,107.61,2.87,0.88,4.24,1.86,-0.48,60.6154,,1.42,-3.0591,-5.8107,-2.5975,0.768,0.7022,20.0,7.0,-0.1763,-28.0,-28.0,-1.7344,20.6571,cnn,3,9,2,14,0.9333,0,0,5,5,normal,Normal / Mild Pullback,False,12.8874,-3.0732,21.3814,-5.2796,23.9638,-6.2016,21.0131,-0.2107,34.1792,-7.1965,-16.1915,49.69,0.67,HOLD,维持
2025-03-03,22.78,105.65,572.5225,492.8633,72.5415,58.5939,86.795,173.1534,106.75,2.94,0.89,4.16,1.8,-0.48,60.6154,,3.8,-4.7575,-7.8718,-1.4944,0.7601,0.7096,26.0,7.0,-1.4949,-42.0,-36.0,-1.6963,12.3429,cnn,3,9,2,14,0.9333,1,0,6,7,normal,Normal / Mild Pullback,False,14.1147,-3.9724,25.2038,-2.847,23.7134,-3.888,20.5622,0.9812,34.0037,-5.5416,-14.697,59.7,2.79,HOLD,维持
2025-03-04,23.51,108.87,565.7457,491.3759,72.5325,56.5444,86.696,170.3559,105.74,2.99,0.89,4.22,1.87,-0.48,60.6154,,4.08,-5.8848,-8.1499,-1.4424,0.8746,0.7245,26.0,6.0,-2.9819,-32.0,-22.0,-2.626,11.0429,cnn,3,9,2,14,0.9333,1,0,6,7,normal,Normal / Mild Pullback,False,14.4782,-3.63,24.9914,-2.7459,23.6082,-2.4621,20.282,2.5942,33.9184,-4.4101,-13.6752,62.93,3.19,ADD_SMALL,小幅分批加仓/维持偏加
2025-03-05,21.93,104.32,571.8261,497.7816,72.5689,56.2283,86.732,171.9392,105.74,2.88,0.87,4.28,1.94,-0.48,60.6154,,2.83,-4.8733,-6.9525,-0.9784,0.6079,0.4736,17.0,5.0,-2.0563,-24.0,-14.0,-5.3943,11.5143,cnn,3,9,2,14,0.9333,1,0,6,7,normal,Normal / Mild Pullback,False,14.8569,-4.1488,22.7212,-2.7321,23.6309,-2.8885,19.9976,1.3898,33.852,-5.4265,-14.5931,58.45,3.61,HOLD,维持
2025-03-06,24.87,108.95,561.6756,484.0879,72.2955,55.3185,86.4258,170.0353,104.06,2.99,0.88,4.29,1.95,-0.48,57.1111,,3.74,-6.5619,-9.5122,0.0301,-0.0352,-0.1504,30.0,5.0,-3.272,-14.0,-6.0,-5.8874,17.2,cnn,3,9,2,14,0.9333,1,0,4,5,normal,Normal / Mild Pullback,False,15.7573,-3.7174,21.7492,-1.2607,22.0891,-6.0057,26.0067,3.8035,33.6564,-6.0057,-13.0496,65.56,4.6,ADD_SMALL,小幅分批加仓/维持偏加
2025-03-07,23.37,104.41,564.8237,487.6476,72.414,55.2514,86.5519,171.6283,103.84,2.97,0.89,4.32,1.99,-0.463,57.1111,,3.74,-6.0382,-8.8468,0.7089,0.2796,0.1195,31.0,5.0,-3.5751,-13.0,-4.0,-7.2745,17.6429,cnn,3,9,2,14,0.9333,1,0,4,5,normal,Normal / Mild Pullback,False,15.8843,-2.2764,28.822,-1.7786,21.7876,-12.0017,32.7404,3.8136,33.657,-12.0017,-13.5343,63.2,4.74,ADD_SMALL,小幅分批加仓/维持偏加
2025-03-10,27.86,112.5,549.7793,468.7482,72.1405,53.0678,86.2187,169.2096,103.91,3.16,0.91,4.22,1.91,-0.463,57.1111,,5.08,-8.5409,-12.3795,1.8995,0.2157,0.0243,49.0,7.0,-3.8227,-27.0,-16.0,-8.1192,17.0714,cnn,3,9,2,14,0.9333,3,1,4,8,panic,Panic Pullback,False,17.9326,1.172,21.4109,2.7163,18.6482,-9.7547,31.8469,6.6258,33.1622,-9.7547,-11.1682,74.13,23.71,ADD_SMALL,小幅分批加仓/维持偏加
2025-03-11,26.92,114.6,545.209,467.6277,71.8853,52.7805,85.8314,166.9561,103.44,3.22,0.94,4.28,1.97,-0.463,57.1111,,3.41,-9.3012,-12.589,1.6931,-0.3398,-0.6521,56.0,10.0,-4.5052,-23.0,-10.0,-6.1356,15.1143,cnn,3,9,2,14,0.9333,2,0,4,6,normal,Normal / Mild Pullback,False,17.5929,0.9174,22.2604,3.8263,17.6207,-10.4235,32.0554,6.9999,33.1275,-10.4235,-10.4235,75.98,10.92,ADD_SMALL,小幅分批加仓/维持偏加
2025-03-12,24.23,104.11,548.1022,472.9029,71.9674,53.3934,85.9125,166.1694,103.61,3.2,0.96,4.32,1.99,-0.463,57.1111,,2.3,-8.8199,-11.6029,1.3639,-0.1884,-0.4447,54.0,13.0,-4.0293,-22.0,-9.0,-7.0035,15.9143,cnn,3,9,2,14,0.9333,1,0,4,5,normal,Normal / Mild Pullback,False,17.8336,1.478,23.134,2.0453,19.2623,-1.5388,49.2471,7.5281,33.1693,-10.8964,-10.8964,69.91,6.88,ADD_SMALL,小幅分批加仓/维持偏加
2025-03-13,24.66,106.19,540.7958,464.3951,71.5663,52.7997,85.4262,164.5763,103.83,3.4,0.97,4.27,1.98,-0.463,59.2357,,-0.21,-10.0354,-13.1932,1.5952,-0.5318,-0.7817,75.0,16.0,-3.8077,-35.0,-18.0,-4.8685,15.1857,cnn,3,9,2,14,0.9333,1,0,4,5,normal,Normal / Mild Pullback,False,18.1392,2.5516,19.3426,3.1493,17.5255,-4.5813,51.5237,9.0791,33.029,-9.6925,-9.6925,71.92,7.22,ADD,加仓
2025-03-14,21.77,101.01,551.9663,475.6198,71.8944,54.3607,85.8494,167.7138,103.72,3.25,0.94,4.31,2.01,-0.444,59.2357,,-1.6,-8.1771,-11.0951,1.773,-0.5273,-0.7341,60.0,13.0,-3.3454,-21.0,-7.0,-3.4512,22.0571,cnn,3,9,2,14,0.9333,1,0,4,5,normal,Normal / Mild Pullback,False,19.5454,0.5093,13.6965,-0.9734,18.1721,-4.8442,51.3709,7.4775,32.804,-11.5201,-11.5201,65.22,8.77,ADD_SMALL,小幅分批加仓/维持偏加
2025-03-17,20.51,99.78,556.2227,478.7036,72.0676,54.7151,86.0746,169.977,103.37,3.18,0.93,4.31,2.02,-0.444,59.2357,,-7.35,-7.469,-10.5186,3.1338,-0.4002,-0.5973,56.0,13.0,-3.0027,-16.0,-2.0,-3.8721,22.5714,cnn,3,9,2,14,0.9333,1,0,4,5,normal,Normal / Mild Pullback,False,19.9396,1.5264,17.9792,-1.0715,18.0462,-4.6563,51.4274,6.3509,32.7862,-12.1972,-12.1972,62.64,9.2,ADD_SMALL,小幅分批加仓/维持偏加
2025-03-18,21.7,96.68,550.2108,470.5429,71.94,54.5619,85.9215,169.0931,103.24,3.23,0.93,4.29,1.99,-0.444,59.2357,,-5.22,-8.4692,-12.0441,4.1112,-0.4892,-0.7125,61.0,14.0,-3.5591,-26.0,-11.0,-3.6688,22.2286,cnn,3,9,2,14,0.9333,1,0,4,5,normal,Normal / Mild Pullback,False,19.9448,2.8824,13.4033,0.2919,17.258,-3.8845,51.3305,7.9402,32.6972,-11.2378,-11.2378,66.15,9.21,ADD_SMALL,小幅分批加仓/维持偏加
2025-03-19,19.9,91.4,556.203,476.8394,72.414,55.2419,86.4348,170.3461,103.43,3.19,0.91,4.25,1.94,-0.444,59.2357,,-4.33,-7.4723,-10.8671,3.7299,0.091,-0.202,51.0,12.0,-3.4898,-28.0,-14.0,-2.9304,21.6,cnn,3,9,2,14,0.9333,0,0,4,4,normal,Normal / Mild Pullback,False,20.5394,0.559,17.1591,-0.1608,16.6221,-7.0334,51.5889,5.5836,32.7345,-12.1941,-12.1941,60.24,7.86,ADD_SMALL,小幅分批加仓/维持偏加
2025-03-20,19.8,95.74,554.5947,475.2232,72.3137,54.8684,86.3267,169.6371,103.85,3.17,0.91,4.24,1.93,-0.444,58.1197,,-4.86,-7.7399,-11.1692,3.9107,-0.1102,-0.3989,51.0,11.0,-2.3415,-26.0,-12.0,-1.9381,21.6857,cnn,3,9,2,14,0.9333,0,0,4,4,normal,Normal / Mild Pullback,False,20.5414,0.5828,17.1251,-4.8057,30.3514,-6.6308,51.6201,6.8972,32.7712,-11.9395,-11.9395,60.94,7.86,ADD_SMALL,小幅分批加仓/维持偏加
2025-03-21,19.28,94.54,554.7776,476.7899,72.2043,54.8396,86.2367,168.86,104.09,3.21,0.92,4.25,1.92,-0.425,58.1197,,-2.49,-7.7094,-10.8763,3.1972,-0.0735,-0.3586,43.0,11.0,-2.3638,-17.0,-8.0,-1.1262,22.6857,cnn,3,9,2,14,0.9333,0,0,4,4,normal,Normal / Mild Pullback,False,19.9602,-1.4752,23.0296,-10.4082,40.8641,-8.8833,52.1096,5.9488,32.8311,-11.9685,-11.9685,60.77,7.22,ADD_SMALL,小幅分批加仓/维持偏加
2025-03-24,17.48,95.22,564.713,487.2527,72.414,56.332,86.5699,171.4767,104.26,3.05,0.9,4.34,1.98,-0.425,58.1197,,-3.03,-6.0566,-8.9206,3.4281,0.091,-0.0667,27.0,9.0,-2.1951,-6.0,0.0,0.0567,25.4,cnn,3,9,2,14,0.9333,0,0,3,3,normal,Normal / Mild Pullback,False,21.2579,-2.5589,17.4136,-12.1412,38.1004,-8.1574,52.6355,4.0691,32.6446,-13.5173,-13.5173,53.55,8.65,HOLD,维持
2025-03-25,17.15,93.57,566.0703,490.0332,72.3775,56.1585,86.4798,171.0668,104.18,3.09,0.9,4.31,1.96,-0.425,58.1197,,-4.55,-5.8308,-8.4008,3.2982,-0.2097,-0.4178,25.0,6.0,-2.0036,1.0,4.0,-1.0505,29.2857,cnn,3,9,2,14,0.9333,0,0,3,3,normal,Normal / Mild Pullback,False,21.2702,-2.518,17.5309,-13.7247,37.131,-6.9579,53.053,3.5757,32.6484,-13.7247,-13.7247,50.73,8.66,HOLD,维持
2025-03-26,18.33,91.41,559.3124,481.0163,72.0858,55.9271,86.0656,170.7447,104.55,3.19,0.91,4.35,1.98,-0.425,58.1197,,-1.57,-6.9551,-10.0863,4.1863,-0.7484,-0.9867,38.0,7.0,-1.7572,10.0,9.0,-0.4782,28.8857,cnn,3,9,2,14,0.9333,0,0,3,3,normal,Normal / Mild Pullback,False,21.5812,-0.7158,17.8037,-3.5122,68.5936,-3.8516,53.6405,5.8626,32.5952,-12.6822,-12.6822,54.02,9.01,HOLD,维持
2025-03-27,18.69,91.03,557.827,478.2754,71.9491,55.4836,85.9035,170.3055,104.07,3.27,0.91,4.38,1.99,-0.425,52.1505,,-1.11,-7.2022,-10.5987,3.8042,-0.7506,-0.9691,46.0,6.0,-2.956,9.0,7.0,-2.7277,28.3429,cnn,3,9,2,14,0.9333,0,0,3,3,normal,Normal / Mild Pullback,False,20.9462,-5.3573,39.3193,-7.4945,71.632,-2.899,53.7376,7.3171,32.6506,-12.4497,-12.4497,53.37,8.31,HOLD,维持
2025-03-28,21.65,96.83,546.5934,465.6835,71.8215,54.3846,85.7414,167.68,104.04,3.47,0.94,4.27,1.9,-0.408,52.1505,,2.37,-9.0709,-12.9524,4.1635,-1.1986,-1.4307,60.0,6.0,-3.3175,3.0,4.0,-2.4662,26.3714,cnn,3,9,2,14,0.9333,1,0,3,4,normal,Normal / Mild Pullback,False,20.9568,-9.0667,53.1208,-3.9089,72.3066,-0.8656,53.2738,9.5841,32.3417,-10.6504,-10.6504,64.2,10.32,ADD_SMALL,小幅分批加仓/维持偏加
2025-03-31,22.28,101.35,550.2626,465.6637,71.9035,54.8088,85.8224,169.0757,104.21,3.55,0.97,4.23,1.85,-0.408,52.1505,,4.8,-8.4605,-12.9561,3.7608,-0.8795,-1.1206,61.0,8.0,-2.3794,7.0,5.0,-2.676,21.1143,cnn,3,9,2,14,0.9333,1,0,4,5,normal,Normal / Mild Pullback,False,20.5078,-9.8339,50.8295,-3.6236,72.4444,-0.9063,53.2667,9.705,32.35,-11.2462,-11.2462,69.95,9.83,ADD_SMALL,小幅分批加仓/维持偏加
2025-04-01,21.77,104.73,551.8167,469.4174,72.0703,54.3942,86.0506,169.2513,104.26,3.5,0.98,4.17,1.84,-0.408,52.1505,,4.62,-8.202,-12.2544,3.6232,-0.6372,-0.7443,51.0,9.0,-1.3997,-5.0,-3.0,-1.3744,19.5714,cnn,3,9,2,14,0.9333,1,0,4,5,normal,Normal / Mild Pullback,False,20.2241,-11.4962,46.9747,-4.1642,72.3578,-1.1462,53.2538,9.9395,32.3566,-11.4962,-11.4962,68.69,9.51,ADD_SMALL,小幅分批加仓/维持偏加
2025-04-02,21.51,106.39,555.3088,472.8434,72.2168,55.1655,86.2136,170.6666,103.81,3.42,0.96,4.2,1.88,-0.408,52.1505,,3.18,-7.6211,-11.614,4.1768,-0.4852,-0.5976,54.0,9.0,-1.8252,-8.0,-6.0,1.028,22.6,cnn,3,9,2,14,0.9333,1,0,4,5,normal,Normal / Mild Pullback,False,19.9376,-2.8166,101.1961,-6.8837,72.6238,-1.0717,53.2674,9.7705,32.3485,-12.0527,-12.0527,66.05,9.2,ADD_SMALL,小幅分批加仓/维持偏加
2025-04-03,30.02,112.0,527.9428,447.5304,71.3192,49.4677,85.0364,162.5364,102.07,4.01,1.06,4.06,1.78,-0.408,61.9171,,11.33,-12.1736,-16.3457,5.0295,-1.3504,-1.6077,102.0,18.0,-1.9124,-23.0,-17.0,-4.8629,12.1429,cnn,3,9,2,14,0.9333,4,1,6,11,extreme,Extreme Panic,False,25.6829,-2.2583,99.6678,-1.9173,68.4954,5.6009,50.0855,15.4231,30.4777,-7.494,-7.494,86.0,39.95,ADD,加仓
2025-04-04,45.31,125.71,497.0354,419.7348,70.3026,47.4913,83.7232,153.4106,103.02,4.45,1.14,4.01,1.83,-0.392,61.9171,,23.66,-17.3152,-21.5413,4.4563,-2.9156,-3.2681,148.0,25.0,-0.7897,-31.0,-16.0,-2.3222,5.3857,cnn,3,9,2,14,0.9333,7,2,6,15,extreme,Extreme Panic,False,32.1287,5.6721,86.7189,1.702,61.9486,11.5243,44.3966,23.1563,27.5333,-1.7416,-1.7416,82.0,56.76,HOLD,维持
2025-04-07,46.98,137.3,496.1501,420.7478,69.6981,47.5009,82.9625,152.132,103.26,4.61,1.2,4.15,1.96,-0.392,61.9171,,24.7,-17.4625,-21.352,3.7981,-3.3856,-3.7766,145.0,29.0,-0.6255,-7.0,5.0,-0.815,4.0,cnn,3,9,2,14,0.9333,7,5,6,18,normal,Normal / Mild Pullback,False,31.2279,6.8876,86.0314,4.5343,63.0426,10.7895,44.6011,24.3485,27.5256,-1.5663,-1.5663,75.0,76.82,HOLD,维持
2025-04-08,52.33,139.88,488.379,413.1707,69.3776,47.0574,82.6184,149.2625,102.96,4.57,1.18,4.26,2.04,-0.392,61.9171,,30.56,-18.7552,-22.7683,3.3925,-3.4885,-3.7434,135.0,24.0,-0.464,-2.0,7.0,-0.4684,2.9,cnn,3,9,2,14,0.9333,7,4,6,17,normal,Normal / Mild Pullback,False,31.4418,8.2843,83.727,7.8432,62.1789,13.0257,43.9173,25.3857,27.3272,3.5047,3.5047,75.0,77.15,HOLD,维持
2025-04-09,33.62,128.83,539.6683,462.764,71.2368,50.7403,84.8462,161.1992,102.9,4.37,1.21,4.34,2.07,-0.392,61.9171,,12.11,-10.223,-13.4981,0.3827,-1.0151,-1.2412,117.0,25.0,-0.6853,2.0,8.0,-3.4839,9.5,cnn,3,9,2,14,0.9333,5,1,6,12,panic,Panic Pullback,False,50.218,-4.1851,40.1705,-0.3518,36.8059,2.9966,26.5723,13.4071,18.6012,-6.3322,-6.3322,83.21,41.03,ADD,加仓
2025-04-10,40.72,128.35,516.0205,443.0816,70.0736,47.6263,83.4697,155.7726,100.87,4.42,1.18,4.4,2.21,-0.392,58.9354,,10.7,-14.1569,-17.1772,0.7749,-2.0857,-2.2903,102.0,21.0,-2.8508,13.0,23.0,-5.4674,5.6143,cnn,3,9,2,14,0.9333,6,1,5,12,extreme,Extreme Panic,False,52.3857,0.3488,24.0586,4.9678,27.2313,7.5794,20.2582,19.3154,15.838,-2.0397,-2.0397,86.0,41.34,ADD,加仓
2025-04-11,37.56,137.26,525.2277,451.2445,70.2843,47.4913,83.6689,158.1345,99.78,4.26,1.18,4.48,2.28,-0.382,58.9354,,-7.75,-12.6252,-15.6514,1.365,-2.2396,-2.54,101.0,24.0,-3.7987,17.0,27.0,-8.1893,8.3857,cnn,3,9,2,14,0.9333,4,2,5,11,extreme,Extreme Panic,False,52.2348,-3.757,23.7519,3.167,26.3174,9.1864,22.2102,17.5544,15.5372,-3.757,-3.757,82.0,49.47,REDUCE,减仓
2025-04-14,30.89,132.46,530.3232,454.3031,70.6323,48.3204,84.1579,160.1548,99.64,4.14,1.15,4.38,2.15,-0.382,58.9354,,-16.09,-11.7776,-15.0797,0.6852,-1.9916,-2.2267,96.0,22.0,-3.6084,7.0,13.0,-7.3743,12.3429,cnn,3,9,2,14,0.9333,3,1,5,9,panic,Panic Pullback,False,52.2885,-2.2017,32.3012,2.8194,26.1366,8.8515,22.1403,16.0157,15.5197,-4.6817,-4.6817,81.55,39.35,ADD,加仓
2025-04-15,30.12,122.56,528.8378,454.8095,70.8246,49.1399,84.4024,159.6376,100.22,4.09,1.14,4.35,2.16,-0.382,58.9354,,-22.21,-12.0247,-14.985,1.1611,-1.5504,-1.768,86.0,21.0,-2.9252,6.0,17.0,-6.2974,13.1143,cnn,3,9,2,14,0.9333,3,1,5,9,extreme,Extreme Panic,False,52.1842,-0.4073,35.3231,3.1491,25.994,9.2967,22.0151,16.5635,15.4813,-4.414,-4.414,79.56,38.56,ADD,加仓
2025-04-16,32.64,119.4,517.0828,441.0955,70.8155,49.1302,84.33,157.5879,99.38,4.16,1.13,4.29,2.12,-0.382,58.9354,,-0.98,-13.9802,-17.5485,1.8845,-2.2074,-2.4351,97.0,22.0,-3.9157,4.0,18.0,-4.3348,11.1429,cnn,3,9,2,14,0.9333,2,1,5,8,extreme,Extreme Panic,False,52.4666,4.0007,31.7955,6.2417,21.7358,12.3274,19.5853,18.704,14.6514,-2.241,-2.241,78.62,40.81,ADD,加仓
2025-04-17,29.65,114.64,517.8206,441.016,71.2276,49.5737,84.8734,158.7592,99.38,4.02,1.11,4.34,2.11,-0.382,56.8579,,-11.07,-13.8575,-17.5634,3.4352,-1.5019,-1.6836,85.0,20.0,-4.3043,10.0,18.0,-3.2333,16.0571,cnn,3,9,2,14,0.9333,2,1,4,7,normal,Normal / Mild Pullback,False,52.4916,4.6029,31.3218,7.6651,21.9678,12.8778,19.5169,18.9311,14.6487,-2.3803,-2.3803,76.67,39.77,ADD,加仓
2025-04-21,33.82,128.56,505.4951,430.1024,70.8063,48.9182,84.3572,155.5676,98.28,4.16,1.12,4.42,2.2,-0.382,56.8579,,-3.74,-15.9079,-19.6034,3.9015,-1.9362,-2.1795,95.0,20.0,-5.5817,17.0,28.0,-2.1012,12.3714,cnn,3,9,2,14,0.9333,3,1,5,9,extreme,Extreme Panic,False,52.9902,7.1943,16.2036,9.6579,15.6229,15.7566,16.1067,22.5766,13.5383,2.6018,2.6018,82.87,42.0,ADD,加仓
2025-04-22,30.57,118.35,518.647,441.3934,71.0811,50.4896,84.6741,159.4033,98.92,3.99,1.11,4.41,2.14,-0.382,56.8579,,-0.32,-13.72,-17.4928,3.5516,-1.8406,-2.1899,94.0,21.0,-5.1218,7.0,16.0,-2.4106,13.6,cnn,3,9,2,14,0.9333,2,1,5,8,extreme,Extreme Panic,False,53.513,5.1342,12.8086,5.9839,14.9167,12.4419,14.9738,19.3808,12.7393,1.5495,1.5495,77.27,40.39,ADD,加仓
2025-04-23,28.45,116.6,526.6837,451.4034,71.4383,51.6273,85.1631,160.9454,99.84,3.75,1.08,4.4,2.11,-0.382,56.8579,,-1.67,-12.383,-15.6217,1.4348,-1.2976,-1.5225,66.0,18.0,-4.1659,9.0,15.0,-1.1938,21.5429,cnn,3,9,2,14,0.9333,2,0,4,6,normal,Normal / Mild Pullback,False,53.9119,3.571,13.2638,4.8056,13.9328,8.8603,16.5699,17.7821,12.4746,2.1049,2.1049,79.89,28.94,ADD,加仓
2025-04-24,26.47,108.28,537.7698,464.1046,72.0794,52.4949,85.8967,163.6685,99.29,3.73,1.06,4.32,2.02,-0.382,55.5556,,-6.17,-10.5388,-13.2475,2.3981,-0.0089,-0.1962,54.0,15.0,-5.0311,-3.0,4.0,-2.3768,24.0857,cnn,3,9,2,14,0.9333,2,0,4,6,normal,Normal / Mild Pullback,False,54.4605,2.1548,5.6427,3.3602,10.8273,6.6583,15.4036,15.3705,11.8995,0.7225,0.7225,76.43,28.67,ADD,加仓
2025-04-25,24.84,105.79,541.6554,469.2784,72.1435,52.0129,86.0506,163.4343,99.47,3.67,1.04,4.29,2.02,-0.389,55.5556,,-4.81,-9.8924,-12.2804,1.3983,0.2701,0.1713,40.0,13.0,-4.4201,-9.0,3.0,-3.4566,34.5143,cnn,3,9,2,14,0.9333,1,0,3,4,normal,Normal / Mild Pullback,False,54.5436,2.9275,9.3986,2.488,10.8095,5.1703,15.7264,15.5174,11.9243,0.0381,0.0381,62.78,28.67,ADD_SMALL,小幅分批加仓/维持偏加
2025-04-28,25.15,110.01,541.8619,469.1294,72.1801,52.3214,86.0597,163.893,99.01,3.73,1.04,4.23,1.98,-0.389,55.5556,,-8.67,-9.8581,-12.3083,1.1104,0.4993,0.3713,26.0,10.0,-4.8347,-4.0,8.0,-2.9536,32.1429,cnn,3,9,2,14,0.9333,2,0,3,5,normal,Normal / Mild Pullback,False,54.0689,2.2983,12.2035,5.8346,18.43,7.316,16.9486,15.5116,11.9247,0.6299,0.6299,66.42,28.67,ADD_SMALL,小幅分批加仓/维持偏加
2025-04-29,24.17,112.27,545.2753,472.2278,72.3725,52.7938,86.277,164.8495,99.24,3.74,1.06,4.19,1.96,-0.389,55.5556,,-6.4,-9.2902,-11.7291,1.3581,0.6522,0.5297,19.0,9.0,-4.7692,-4.0,11.0,-2.7953,32.7429,cnn,3,9,2,14,0.9333,1,0,3,4,normal,Normal / Mild Pullback,False,54.0624,0.8082,15.0119,5.8666,18.4334,6.0272,17.2289,15.2734,11.9035,0.0397,0.0397,61.8,28.67,ADD_SMALL,小幅分批加仓/维持偏加
2025-04-30,24.7,112.48,545.4917,472.1682,71.9878,52.1864,85.7699,165.0838,99.47,3.94,1.09,4.17,1.94,-0.389,55.5556,,-3.75,-9.2542,-11.7403,1.3325,-0.1144,-0.3262,44.0,11.0,-4.5943,0.0,10.0,-2.9464,32.3714,cnn,3,9,2,14,0.9333,1,0,3,4,normal,Normal / Mild Pullback,False,54.053,1.192,15.0608,5.9599,18.3676,6.4035,17.2058,15.1987,11.9089,0.7087,0.7087,62.27,28.67,ADD_SMALL,小幅分批加仓/维持偏加
2025-05-01,24.6,107.33,549.3575,478.3351,72.0808,52.7649,85.8783,164.8593,100.25,3.78,1.09,4.25,2.0,-0.389,59.292,,-1.87,-8.6111,-10.5875,1.0334,-0.1883,-0.389,36.0,13.0,-3.4293,5.0,12.0,-3.3155,41.2571,cnn,3,9,2,14,0.9333,1,0,2,3,normal,Normal / Mild Pullback,False,54.0655,1.18,15.0378,5.7282,18.358,5.5366,17.2012,14.0864,11.9112,0.0591,0.0591,54.24,28.67,HOLD,维持
2025-05-02,22.68,101.4,557.5122,485.4353,72.3017,54.2207,86.1242,167.7678,100.0,3.6,1.06,4.33,2.06,-0.402,59.292,,-2.16,-7.2545,-9.2603,1.2291,1.3776,1.2792,-41.0,0.0,-2.028,27.0,28.0,3.7948,38.2857,cnn,3,9,2,14,0.9333,1,0,3,4,normal,Normal / Mild Pullback,False,51.0187,-0.427,10.2667,4.8416,17.6541,4.5787,16.6504,12.2761,11.64,-1.4045,-1.4045,53.49,28.67,HOLD,维持
2025-05-05,23.64,104.45,554.3154,482.5555,72.2741,54.0278,86.0877,167.2115,99.83,3.6,1.05,4.36,2.08,-0.402,59.292,,-1.51,-7.7863,-9.7986,1.963,2.8043,2.8242,-85.0,-9.0,-3.0965,35.0,25.0,2.008,53.0571,cnn,3,9,2,14,0.9333,1,0,2,3,normal,Normal / Mild Pullback,False,45.7086,3.4569,24.644,5.5616,16.8319,5.7816,16.4158,12.5,11.5909,-0.8358,-0.8358,51.53,28.67,HOLD,维持
2025-05-06,24.76,106.18,549.6821,478.0669,72.2189,53.4687,86.0422,165.972,99.24,3.66,1.05,4.3,2.04,-0.402,59.292,,0.59,-8.5571,-10.6376,1.6254,3.6167,3.7121,-95.0,-15.0,-3.8931,15.0,8.0,1.6012,54.6571,cnn,3,9,2,14,0.9333,1,0,2,3,normal,Normal / Mild Pullback,False,45.9134,5.0179,20.826,6.0934,15.8373,6.6446,15.9264,11.5888,12.0134,0.4206,0.4206,54.63,28.67,HOLD,维持
2025-05-07,23.55,99.87,551.9938,479.9438,72.2833,53.5169,86.0604,167.0651,99.61,3.67,1.05,4.26,2.01,-0.402,59.292,,-1.15,-8.1725,-10.2868,2.2687,4.1883,4.1662,-90.0,-13.0,-3.2537,0.0,-3.0,0.6202,54.1429,cnn,3,9,2,14,0.9333,1,0,2,3,normal,Normal / Mild Pullback,False,45.2343,4.7118,21.415,3.8688,19.6055,5.6848,16.174,12.8105,12.3088,0.5685,0.5685,52.49,28.67,HOLD,维持
2025-05-08,22.48,98.66,555.84,484.8992,72.2649,54.8088,86.0877,168.4706,100.64,3.51,1.02,4.37,2.08,-0.402,51.5337,,-2.12,-7.5327,-9.3605,2.482,1.4433,1.4633,-86.0,-19.0,-2.1963,3.0,1.0,4.8755,57.6571,cnn,3,9,2,14,0.9333,1,0,2,3,normal,Normal / Mild Pullback,False,26.3705,4.4951,21.6026,3.1908,19.5867,6.0312,16.3272,11.4619,12.3495,-0.1274,-0.1274,47.89,16.27,HOLD,维持
2025-05-09,21.9,100.4,555.1318,484.5814,72.3109,54.5485,86.1059,168.4315,100.34,3.53,1.02,4.37,2.08,-0.42,51.5337,,-0.78,-7.6505,-9.4199,2.8559,3.1928,3.1584,-89.0,-16.0,-0.5254,-3.0,-13.0,6.465,60.0286,cnn,3,9,2,14,0.9333,1,0,2,3,normal,Normal / Mild Pullback,False,20.2677,5.2912,19.9855,2.6172,20.1309,6.2622,16.2711,12.4589,12.3893,2.6172,2.6172,47.79,9.56,HOLD,维持
2025-05-12,18.39,102.9,573.4775,504.3233,73.029,57.0551,87.1077,173.0481,101.79,3.15,0.97,4.45,2.16,-0.42,51.5337,,-5.25,-4.5986,-5.7297,2.4849,3.9051,4.11,-111.0,-21.0,2.0144,-3.0,-12.0,10.0302,64.4857,cnn,3,9,2,14,0.9333,0,0,2,2,normal,Normal / Mild Pullback,False,22.289,2.0343,4.2479,1.3997,15.5276,3.446,12.0679,8.7701,10.6376,-0.6655,-0.6655,36.35,9.78,HOLD,维持
2025-05-13,18.22,100.13,577.2646,512.0096,73.1579,57.3251,87.2443,173.4385,101.0,3.09,0.94,4.49,2.17,-0.42,51.5337,,-6.54,-3.9686,-4.2929,2.1386,3.5756,3.6674,-105.0,-21.0,1.3649,11.0,2.0,8.9882,68.2,cnn,3,9,2,14,0.9333,0,0,2,2,normal,Normal / Mild Pullback,False,22.2201,1.0241,5.9932,0.1517,15.6124,2.4743,12.0259,8.8991,10.665,-1.3172,-1.3172,34.46,9.71,HOLD,维持
2025-05-14,18.62,100.73,578.0025,515.0781,72.8909,57.0647,86.9256,172.3941,101.04,3.1,0.93,4.53,2.16,-0.42,51.5337,,-4.93,-3.8458,-3.7194,0.917,2.9174,2.9894,-99.0,-21.0,0.8182,18.0,0.0,6.2494,70.4,cnn,3,9,2,14,0.9333,0,0,2,2,normal,Normal / Mild Pullback,False,22.093,-0.805,14.8893,0.4186,15.7229,2.7502,12.0653,8.545,10.6877,-1.4432,-1.4432,33.99,9.73,HOLD,维持
2025-05-15,17.83,98.65,580.8256,515.6441,73.029,57.1226,87.0804,173.9655,100.88,3.2,0.94,4.45,2.11,-0.42,44.4068,,-4.65,-3.3762,-3.6135,1.375,3.1257,3.2614,-96.0,-19.0,1.5094,16.0,-1.0,3.5079,69.1429,cnn,3,9,2,14,0.9333,0,0,1,1,normal,Normal / Mild Pullback,False,19.7018,-1.2482,13.971,-0.1812,15.5342,1.1076,12.7775,9.1674,10.8311,-1.9222,-1.9222,27.93,6.94,HOLD,维持
2025-05-16,17.24,96.7,584.5046,517.8884,73.1118,57.1129,87.1897,175.6736,101.09,3.16,0.93,4.43,2.09,-0.438,44.4068,,-4.66,-2.7642,-3.194,1.5583,2.6453,2.7291,-86.0,-18.0,1.7207,9.0,-2.0,2.0644,70.6,cnn,3,9,2,14,0.9333,0,0,1,1,normal,Normal / Mild Pullback,False,19.6308,-2.5396,11.6673,-0.2508,15.4563,1.4271,13.0132,8.8516,10.7919,-2.5396,-2.5396,26.43,7.1,HOLD,维持
2025-05-19,18.14,103.81,585.1439,518.3849,73.075,56.8816,87.135,175.654,100.43,3.21,0.92,4.46,2.1,-0.438,44.4068,,-0.25,-2.6578,-3.1012,1.1204,3.2041,3.293,-95.0,-20.0,2.1876,4.0,-10.0,0.4513,69.7429,cnn,3,9,2,14,0.9333,0,0,1,1,normal,Normal / Mild Pullback,False,16.2996,-0.622,21.9227,0.2085,15.7376,0.4505,13.422,8.7428,10.7951,-2.646,-2.646,26.17,3.2,HOLD,维持
2025-05-20,18.09,101.37,583.1766,516.6571,73.0382,56.6213,87.0986,175.1953,100.12,3.2,0.9,4.48,2.13,-0.438,44.4068,,-0.13,-2.9851,-3.4242,0.6522,2.7533,2.8633,-79.0,-21.0,1.2131,7.0,-1.0,-0.2646,69.1714,cnn,3,9,2,14,0.9333,0,0,1,1,normal,Normal / Mild Pullback,False,15.142,-0.8636,22.1381,0.5195,15.6169,0.7742,13.3562,8.8542,10.7778,-2.3176,-2.3176,27.0,1.92,HOLD,维持
2025-05-21,20.87,102.1,573.3495,509.4772,72.5503,54.6159,86.5158,171.3791,99.56,3.25,0.91,4.58,2.23,-0.438,44.4068,,2.25,-4.6199,-4.7663,-0.4504,1.5566,1.5883,-50.0,-17.0,-0.2804,18.0,12.0,-2.8214,66.2286,cnn,3,9,2,14,0.9333,1,0,1,2,normal,Normal / Mild Pullback,False,16.7027,1.2336,17.563,1.7483,12.7252,2.2607,11.7429,10.6958,10.0797,-0.6434,-0.6434,35.29,5.64,HOLD,维持
2025-05-22,20.28,99.47,573.5759,510.4307,72.6976,54.6159,86.6615,170.8325,99.96,3.32,0.92,4.54,2.2,-0.438,36.7213,,2.45,-4.5822,-4.5881,-0.5471,0.8576,0.8903,-41.0,-14.0,0.6748,22.0,18.0,-2.4544,66.8,cnn,3,9,2,14,0.9333,1,0,0,1,normal,Normal / Mild Pullback,False,15.5241,1.0805,17.7071,2.7526,13.3746,3.2301,12.1368,10.0518,10.1822,-0.6826,-0.6826,30.66,4.34,HOLD,维持
2025-05-23,22.29,100.91,569.6608,505.7036,72.6792,54.3749,86.625,170.1493,99.11,3.4,0.93,4.51,2.18,-0.453,36.7213,,5.05,-5.2335,-5.4717,-0.9914,0.7425,0.6675,-27.0,-11.0,-0.3619,22.0,16.0,-0.5981,64.0857,cnn,3,9,2,14,0.9333,2,0,0,2,normal,Normal / Mild Pullback,False,15.8476,2.3484,15.8279,3.552,12.3493,5.0878,12.1433,10.5138,10.0694,1.4885,1.4885,37.6,6.76,HOLD,维持
2025-05-27,18.96,97.93,581.5043,517.6005,73.121,55.6668,87.1806,173.3214,99.52,3.24,0.91,4.43,2.11,-0.453,36.7213,,0.82,-3.2633,-3.2479,-0.7605,1.3036,1.3024,-49.0,-13.0,0.5151,20.0,13.0,-0.8592,65.7429,cnn,3,9,2,14,0.9333,0,0,0,0,normal,Normal / Mild Pullback,False,17.0815,0.8357,7.9562,2.0181,8.1135,3.0051,10.0925,7.8286,9.331,-0.5785,-0.5785,23.85,4.06,HOLD,维持
2025-05-28,19.31,93.2,578.1401,515.3065,73.075,54.7606,87.135,171.8476,99.88,3.23,0.9,4.47,2.15,-0.453,36.7213,,1.22,-3.823,-3.6767,-1.7185,0.9707,0.9945,-51.0,-16.0,0.6449,28.0,19.0,-2.171,64.7429,cnn,3,9,2,14,0.9333,0,0,0,0,normal,Normal / Mild Pullback,False,17.3636,1.3952,5.1646,2.3191,7.4261,4.4151,9.9441,10.1216,9.6424,0.2825,0.2825,25.49,4.37,HOLD,维持
2025-05-29,19.18,92.67,580.4223,516.3195,73.1855,55.233,87.2443,172.2673,99.28,3.22,0.9,4.43,2.11,-0.453,41.8605,,-1.69,-3.4433,-3.4873,-1.435,1.6637,1.719,-72.0,-19.0,-0.191,26.0,17.0,-0.5317,64.4571,cnn,3,9,2,14,0.9333,0,0,1,1,normal,Normal / Mild Pullback,False,17.3391,0.5084,7.2546,2.3218,7.4278,4.5213,9.9747,9.2059,9.7078,-0.1119,-0.1119,27.32,4.34,HOLD,维持
2025-05-30,18.57,92.11,579.7731,515.5051,73.2499,54.8377,87.3445,172.1989,99.33,3.31,0.91,4.41,2.07,-0.466,41.8605,,-1.71,-3.5513,-3.6395,-1.2217,1.622,1.7073,-47.0,-18.0,-0.9177,16.0,7.0,-1.5238,61.9143,cnn,3,9,2,14,0.9333,0,0,1,1,normal,Normal / Mild Pullback,False,17.3375,1.6542,9.3231,1.2912,10.0179,5.1386,9.9329,9.7859,9.7082,0.5633,0.5633,27.61,4.34,HOLD,维持
2025-06-02,18.36,95.76,583.0389,519.5766,73.237,54.4328,87.3408,172.3356,98.7,3.27,0.91,4.46,2.13,-0.466,41.8605,,-3.93,-3.008,-2.8785,-2.3609,1.2935,1.4127,-33.0,-15.0,-1.3,13.0,7.0,-4.0042,62.4286,cnn,3,9,2,14,0.9333,0,0,1,1,normal,Normal / Mild Pullback,False,16.7851,1.1759,9.1788,1.6821,10.6512,4.5158,9.9099,9.4197,9.6726,0.0574,0.0574,26.15,3.73,HOLD,维持
2025-06-03,17.69,100.0,586.3638,523.6382,73.3757,55.2908,87.5423,173.7703,99.25,3.19,0.89,4.46,2.14,-0.466,41.8605,,-1.27,-2.4549,-2.1193,-2.4713,1.5242,1.6897,-41.0,-16.0,-0.581,10.0,6.0,-3.2558,54.5714,cnn,3,9,2,14,0.9333,0,0,1,1,normal,Normal / Mild Pullback,False,16.5489,1.1726,9.1714,0.2416,11.5171,4.3943,9.8642,9.1846,9.6428,-0.51,-0.51,24.66,3.47,HOLD,维持
2025-06-04,17.61,96.98,586.2064,525.098,73.5145,54.6063,87.7438,173.3799,98.79,3.23,0.89,4.37,2.06,-0.466,41.8605,,-1.7,-2.4811,-1.8464,-3.9026,1.7939,1.9776,-43.0,-16.0,-0.4534,7.0,2.0,-4.2355,54.8857,cnn,3,9,2,14,0.9333,0,0,1,1,normal,Normal / Mild Pullback,False,16.0632,0.9112,9.7962,0.2534,11.5158,5.2454,10.0199,8.5626,9.7571,-0.4833,-0.4833,24.63,2.94,HOLD,维持
2025-06-05,18.48,94.65,583.3734,521.1456,73.3572,54.5677,87.5606,172.9114,98.74,3.18,0.89,4.4,2.11,-0.466,41.4141,,-0.7,-2.9524,-2.5852,-3.2084,1.4857,1.7432,-49.0,-16.0,-0.8734,14.0,10.0,-3.521,57.9714,cnn,3,9,2,14,0.9333,0,0,1,1,normal,Normal / Mild Pullback,False,16.3119,1.8042,7.8212,0.5036,11.2722,4.9684,10.3174,8.2814,9.8417,0.5036,0.5036,25.8,3.21,HOLD,维持
2025-06-06,16.77,89.65,589.364,526.24,73.348,55.9368,87.5698,174.4047,99.19,3.09,0.87,4.51,2.2,-0.475,41.4141,,-1.8,-1.9558,-1.6329,-2.392,1.4987,1.7215,-42.0,-15.0,-1.4408,14.0,12.0,-3.7472,61.7714,cnn,3,9,2,14,0.9333,0,0,1,1,normal,Normal / Mild Pullback,False,16.4646,-0.3572,10.6642,0.4647,11.18,3.8445,9.9398,7.7616,9.7045,-0.5179,-0.5179,23.27,3.38,HOLD,维持
2025-06-09,17.16,92.62,589.895,527.0146,73.3849,56.2163,87.6614,174.434,98.94,3.12,0.87,4.49,2.18,-0.475,41.4141,,-1.2,-1.8675,-1.4881,-2.8322,1.4853,1.8064,-41.0,-15.0,-1.3953,12.0,10.0,-3.0157,63.4286,cnn,3,9,2,14,0.9333,0,0,1,1,normal,Normal / Mild Pullback,False,16.4081,0.5003,12.9684,1.4831,12.3732,4.3732,10.036,8.5644,9.8119,-0.6075,-0.6075,23.03,3.32,HOLD,维持
2025-06-10,16.95,91.22,593.2397,530.5002,73.5607,56.8141,87.8537,175.3027,99.05,3.12,0.87,4.47,2.18,-0.475,41.4141,,-0.74,-1.311,-0.8366,-2.7472,0.7281,0.8564,-3.0,-10.0,-2.6918,2.0,2.0,-3.7396,64.0,cnn,3,9,2,14,0.9333,0,0,1,1,normal,Normal / Mild Pullback,False,12.088,-0.9203,13.6677,0.9675,12.1535,4.0774,9.9544,7.6397,9.8089,-1.1679,-1.1679,21.57,0.67,HOLD,维持
2025-06-11,17.26,89.36,591.5477,528.7127,73.5422,56.0428,87.8079,174.8049,98.63,3.12,0.87,4.41,2.14,-0.475,41.4141,,-0.35,-1.5925,-1.1707,-3.3009,0.5254,0.646,3.0,-7.0,-2.3465,-8.0,-3.0,-4.5973,64.2,cnn,3,9,2,14,0.9333,0,0,1,1,normal,Normal / Mild Pullback,False,12.0475,-0.6519,13.6771,2.0485,12.39,4.0082,10.0001,8.2127,9.7748,-0.8852,-0.8852,22.31,0.67,HOLD,维持
2025-06-12,18.02,88.99,593.8988,529.9541,73.6255,55.7054,87.9178,175.2148,97.92,3.17,0.88,4.36,2.11,-0.475,33.5897,,-0.46,-1.2014,-0.9387,-4.0021,1.0078,1.1414,7.0,-5.0,-3.0879,-17.0,-5.0,-4.995,64.6,cnn,3,9,2,14,0.9333,0,0,0,0,normal,Normal / Mild Pullback,False,12.0863,-1.2775,12.8527,2.1495,12.4432,3.7941,9.9721,8.0335,9.7615,-1.2775,-1.2775,17.97,0.67,HOLD,维持
2025-06-13,20.82,95.31,587.2589,523.3006,73.4035,54.211,87.6431,173.0969,98.18,3.18,0.88,4.41,2.13,-0.483,33.5897,,4.05,-2.306,-2.1824,-3.7589,0.5128,0.6462,-2.0,-6.0,-2.6764,-4.0,2.0,-6.1367,59.5429,cnn,3,9,2,14,0.9333,1,0,0,1,normal,Normal / Mild Pullback,False,12.7939,0.8248,12.5995,3.7984,9.9779,4.5191,9.0195,9.5709,9.41,-0.1613,-0.1613,26.2,2.67,HOLD,维持
2025-06-16,19.11,93.48,592.8462,530.5797,73.5515,54.4617,87.8445,174.7659,98.0,3.1,0.87,4.46,2.16,-0.483,33.5897,,1.95,-1.3765,-0.8217,-3.6239,0.6013,0.7511,-6.0,-6.0,-3.0567,3.0,7.0,-5.9839,61.1143,cnn,3,9,2,14,0.9333,0,0,0,0,normal,Normal / Mild Pullback,False,13.0311,0.9779,13.2239,2.7869,9.6042,3.8802,8.6187,9.4402,9.37,-1.1023,-1.1023,19.58,0.67,HOLD,维持
2025-06-17,21.6,97.18,587.7802,525.4059,73.4682,53.7868,87.7255,173.0871,98.82,3.17,0.88,4.39,2.08,-0.483,33.5897,,4.65,-2.2193,-1.7888,-3.252,0.5381,0.6776,-4.0,-4.0,-1.6031,-7.0,-2.0,-5.8648,57.4286,cnn,3,9,2,14,0.9333,1,0,0,1,normal,Normal / Mild Pullback,False,13.4393,1.9053,9.7836,4.1428,7.2364,5.4167,7.785,10.3465,9.1405,-0.2499,-0.2499,26.77,2.67,HOLD,维持
2025-06-18,20.14,93.64,587.6917,525.3165,73.5792,54.5003,87.8628,173.1066,98.91,3.16,0.88,4.38,2.07,-0.483,33.5897,,2.88,-2.234,-1.8055,-2.9966,0.7408,0.8775,-4.0,-2.0,-1.2085,-10.0,-6.0,-4.4855,54.2857,cnn,3,9,2,14,0.9333,1,0,0,1,normal,Normal / Mild Pullback,False,13.3727,2.7181,9.3933,4.9794,7.0452,5.3554,7.8154,10.9507,9.1633,-0.2349,-0.2349,24.71,2.67,HOLD,维持
2025-06-20,20.62,90.1,586.3115,523.1715,73.8104,54.9148,88.1284,173.3897,98.71,3.13,0.88,4.38,2.05,-0.489,41.4179,,2.6,-2.4636,-2.2065,-2.1413,1.7369,1.864,-12.0,-3.0,-0.8538,-20.0,-18.0,-1.6756,54.5143,cnn,3,9,2,14,0.9333,1,0,1,2,normal,Normal / Mild Pullback,False,11.7852,3.4714,6.6418,4.4423,8.7734,5.8037,7.6003,11.0587,9.1469,0.9877,0.9877,28.88,2.67,HOLD,维持
2025-06-23,19.83,95.03,592.1027,528.551,73.9492,56.1778,88.3024,174.9204,98.42,3.12,0.89,4.34,2.04,-0.489,41.4179,,-0.99,-1.5002,-1.2009,-3.2278,1.7216,1.8935,-20.0,-3.0,-1.5406,-20.0,-16.0,-0.3588,56.6,cnn,3,9,2,14,0.9333,0,0,1,1,normal,Normal / Mild Pullback,False,12.1793,2.9493,6.1535,3.3642,8.5,4.7838,7.1819,9.8359,9.0095,1.1047,1.1047,22.12,0.67,HOLD,维持
2025-06-24,17.48,92.62,598.6438,536.6336,74.1527,56.7117,88.5405,176.5766,97.86,3.06,0.88,4.3,2.01,-0.489,41.4179,,-1.63,-0.412,0.0,-3.387,2.0274,2.2113,-34.0,-5.0,-1.2612,-21.0,-17.0,-0.752,57.8857,cnn,3,9,2,14,0.9333,0,0,1,1,normal,Normal / Mild Pullback,False,12.1881,1.7914,5.349,2.8478,7.5523,4.5206,6.8268,9.1433,8.8182,0.056,0.056,19.3,0.67,HOLD,维持
2025-06-25,16.76,91.24,598.9792,538.0055,74.1342,56.4399,88.568,175.3026,97.68,3.04,0.88,4.29,2.01,-0.489,41.4179,,-4.84,-0.3562,0.0,-4.5975,1.3856,1.5914,-20.0,-3.0,-1.8489,-14.0,-10.0,-1.5692,59.2571,cnn,3,9,2,14,0.9333,0,0,1,1,normal,Normal / Mild Pullback,False,10.101,2.1956,4.6468,3.0801,7.4485,4.4967,6.8347,9.6225,8.8448,0.7824,0.7824,19.18,0.67,HOLD,维持
2025-06-26,16.59,89.47,603.6656,543.036,74.3469,57.7407,88.8519,176.6256,97.15,3.04,0.89,4.26,1.98,-0.489,40.2778,,-3.55,0.0,0.0,-4.776,1.7405,1.9704,-19.0,-1.0,-2.7333,-21.0,-17.0,0.9836,63.0,cnn,3,9,2,14,0.9333,0,0,1,1,normal,Normal / Mild Pullback,False,9.9531,2.2015,4.6736,1.9204,7.5884,4.1234,6.5587,9.2861,8.774,0.4968,0.4968,18.08,0.67,HOLD,维持
2025-06-27,16.32,87.93,606.6647,544.8952,74.3099,57.7116,88.7786,177.2724,97.4,3.02,0.88,4.29,2.0,-0.496,40.2778,,-4.3,0.0,0.0,-4.7302,1.5364,1.7586,-20.0,-2.0,-1.8936,-14.0,-11.0,-0.0323,64.8,cnn,3,9,2,14,0.9333,0,0,1,1,normal,Normal / Mild Pullback,False,9.9836,0.9384,9.5065,1.61,7.3968,3.5827,6.5098,8.1539,8.857,0.4456,0.4456,18.08,0.67,HOLD,维持
2025-06-30,16.73,90.26,609.5654,548.4245,74.5966,57.6533,89.0809,178.1054,96.88,2.96,0.86,4.24,1.95,-0.496,40.2778,,-3.1,0.0,0.0,-4.9301,1.8385,1.988,-35.0,-5.0,-2.4665,-17.0,-12.0,-0.0039,69.2286,cnn,3,9,2,14,0.9333,0,0,1,1,normal,Normal / Mild Pullback,False,9.9406,0.403,9.2295,0.6943,7.6993,2.8178,6.5864,7.2967,8.8742,-0.0324,-0.0324,18.08,0.67,HOLD,维持
2025-07-01,16.83,93.48,609.3681,543.8015,74.5028,59.624,89.0164,180.1928,96.82,2.91,0.84,4.26,1.97,-0.496,40.2778,,-0.65,-0.0324,-0.843,-3.9507,1.7284,1.9185,-36.0,-7.0,-1.9048,-20.0,-16.0,4.8041,67.5429,cnn,3,9,2,14,0.9333,0,0,1,1,normal,Normal / Mild Pullback,False,9.9186,1.0378,9.8104,1.0637,7.783,2.7216,6.627,6.8363,8.9486,0.4355,0.4355,18.44,0.67,HOLD,维持
2025-07-02,16.64,91.37,612.1306,547.5894,74.6422,60.6821,89.1914,180.6044,96.78,2.88,0.83,4.3,2.0,-0.496,40.2778,,-0.12,0.0,-0.1523,-4.4091,1.726,1.8837,-31.0,-6.0,-2.4887,-16.0,-14.0,5.1309,63.7143,cnn,3,9,2,14,0.9333,0,0,1,1,normal,Normal / Mild Pullback,False,9.8728,0.8655,9.6138,1.2233,8.0164,1.8744,6.7507,6.9635,8.9713,-0.0177,-0.0177,18.13,0.67,HOLD,维持
2025-07-03,16.38,86.09,616.9551,552.9778,74.6886,61.381,89.2466,181.4766,97.18,2.8,0.8,4.35,2.02,-0.496,33.119,,-0.21,0.0,0.0,-4.0688,1.5972,1.7128,-43.0,-9.0,-1.6297,-2.0,-4.0,6.8042,77.6286,cnn,3,9,2,14,0.9333,0,0,0,0,normal,Normal / Mild Pullback,False,10.0284,-0.2751,8.3554,0.3582,7.1371,-0.5789,8.6997,6.4253,8.8687,-0.7996,-0.7996,15.0,7.72,HOLD,维持
2025-07-07,17.79,88.53,612.3574,548.8123,74.4377,60.75,88.9243,180.0262,97.48,2.86,0.81,4.4,2.05,-0.503,33.119,,1.47,-0.7452,-0.7533,-3.8084,1.4729,1.5574,-32.0,-8.0,-1.2761,0.0,-6.0,6.0601,75.0857,cnn,3,9,2,14,0.9333,0,0,0,0,normal,Normal / Mild Pullback,False,10.3239,0.6654,5.6803,1.3034,5.6515,1.6901,9.8391,7.6282,8.7053,-0.0548,-0.0548,17.86,6.7,HOLD,维持
2025-07-08,16.81,88.05,612.022,549.1204,74.3355,61.3034,88.7862,180.4771,97.51,2.92,0.82,4.42,2.07,-0.503,33.119,,0.08,-0.7996,-0.6976,-1.2769,1.3464,1.3891,-17.0,-5.0,-1.6937,-9.0,-13.0,5.5368,74.6286,cnn,3,9,2,14,0.9333,0,0,0,0,normal,Normal / Mild Pullback,False,9.944,0.2902,6.9364,1.3734,5.5988,1.23,10.0532,8.0542,8.7085,0.2225,0.2225,17.06,6.52,HOLD,维持
2025-07-09,15.94,84.31,615.6921,553.0076,74.5399,61.2743,89.0164,181.0161,97.47,2.94,0.83,4.34,2.01,-0.503,33.119,,-0.89,-0.2047,0.0,-2.6066,1.5739,1.5458,-18.0,-4.0,-1.4858,-15.0,-17.0,4.4303,75.9143,cnn,3,9,2,14,0.9333,0,0,0,0,normal,Normal / Mild Pullback,False,10.0397,0.0256,5.8019,1.6265,6.2733,1.3973,10.1863,7.5338,8.6536,-0.375,-0.375,15.45,7.06,HOLD,维持
2025-07-10,15.78,81.58,617.4285,552.2122,74.4656,61.7111,88.9704,182.0647,97.65,2.92,0.83,4.35,2.01,-0.503,35.6322,,-0.86,0.0,-0.1438,-2.06,1.2301,1.2711,-20.0,-4.0,-1.4134,-12.0,-17.0,4.364,76.9714,cnn,3,9,2,14,0.9333,0,0,0,0,normal,Normal / Mild Pullback,False,9.9582,0.3547,7.1094,1.3742,6.2639,1.0274,10.1679,7.2298,8.6506,-0.6552,-0.6552,15.05,7.57,HOLD,维持
2025-07-11,16.4,85.48,615.2581,550.9695,74.3727,61.051,88.8138,180.7318,97.85,2.97,0.83,4.43,2.06,-0.509,35.6322,,0.02,-0.3515,-0.3685,-2.7302,1.1292,1.1456,-15.0,-4.0,-0.7908,2.0,-8.0,4.7382,75.2571,cnn,3,9,2,14,0.9333,0,0,0,0,normal,Normal / Mild Pullback,False,10.0039,0.635,6.2929,2.1616,5.7576,2.1744,10.3619,7.994,8.6086,-0.3047,-0.3047,15.92,6.77,HOLD,维持
2025-07-14,17.2,90.73,616.432,552.9679,74.4284,61.7402,88.8967,180.918,98.08,2.95,0.82,4.43,2.04,-0.509,35.6322,,-0.59,-0.1614,-0.0072,-2.7736,1.0906,1.1134,-22.0,-6.0,0.1634,7.0,-7.0,6.7821,76.1143,cnn,3,9,2,14,0.9333,0,0,0,0,normal,Normal / Mild Pullback,False,9.9763,0.6338,6.2921,1.9414,5.8825,1.7781,10.4122,7.3887,8.6681,-0.4946,-0.4946,15.36,7.11,HOLD,维持
2025-07-15,17.38,88.95,613.7979,553.4748,74.2054,59.5754,88.6112,178.4092,98.62,2.95,0.81,4.5,2.09,-0.509,35.6322,,0.57,-0.588,0.0,-4.6262,1.0925,1.1046,-23.0,-7.0,0.4482,9.0,-4.0,5.1438,73.4857,cnn,3,9,2,14,0.9333,0,0,0,0,normal,Normal / Mild Pullback,False,9.0335,1.0801,4.3054,2.1089,5.4386,3.3031,10.7663,8.4926,8.6458,-0.0675,-0.0675,16.66,6.06,HOLD,维持
2025-07-16,17.16,89.52,615.85,554.0415,74.4005,60.0996,88.8138,179.105,98.39,3.0,0.81,4.46,2.05,-0.509,35.6322,,1.22,-0.2557,0.0,-5.1421,1.1544,1.1034,-10.0,-6.0,0.398,0.0,-11.0,6.2302,72.9429,cnn,3,9,2,14,0.9333,0,0,0,0,normal,Normal / Mild Pullback,False,8.6299,1.6004,6.2858,1.6405,5.629,3.3113,10.768,7.8179,8.6793,-0.4005,-0.4005,16.36,5.99,HOLD,维持
2025-07-17,16.52,85.57,619.6187,558.5253,74.4749,61.3228,88.9243,180.5652,98.73,2.91,0.8,4.47,2.04,-0.509,38.9831,,0.74,0.0,0.0,-5.3092,1.3703,1.3666,-26.0,-8.0,-0.0911,8.0,-4.0,8.1525,74.1714,cnn,3,9,2,14,0.9333,0,0,0,0,normal,Normal / Mild Pullback,False,7.8016,1.0159,5.9179,0.6433,5.6108,2.6925,10.6476,4.2657,10.421,-1.0063,-1.0063,15.48,6.64,HOLD,维持
2025-07-18,16.41,83.29,619.1649,557.9884,74.5771,61.4199,89.0532,180.4966,98.48,2.93,0.8,4.44,2.03,-0.514,38.9831,,0.01,-0.0732,-0.0961,-5.15,1.3562,1.3548,-23.0,-8.0,-0.4347,6.0,-4.0,6.9679,73.9429,cnn,3,9,2,14,0.9333,0,0,0,0,normal,Normal / Mild Pullback,False,7.832,1.5169,5.4946,-0.9338,10.3194,2.5272,10.7041,5.9432,10.8327,-0.9338,-0.9338,15.2,6.39,HOLD,维持
2025-07-21,16.65,86.62,620.3389,560.8813,74.6794,61.2257,89.173,179.8792,97.85,2.89,0.8,4.38,1.98,-0.514,38.9831,,-0.55,0.0,0.0,-5.1094,1.1772,1.1852,-24.0,-8.0,-0.8712,0.0,-7.0,5.3765,73.2857,cnn,3,9,2,14,0.9333,0,0,0,0,normal,Normal / Mild Pullback,False,7.6166,1.2994,5.9606,0.3817,13.0868,2.3109,10.7135,5.6135,10.8401,-1.1212,-1.1212,15.0,6.09,HOLD,维持
2025-07-22,16.5,89.89,620.4277,557.9785,74.8094,61.5072,89.3387,182.1724,97.39,2.9,0.81,4.35,1.96,-0.514,38.9831,,-0.88,0.0,-0.5176,-3.5233,1.1633,1.1736,-22.0,-8.0,-1.0465,1.0,-8.0,4.4883,73.8857,cnn,3,9,2,14,0.9333,0,0,0,0,normal,Normal / Mild Pullback,False,7.1951,1.0177,6.9276,-0.1415,13.3732,1.7412,10.9629,6.0672,10.8627,-1.1354,-1.1354,15.18,6.22,HOLD,维持
2025-07-23,15.37,85.95,625.7061,560.5236,74.8466,61.5072,89.4032,183.6816,97.21,2.83,0.79,4.4,2.03,-0.514,38.9831,,-1.79,0.0,-0.0638,-2.7084,0.9358,0.9743,-23.0,-9.0,-0.6642,10.0,2.0,3.7652,76.3714,cnn,3,9,2,14,0.9333,0,0,0,0,normal,Normal / Mild Pullback,False,6.8353,0.0394,4.0839,-0.2255,13.2274,0.6149,10.6458,4.4562,10.8648,-1.9694,-1.9694,15.02,7.53,HOLD,维持
2025-07-24,15.39,82.75,625.9133,561.7166,74.7537,60.3617,89.2743,183.0936,97.38,2.82,0.79,4.43,1.98,-0.514,34.0426,,-1.13,0.0,0.0,-3.2865,0.8357,0.7974,-22.0,-9.0,-0.3071,14.0,-3.0,2.3466,75.2571,cnn,3,9,2,14,0.9333,0,0,0,0,normal,Normal / Mild Pullback,False,6.8432,-0.3689,4.8793,-0.3421,13.2266,0.1781,10.7559,5.0143,10.9113,-2.0019,-2.0019,15.0,7.07,HOLD,维持
2025-07-25,14.93,82.09,628.5573,563.0686,74.8002,60.119,89.3664,183.9756,97.65,2.84,0.78,4.4,1.96,-0.518,34.0426,,-1.48,0.0,0.0,-3.1848,0.6097,0.579,-20.0,-11.0,0.5147,14.0,-2.0,-0.0042,74.6571,cnn,3,9,2,14,0.9333,0,0,0,0,normal,Normal / Mild Pullback,False,6.5652,-2.4141,10.543,0.0126,13.6817,1.2887,11.9613,5.6602,11.0642,-2.4141,-2.4141,15.0,7.06,HOLD,维持
2025-07-28,15.03,83.73,628.3995,564.8283,74.763,60.0705,89.3295,182.8878,98.66,2.82,0.78,4.42,1.98,-0.518,34.0426,,-1.62,-0.0251,0.0,-3.8315,0.6097,0.6205,-20.0,-10.0,1.2936,13.0,-2.0,0.4874,73.8,cnn,3,9,2,14,0.9333,0,0,0,0,normal,Normal / Mild Pullback,False,6.5167,-0.9059,17.8688,-0.1602,13.7185,0.8682,12.0928,5.6852,11.0632,-2.3896,-2.3896,15.06,6.67,HOLD,维持
2025-07-29,15.98,85.07,626.742,563.9534,74.8094,59.7793,89.3479,182.7996,98.91,2.86,0.79,4.34,1.91,-0.518,34.0426,,-0.52,-0.2888,-0.1549,-2.8085,0.2853,0.2998,-10.0,-7.0,2.0954,10.0,-4.0,0.8458,70.6286,cnn,3,9,2,14,0.9333,0,0,0,0,normal,Normal / Mild Pullback,False,6.5936,-1.1476,18.0229,1.1696,14.6263,1.5584,12.1052,5.4137,11.111,-2.1314,-2.1314,15.69,4.93,HOLD,维持
2025-07-30,15.48,81.88,625.9527,564.709,74.6515,59.0124,89.1914,181.6138,99.94,2.89,0.78,4.38,1.96,-0.518,34.0426,,0.11,-0.4144,-0.0211,-3.5831,0.1996,0.1965,-2.0,-6.0,3.2225,12.0,-1.0,-3.648,68.0286,cnn,3,9,2,14,0.9333,0,1,0,1,normal,Normal / Mild Pullback,False,6.6342,-0.2648,19.4011,1.6439,14.5978,1.9182,12.0915,6.1726,11.1492,-2.008,-2.008,11.99,11.04,HOLD,维持
2025-07-31,16.72,79.84,623.6046,561.7166,74.6979,58.3037,89.2282,179.9576,100.03,2.86,0.79,4.37,1.98,-0.518,33.0,,1.33,-0.7879,-0.5509,-4.3353,0.0747,0.0413,-2.0,-4.0,3.3581,7.0,-2.0,-5.6872,63.7143,cnn,3,9,2,14,0.9333,0,1,0,1,normal,Normal / Mild Pullback,False,6.7579,0.0269,19.2048,2.0361,14.3252,2.6642,11.9915,7.4433,11.1989,-1.639,-1.639,13.79,11.46,HOLD,维持
2025-08-01,20.38,83.83,613.3834,550.6514,74.7017,57.1,89.2273,177.929,98.69,3.13,0.82,4.23,1.9,-0.521,33.0,,5.45,-2.4141,-2.5099,-3.9291,0.0174,-0.0217,33.0,2.0,1.5538,-12.0,-12.0,-6.4329,49.8,cnn,3,9,2,14,0.9333,2,0,0,2,normal,Normal / Mild Pullback,False,8.6713,2.4867,12.6001,3.4935,10.4229,3.7525,10.3877,10.5224,10.7782,1.0053,1.0053,29.38,5.25,HOLD,维持
2025-08-04,17.52,87.95,622.7068,560.8118,74.9538,57.9057,89.5607,180.1046,98.78,3.02,0.82,4.22,1.85,-0.521,33.0,,2.49,-0.9308,-0.7111,-4.437,0.6934,0.7156,16.0,1.0,1.3336,-18.0,-20.0,-6.2662,56.8857,cnn,3,9,2,14,0.9333,0,0,0,0,normal,Normal / Mild Pullback,False,9.8348,0.7526,9.3164,1.9218,8.2341,1.4418,9.628,9.1568,10.4121,-0.507,-0.507,18.92,0.67,HOLD,维持
2025-08-05,17.85,89.2,619.5497,557.0042,74.9165,58.0999,89.4958,179.6048,98.78,2.98,0.82,4.22,1.86,-0.521,33.0,,1.87,-1.4331,-1.3852,-4.3538,0.7816,0.7993,6.0,0.0,1.3024,-20.0,-21.0,-6.3772,55.0286,cnn,3,9,2,14,0.9333,0,0,0,0,normal,Normal / Mild Pullback,False,10.0492,2.3441,8.9782,1.8854,8.3205,2.5113,9.5092,9.7657,10.3248,0.6816,0.6816,19.85,0.67,HOLD,维持
2025-08-06,16.77,83.89,624.2952,564.0131,74.9912,57.6339,89.6162,179.203,98.18,2.98,0.81,4.22,1.88,-0.521,33.0,,1.29,-0.6781,-0.1443,-5.3919,0.6054,0.6738,4.0,-2.0,0.7284,-12.0,-13.0,-7.2372,55.3143,cnn,3,9,2,14,0.9333,0,0,0,0,normal,Normal / Mild Pullback,False,10.1834,1.9138,8.5818,0.8423,7.9189,2.5823,9.5739,7.7333,10.5627,-0.0838,-0.0838,17.38,1.06,HOLD,维持
2025-08-07,16.57,80.15,623.7723,565.9219,74.9165,57.1291,89.5514,179.0952,98.4,2.95,0.8,4.23,1.88,-0.521,43.2277,,-0.15,-0.7613,0.0,-4.8503,0.6055,0.6531,3.0,-3.0,0.768,-12.0,-13.0,-8.3664,54.7143,cnn,3,9,2,14,0.9333,0,1,1,2,normal,Normal / Mild Pullback,False,10.1658,2.0087,8.2858,0.522,8.2613,2.3709,9.6618,8.1773,10.5617,0.522,0.522,16.58,10.22,HOLD,维持
2025-08-08,15.15,79.2,628.6362,571.2009,74.9258,57.8184,89.5699,179.4186,98.18,2.94,0.8,4.27,1.88,-0.523,43.2277,,-5.23,0.0,0.0,-5.0057,0.7438,0.8514,-3.0,-3.0,0.3373,-16.0,-18.0,-7.3104,58.3714,cnn,3,9,2,14,0.9333,0,0,1,1,normal,Normal / Mild Pullback,False,10.3599,0.9824,8.4794,1.2759,10.6135,1.8284,9.3601,7.5417,10.4765,-0.2558,-0.2558,18.9,1.1,HOLD,维持
2025-08-11,16.25,81.76,627.3931,569.5108,74.9258,57.663,89.5514,178.9286,98.52,2.94,0.8,4.27,1.87,-0.523,43.2277,,-1.27,-0.1978,-0.2959,-4.3803,0.6683,0.7365,-1.0,-2.0,0.4486,-16.0,-17.0,-8.2355,57.6286,cnn,3,9,2,14,0.9333,0,1,1,2,normal,Normal / Mild Pullback,False,10.4112,1.1605,8.0454,1.03,10.8883,2.266,9.3084,6.4776,10.7992,-0.0582,-0.0582,15.44,10.02,HOLD,维持
2025-08-12,14.73,77.42,634.0723,576.6688,75.0939,59.7405,89.7274,181.2022,98.1,2.93,0.79,4.29,1.91,-0.523,43.2277,,-3.12,0.0,0.0,-4.5871,1.1974,1.2596,-2.0,-2.0,-0.5273,-21.0,-18.0,-2.9293,62.2571,cnn,3,9,2,14,0.9333,0,0,1,1,normal,Normal / Mild Pullback,False,10.7683,-0.4481,5.192,0.3843,9.7248,1.4813,8.6472,5.721,10.6275,-1.111,-1.111,18.9,1.3,HOLD,维持
2025-08-13,14.49,77.31,636.2429,576.9572,75.2901,60.8083,89.9867,183.7894,97.84,2.9,0.78,4.24,1.87,-0.523,43.2277,,-2.28,0.0,0.0,-3.8876,1.1956,1.3206,-10.0,-3.0,-0.559,-22.0,-18.0,-2.0639,63.3429,cnn,3,9,2,14,0.9333,0,0,1,1,normal,Normal / Mild Pullback,False,10.77,-1.0514,3.5391,0.2698,9.6416,1.9755,9.0114,4.2299,10.8811,-1.4483,-1.4483,18.9,1.42,HOLD,维持
2025-08-14,14.83,76.77,636.302,576.5098,75.0939,60.7695,89.7274,182.5938,98.25,2.89,0.77,4.29,1.9,-0.523,46.1538,,-1.74,0.0,-0.0775,-4.4067,0.8312,0.9031,-2.0,-3.0,-0.4862,-18.0,-14.0,-3.5006,63.2571,cnn,3,9,2,14,0.9333,0,0,1,1,normal,Normal / Mild Pullback,False,10.6503,-1.4575,3.1007,0.6155,9.7779,1.9319,9.0182,4.3228,10.8805,-1.4575,-1.4575,19.75,1.25,HOLD,维持
2025-08-15,15.09,76.66,634.8123,573.9747,75.15,59.789,89.7552,182.143,97.85,2.88,0.75,4.33,1.95,-0.526,46.1538,,-0.06,-0.2341,-0.5169,-4.4909,0.7682,0.7882,-5.0,-5.0,-0.6397,-11.0,-8.0,-5.0547,63.5429,cnn,3,9,2,14,0.9333,0,0,1,1,normal,Normal / Mild Pullback,False,10.7071,0.2906,13.3632,0.2502,10.2453,2.7151,9.0558,6.1994,11.2734,-1.2262,-1.2262,20.42,1.12,HOLD,维持
2025-08-18,14.99,81.82,634.6741,573.746,75.0939,60.119,89.7088,182.1038,98.17,2.88,0.75,4.34,1.96,-0.526,46.1538,,-1.26,-0.2558,-0.5566,-4.0091,0.5551,0.6009,-1.0,-5.0,0.327,-4.0,-2.0,-4.0254,64.2,cnn,3,9,2,14,0.9333,0,0,1,1,normal,Normal / Mild Pullback,False,10.717,-0.129,13.8438,-0.471,10.9541,2.596,9.0916,6.4657,11.2736,-1.2047,-1.2047,20.48,1.17,HOLD,维持
2025-08-19,15.57,82.15,631.2308,565.9617,75.0753,60.0123,89.6996,182.9565,98.27,2.9,0.76,4.3,1.95,-0.526,46.1538,,0.84,-0.797,-1.9058,-2.685,0.3553,0.4039,0.0,-5.0,0.9036,-5.0,-1.0,-4.1004,59.8857,cnn,3,9,2,14,0.9333,0,0,1,1,normal,Normal / Mild Pullback,False,10.9668,0.8362,13.2468,0.6143,10.9298,3.0275,8.7974,7.106,11.1929,-0.6658,-0.6658,22.69,0.88,HOLD,维持
2025-08-20,15.69,80.75,629.5537,562.6014,75.0472,60.2258,89.6348,182.7898,98.22,2.94,0.77,4.29,1.94,-0.526,46.1538,,1.2,-1.0605,-2.4882,-2.7912,0.268,0.259,11.0,-2.0,1.039,-11.0,-9.0,-2.6818,55.9143,cnn,3,9,2,14,0.9333,0,0,1,1,normal,Normal / Mild Pullback,False,10.6492,1.3352,12.6828,1.7254,11.3899,3.7846,8.7227,5.6092,11.7547,-0.4012,-0.4012,23.71,0.82,HOLD,维持
2025-08-21,16.6,80.52,627.0281,559.9966,74.9072,59.9831,89.4773,182.1528,98.62,2.95,0.77,4.33,1.94,-0.526,44.8052,,1.77,-1.4575,-2.9397,-2.5348,0.2053,0.2275,13.0,-2.0,1.2734,-10.0,-4.0,-0.8039,52.6,cnn,3,9,2,14,0.9333,0,0,1,1,normal,Normal / Mild Pullback,False,10.76,2.1037,11.2295,1.8394,11.2451,4.7188,8.4989,6.0173,11.7121,0.7427,0.7427,24.73,0.67,HOLD,维持
2025-08-22,14.22,78.1,636.6572,568.6359,75.5143,62.944,90.2275,185.7004,97.72,2.88,0.77,4.26,1.85,-0.527,44.8052,,-0.87,0.0,-1.4423,-1.8711,0.9547,0.9636,4.0,-1.0,0.0717,-14.0,-11.0,3.3668,55.5429,cnn,3,9,2,14,0.9333,0,0,1,1,normal,Normal / Mild Pullback,False,11.9808,-0.0403,7.544,0.5455,8.4605,3.6229,7.0768,3.4411,11.5157,-0.781,-0.781,19.85,1.56,HOLD,维持
2025-08-25,14.79,77.56,633.8553,566.9955,75.3648,62.6042,90.1163,184.2794,98.43,2.8,0.76,4.28,1.87,-0.527,44.8052,,-0.2,-0.4401,-1.7266,-2.0447,0.805,0.8808,-2.0,-2.0,-0.2331,-14.0,-11.0,3.3208,53.9429,cnn,3,9,2,14,0.9333,0,0,1,1,normal,Normal / Mild Pullback,False,12.1129,-0.3424,8.8343,1.2234,8.0196,3.5144,7.207,3.0258,11.619,-0.3424,-0.3424,20.92,1.27,HOLD,维持
2025-08-26,14.62,79.36,636.5092,569.2722,75.5329,63.3225,90.3108,184.4068,98.23,2.78,0.78,4.26,1.84,-0.527,44.8052,,-0.95,-0.0232,-1.332,-2.4561,0.9671,1.0777,-8.0,-1.0,-0.6875,-8.0,-7.0,4.3018,55.4,cnn,3,9,2,14,0.9333,0,0,1,1,normal,Normal / Mild Pullback,False,12.1236,-0.2201,9.2909,1.0927,7.9115,2.7548,7.3475,2.9926,11.6148,-0.7579,-0.7579,19.86,1.36,HOLD,维持
2025-08-27,14.85,77.66,637.9595,570.147,75.6263,63.8273,90.4497,185.0733,98.23,2.78,0.78,4.24,1.81,-0.527,44.8052,,-0.84,0.0,-1.1804,-1.8539,1.3059,1.4108,-11.0,0.0,-1.711,-14.0,-15.0,6.1236,59.1143,cnn,3,9,2,14,0.9333,0,0,1,1,normal,Normal / Mild Pullback,False,12.1089,0.3851,11.2004,1.7011,8.6982,2.0482,7.6359,1.1922,12.0531,-0.9836,-0.9836,19.76,1.24,HOLD,维持
2025-08-28,14.43,77.55,640.2188,573.7162,75.6637,63.6041,90.459,184.985,97.81,2.75,0.79,4.22,1.81,-0.527,39.4464,,-2.17,0.0,-0.5617,-2.5011,1.2929,1.3793,-11.0,0.0,-2.2193,-15.0,-17.0,6.2599,64.4286,cnn,3,9,2,14,0.9333,0,0,0,0,normal,Normal / Mild Pullback,False,12.0074,-0.2589,11.1305,1.3083,8.6849,2.2707,7.7692,1.8395,12.1985,-1.333,-1.333,15.2,1.45,HOLD,维持
2025-08-29,15.36,79.39,636.4006,567.0751,75.5236,63.5944,90.3015,184.8478,97.77,2.82,0.8,4.23,1.82,-0.528,39.4464,,1.14,-0.5964,-1.7128,-1.7946,1.1003,1.2039,-31.0,-2.0,-0.9322,0.0,-8.0,7.3456,61.5429,cnn,3,9,2,14,0.9333,0,0,0,0,normal,Normal / Mild Pullback,False,10.4322,0.586,10.0839,2.4587,7.8431,3.1734,7.3164,3.9585,12.4723,-0.741,-0.741,17.65,0.99,HOLD,维持
2025-09-02,17.17,85.28,631.6848,562.3229,75.442,63.1769,90.1702,183.3876,98.4,2.92,0.82,4.28,1.87,-0.528,39.4464,,2.38,-1.333,-2.5364,-2.0527,0.6512,0.6806,-10.0,0.0,-0.3847,6.0,2.0,7.5524,62.4571,cnn,3,9,2,14,0.9333,0,0,0,0,normal,Normal / Mild Pullback,False,9.6571,1.5712,6.6235,3.0815,6.1062,4.3352,6.5266,5.7197,12.4823,0.5419,0.5419,20.37,0.67,HOLD,维持
2025-09-03,16.35,89.67,635.1082,566.7471,75.6484,63.2643,90.4496,183.1035,98.14,2.88,0.81,4.22,1.82,-0.528,39.4464,,1.73,-0.7982,-1.7696,-2.5742,0.977,1.0657,-10.0,-1.0,-0.6479,0.0,-4.0,6.2214,61.3714,cnn,3,9,2,14,0.9333,0,0,0,0,normal,Normal / Mild Pullback,False,9.5381,1.3158,6.3096,2.3985,6.2929,4.1264,6.431,5.8757,12.5086,0.5437,0.5437,18.5,0.67,HOLD,维持
2025-09-04,15.3,88.26,640.4161,571.877,75.8549,64.1962,90.701,184.4559,98.35,2.84,0.79,4.17,1.79,-0.528,43.3657,,0.45,0.0,-0.8805,-2.5967,1.1517,1.2105,-14.0,-2.0,0.1731,-5.0,-9.0,8.5823,61.1714,cnn,3,9,2,14,0.9333,0,0,1,1,normal,Normal / Mild Pullback,False,9.6032,1.311,6.2829,2.0243,5.5474,3.3823,5.9876,5.5713,12.4499,-0.2896,-0.2896,19.54,1.02,HOLD,维持
2025-09-05,15.18,85.29,638.5613,572.7021,75.8924,63.5361,90.7941,184.6714,97.77,2.83,0.79,4.1,1.73,-0.528,43.3657,,0.75,-0.2896,-0.7375,-2.1324,1.3027,1.3877,-12.0,-1.0,-0.6402,-13.0,-15.0,8.6392,58.6857,cnn,3,9,2,14,0.9333,0,0,1,1,normal,Normal / Mild Pullback,False,9.6912,1.5713,4.9994,2.8274,4.9731,3.6811,5.7799,5.3946,12.4765,0.2457,0.2457,20.33,1.08,HOLD,维持
2025-09-08,15.11,84.0,640.13,575.4957,75.8924,63.6041,90.8034,184.5244,97.45,2.84,0.8,4.05,1.7,-0.528,43.3657,,-0.25,-0.0447,-0.2533,-2.4512,1.2901,1.3771,-10.0,0.0,-0.7435,-22.0,-18.0,8.0315,58.2286,cnn,3,9,2,14,0.9333,0,0,1,1,normal,Normal / Mild Pullback,False,9.3889,1.8618,5.1686,3.0607,5.0598,3.7979,5.8104,5.3311,12.4738,0.2312,0.2312,19.13,1.11,HOLD,维持
2025-09-09,15.04,82.2,641.6099,577.1262,75.8079,62.9537,90.6917,183.9561,97.79,2.87,0.8,4.08,1.72,-0.528,43.3657,,-2.13,0.0,0.0,-2.8182,1.1773,1.2733,-7.0,0.0,-0.741,-19.0,-15.0,6.756,57.9429,cnn,3,9,2,14,0.9333,0,0,1,1,normal,Normal / Mild Pullback,False,9.3365,1.4869,6.3229,2.2633,6.6238,3.1746,6.1335,5.452,12.4817,0.2891,0.2891,18.94,1.15,HOLD,维持
2025-09-10,15.35,79.58,643.4647,577.3151,75.8643,63.0216,90.7755,183.7699,97.78,2.84,0.79,4.04,1.69,-0.528,43.3657,,-1.0,0.0,0.0,-3.1075,1.0258,1.1681,-9.0,0.0,-0.3262,-25.0,-22.0,3.9525,57.9429,cnn,3,9,2,14,0.9333,0,0,1,1,normal,Normal / Mild Pullback,False,8.671,1.0687,6.9938,1.6441,7.139,3.4906,6.3145,5.2249,12.4748,0.7973,0.3264,18.94,0.99,HOLD,维持
2025-09-11,14.71,75.07,648.812,580.6754,76.0519,63.3031,91.0362,186.5237,97.54,2.78,0.78,4.01,1.67,-0.528,49.481,,-0.59,0.0,0.0,-2.4785,1.0119,1.1663,-12.0,0.0,-0.3066,-23.0,-20.0,2.0861,60.3429,cnn,3,9,2,14,0.9333,0,0,1,1,normal,Normal / Mild Pullback,False,9.0367,0.704,5.2432,0.3413,6.7004,2.3403,6.0136,4.5559,12.3807,-0.0335,-0.5004,20.65,1.31,HOLD,维持
2025-09-12,14.76,73.37,648.5948,583.2404,75.9769,63.0896,90.9617,185.1811,97.55,2.79,0.77,4.06,1.7,-0.528,49.481,,-0.42,-0.0335,0.0,-3.0443,1.1758,1.3756,-10.0,0.0,-0.7125,-23.0,-20.0,1.8502,61.3429,cnn,3,9,2,14,0.9333,0,0,1,1,normal,Normal / Mild Pullback,False,9.0436,1.2367,5.4741,0.9499,7.1989,-0.3924,11.797,4.2767,12.4027,-0.3924,-0.4671,20.73,1.29,HOLD,维持
2025-09-15,15.69,76.88,652.048,588.2311,76.1927,62.478,91.241,184.8577,97.3,2.75,0.75,4.05,1.68,-0.528,49.481,,0.58,0.0,0.0,-3.7515,1.3875,1.6555,-13.0,0.0,-0.5621,-28.0,-27.0,1.7353,64.4571,cnn,3,9,2,14,0.9333,0,0,1,1,normal,Normal / Mild Pullback,False,9.0803,1.177,5.2935,0.6975,6.8764,0.6004,12.8859,3.6349,12.3692,-0.9199,-0.9942,21.03,0.82,HOLD,维持
2025-09-16,16.36,77.09,651.1501,587.734,76.1364,61.8276,91.1759,184.3676,96.63,2.79,0.76,4.04,1.67,-0.528,49.481,,1.32,-0.1377,-0.0845,-4.2566,1.3882,1.6353,-9.0,1.0,-1.5687,-30.0,-29.0,0.2397,64.3714,cnn,3,9,2,14,0.9333,0,0,1,1,normal,Normal / Mild Pullback,False,9.1162,0.765,7.4518,1.2162,6.9262,0.6161,12.8834,4.4661,12.423,-0.7833,-0.8577,21.85,0.67,HOLD,维持
2025-09-17,15.72,75.95,650.3412,586.5609,76.0613,62.5654,91.0641,184.5441,96.87,2.79,0.76,4.06,1.68,-0.528,49.481,,0.37,-0.2618,-0.2839,-3.946,1.3134,1.5212,-11.0,0.0,-1.4246,-24.0,-27.0,1.1908,63.7714,cnn,3,9,2,14,0.9333,0,0,1,1,normal,Normal / Mild Pullback,False,8.8233,0.5693,8.0132,1.6874,6.8579,1.1885,12.95,4.8394,12.4203,-0.6598,-0.7344,21.57,0.81,HOLD,维持
2025-09-18,15.7,71.91,653.3799,591.8499,76.2302,64.2351,91.269,185.7495,97.35,2.71,0.75,4.11,1.73,-0.528,42.3611,,0.99,0.0,0.0,-3.6177,1.5764,1.8232,-23.0,-2.0,-0.8858,-18.0,-21.0,2.7676,66.5429,cnn,3,9,2,14,0.9333,0,0,1,1,normal,Normal / Mild Pullback,False,8.7478,-0.3602,8.1494,1.3311,6.653,0.032,13.1126,3.2299,12.6174,-1.1218,-1.196,19.3,0.82,HOLD,维持
2025-09-19,15.45,72.51,656.616,595.8563,76.2584,63.4293,91.3342,185.426,97.64,2.72,0.74,4.14,1.75,-0.527,42.3611,,0.69,0.0,0.0,-3.5099,1.8039,2.0752,-23.0,-3.0,-0.9937,-19.0,-19.0,0.9802,66.2286,cnn,3,9,2,14,0.9333,0,0,1,1,normal,Normal / Mild Pullback,False,8.5238,-0.2833,8.4983,0.8302,6.3568,0.104,13.1508,2.5659,12.5903,-1.6092,-1.683,19.11,0.94,HOLD,维持
2025-09-22,16.1,75.8,659.7225,599.3839,76.3147,62.6479,91.4273,185.5146,97.33,2.69,0.74,4.15,1.78,-0.527,42.3611,,0.41,0.0,0.0,-3.892,1.06,1.3298,-19.0,-3.0,-0.3991,-11.0,-7.0,-3.9501,66.5143,cnn,3,9,2,14,0.9333,0,0,1,1,normal,Normal / Mild Pullback,False,7.081,-0.4739,7.8306,0.7153,6.1848,0.6688,13.561,1.804,12.5743,-2.0725,-2.1459,18.93,0.67,HOLD,维持
2025-09-23,16.64,75.66,656.1313,595.4025,76.2584,62.5698,91.3714,185.741,97.26,2.71,0.75,4.12,1.75,-0.527,42.3611,,0.28,-0.5444,-0.6642,-3.1221,1.1857,1.3927,-9.0,-1.0,-1.1887,-16.0,-12.0,-3.4481,56.7714,cnn,3,9,2,14,0.9333,0,0,1,1,normal,Normal / Mild Pullback,False,7.2104,0.4478,7.1959,0.8911,5.7437,1.2183,13.3892,1.2349,12.7354,-1.5365,-1.6104,20.27,0.67,HOLD,维持
2025-09-24,16.18,75.13,654.0436,593.3123,76.1552,62.4428,91.2317,185.3079,97.87,2.7,0.75,4.16,1.78,-0.527,42.3611,,0.46,-0.8608,-1.013,-3.0316,0.8238,1.0198,-8.0,-3.0,-0.3665,-10.0,-6.0,-4.0329,54.5714,cnn,3,9,2,14,0.9333,0,0,1,1,normal,Normal / Mild Pullback,False,7.3515,1.1118,6.3075,1.8167,5.7595,1.0135,13.4843,2.3249,12.8025,-1.2222,-1.2963,21.21,0.67,HOLD,维持
2025-09-25,16.74,75.44,651.0263,590.7543,75.9393,62.4038,90.9431,183.7823,98.55,2.76,0.76,4.18,1.8,-0.527,39.2086,,1.04,-1.3182,-1.4397,-4.5343,0.4139,0.5455,-2.0,-2.0,0.3258,-6.0,-1.0,-4.1927,50.6571,cnn,3,9,2,14,0.9333,0,0,0,0,normal,Normal / Mild Pullback,False,7.6399,1.6974,2.6184,1.9922,5.2652,2.0834,13.4715,3.7309,12.8798,-0.7644,-0.8388,19.08,0.67,HOLD,维持
2025-09-26,15.29,74.38,654.7561,593.1829,76.0895,62.6968,91.1107,185.6032,98.15,2.75,0.75,4.2,1.82,-0.526,39.2086,,-0.16,-0.7528,-1.0346,-3.9225,0.5627,0.7205,0.0,-4.0,0.3476,-2.0,1.0,-3.6151,51.2857,cnn,3,9,2,14,0.9333,0,0,0,0,normal,Normal / Mild Pullback,False,7.7738,1.1166,2.5409,-1.3297,15.319,2.3314,13.6102,3.7825,12.8886,-1.3297,-1.4037,17.02,1.02,HOLD,维持
2025-09-29,16.12,75.51,656.5963,595.93,76.2209,62.0912,91.3062,186.2233,97.91,2.74,0.75,4.15,1.8,-0.526,39.2086,,0.02,-0.4739,-0.5762,-3.5797,0.9232,1.1126,-8.0,-5.0,0.1432,-8.0,-2.0,-5.3668,50.9714,cnn,3,9,2,14,0.9333,0,0,0,0,normal,Normal / Mild Pullback,False,7.3219,1.1948,2.7071,-0.0965,17.3891,3.2485,14.1132,3.9647,12.9063,-1.6062,-1.68,16.26,0.67,HOLD,维持
2025-09-30,16.28,77.93,659.0695,597.5623,76.1927,61.8275,91.241,186.7154,97.77,2.8,0.76,4.16,1.8,-0.526,39.2086,,-0.36,-0.099,-0.3039,-3.6352,0.9951,1.1875,-12.0,-6.0,-0.6402,-12.0,-7.0,-6.2023,51.4,cnn,3,9,2,14,0.9333,0,0,0,0,normal,Normal / Mild Pullback,False,6.5358,0.4413,4.7379,-0.5929,17.2592,3.1343,14.0962,3.9389,12.9039,-1.9754,-2.049,15.32,0.67,HOLD,维持
2025-10-01,16.29,73.5,661.3154,600.4289,76.3351,61.5052,91.4171,187.1387,97.71,2.81,0.76,4.12,1.77,-0.526,39.2086,,0.11,0.0,0.0,-4.0379,0.9077,1.0696,-7.0,-5.0,-0.4381,-10.0,-5.0,-6.6333,52.4857,cnn,3,9,2,14,0.9333,0,0,0,0,normal,Normal / Mild Pullback,False,6.4399,0.6971,5.8127,-0.4907,17.3334,2.8334,14.0832,3.5754,12.8919,-2.3083,-2.3816,15.07,0.67,HOLD,维持
2025-10-02,16.63,71.21,662.077,602.8972,76.3068,61.3587,91.3703,187.5816,97.85,2.81,0.75,4.1,1.76,-0.526,39.1667,,-0.11,0.0,0.0,-3.633,0.5958,0.7379,-3.0,-4.0,-0.5084,-7.0,-3.0,-7.5472,54.5429,cnn,3,9,2,14,0.9333,0,0,0,0,normal,Normal / Mild Pullback,False,5.9936,0.2899,6.5788,-1.2821,17.5831,1.5854,14.7621,3.0876,12.9193,-2.4207,-2.4939,15.0,0.67,HOLD,维持
2025-10-03,16.65,69.53,662.0673,600.3592,76.2219,61.974,91.2579,188.2411,97.72,2.8,0.75,4.13,1.8,-0.525,39.1667,,1.36,-0.0015,-0.421,-3.5786,0.4342,0.5108,-3.0,-4.0,-0.0511,3.0,7.0,-5.9217,52.5714,cnn,3,9,2,14,0.9333,0,0,0,0,normal,Normal / Mild Pullback,False,5.786,-2.4193,21.0175,-0.7203,17.9258,1.9202,14.7845,2.9632,12.9237,-2.4193,-2.4925,16.03,0.67,HOLD,维持
2025-10-06,16.37,72.99,664.4416,604.868,76.2408,62.5991,91.2766,188.182,98.11,2.76,0.74,4.18,1.84,-0.525,39.1667,,0.25,0.0,0.0,-3.5851,0.459,0.5211,-8.0,-6.0,0.6773,13.0,14.0,-5.1812,53.9714,cnn,3,9,2,14,0.9333,0,0,0,0,normal,Normal / Mild Pullback,False,5.8164,-1.2761,25.1899,-0.0462,18.6863,1.7465,14.7567,1.8351,13.008,-2.768,-2.8409,15.16,0.67,HOLD,维持
2025-10-07,17.24,75.43,661.9781,601.683,76.1559,62.1498,91.1736,187.3552,98.58,2.82,0.75,4.14,1.79,-0.525,39.1667,,0.96,-0.3708,-0.5266,-3.5671,0.459,0.5314,-5.0,-5.0,0.8079,6.0,7.0,-4.3145,51.8571,cnn,3,9,2,14,0.9333,0,0,0,0,normal,Normal / Mild Pullback,False,6.1395,-1.0297,25.1806,0.3243,18.5749,0.9146,15.3697,2.4015,12.9845,-2.4061,-2.4794,16.62,0.67,HOLD,维持
2025-10-08,16.3,74.87,665.9255,608.5806,76.0428,61.7689,91.0426,187.9655,98.85,2.84,0.75,4.13,1.78,-0.525,39.1667,,0.01,0.0,0.0,-2.8908,0.2353,0.2942,0.0,-4.0,1.0943,9.0,9.0,-5.2936,52.9429,cnn,3,9,2,14,0.9333,0,0,0,0,normal,Normal / Mild Pullback,False,6.3213,-1.1796,24.8981,-0.7889,18.4736,0.6641,15.277,2.4724,12.9979,-2.9847,-3.0574,15.01,0.67,HOLD,维持
2025-10-09,16.43,74.12,663.9963,607.8441,75.8259,61.4856,90.7617,186.4103,99.54,2.95,0.77,4.14,1.8,-0.525,35.6436,,-0.2,-0.2897,-0.121,-3.468,-0.2972,-0.3016,17.0,-1.0,2.0504,13.0,13.0,-5.0923,48.6286,cnn,3,9,2,14,0.9333,0,0,0,0,normal,Normal / Mild Pullback,False,6.0171,-1.5674,25.1063,0.0894,18.7201,-0.1266,15.7475,3.3814,13.0279,-2.7028,-2.7758,15.68,0.67,HOLD,维持
2025-10-10,21.66,81.65,646.05,586.7432,75.3828,58.7898,90.1999,182.2075,98.98,3.18,0.81,4.05,1.75,-0.524,35.6436,,5.01,-2.9847,-3.5883,-3.2189,-0.7819,-0.8375,39.0,4.0,1.4659,-1.0,5.0,-6.4482,30.1429,cnn,3,9,2,14,0.9333,2,0,1,3,normal,Normal / Mild Pullback,False,11.6875,1.7411,13.0936,3.7105,11.0289,2.7488,11.9864,5.9106,11.6853,1.1669,-0.075,39.98,4.68,HOLD,维持
2025-10-13,19.03,81.65,655.963,599.1947,75.8542,60.0791,90.743,183.9792,99.27,3.18,0.81,4.05,1.75,-0.524,35.6436,,2.66,-1.4961,-1.5423,-3.7886,-0.4443,-0.5459,43.0,6.0,2.0247,0.0,7.0,-4.4134,29.7429,cnn,3,9,2,14,0.9333,0,0,1,1,normal,Normal / Mild Pullback,False,12.8004,1.2458,10.5374,3.3482,10.1008,2.7751,12.026,4.2995,11.3017,-0.3619,-1.5851,29.2,0.67,HOLD,维持
2025-10-14,20.81,79.95,655.1616,595.2034,75.9391,61.9349,90.7991,185.5048,99.05,3.11,0.81,4.03,1.73,-0.524,35.6436,,3.57,-1.6164,-2.1981,-2.354,-0.2592,-0.4132,32.0,5.0,2.5044,-1.0,6.0,-0.4397,28.2857,cnn,3,9,2,14,0.9333,1,0,1,2,normal,Normal / Mild Pullback,False,12.7978,1.3681,10.3026,3.7495,9.7985,3.1364,11.9902,5.1177,11.3582,-0.2401,-1.4647,33.82,2.67,HOLD,维持
2025-10-15,20.64,75.11,658.0703,599.4036,76.1842,60.5382,91.1362,185.8788,98.79,2.95,0.78,4.05,1.76,-0.524,35.6436,,4.34,-1.1796,-1.5079,-3.802,0.1616,0.0791,16.0,2.0,1.982,-1.0,8.0,-4.3765,27.4143,cnn,3,9,2,14,0.9333,1,0,1,2,normal,Normal / Mild Pullback,False,12.8635,0.3954,11.4979,3.3405,9.9139,2.7377,11.9453,4.8174,11.3346,-0.681,-1.9003,33.48,2.67,HOLD,维持
2025-10-16,25.31,81.23,653.5887,597.1841,75.9108,56.7875,90.8553,184.117,98.39,3.04,0.8,3.99,1.71,-0.524,46.0784,,8.88,-1.8526,-1.8726,-4.0392,-0.419,-0.4532,33.0,5.0,1.0683,-12.0,-2.0,-11.6225,23.1143,cnn,3,9,2,14,0.9333,3,1,3,7,normal,Normal / Mild Pullback,False,13.0287,1.6832,9.574,2.9047,11.2575,1.7256,13.2865,5.3251,11.2387,0.5676,-1.2276,51.54,26.52,HOLD,维持
2025-10-17,20.78,78.62,657.2986,601.1057,76.1088,57.6959,91.0426,185.052,98.43,3.04,0.8,4.02,1.75,-0.52,46.0784,,-0.88,-1.2955,-1.2283,-3.7564,-0.1962,-0.3193,32.0,6.0,0.8091,-12.0,0.0,-9.1336,22.3286,cnn,3,9,2,14,0.9333,1,1,3,5,normal,Normal / Mild Pullback,False,13.0672,1.9356,10.1001,2.6596,11.1548,1.1349,13.1675,4.2159,11.2552,0.5133,-1.7851,37.41,13.37,HOLD,维持
2025-10-20,18.23,77.22,664.1349,608.6801,76.2596,59.1317,91.2392,186.9024,98.59,2.99,0.79,4.0,1.74,-0.52,46.0784,,-0.8,-0.2689,0.0,-3.8514,-0.0722,-0.2057,30.0,5.0,1.2946,-15.0,-4.0,-6.2398,29.8571,cnn,3,9,2,14,0.9333,0,0,2,2,normal,Normal / Mild Pullback,False,13.483,2.0766,10.6918,1.7935,10.2898,-0.8387,13.0835,3.424,11.0829,-0.8387,-2.7961,28.87,0.67,HOLD,维持
2025-10-21,17.87,77.18,664.1249,608.5209,76.1465,59.2196,91.1643,187.7588,98.93,2.97,0.79,3.98,1.7,-0.52,46.0784,,-2.94,-0.2704,-0.0262,-2.8593,-0.1467,-0.2267,26.0,4.0,1.717,-14.0,-5.0,-6.4935,28.5429,cnn,3,9,2,14,0.9333,0,0,2,2,normal,Normal / Mild Pullback,False,13.3092,2.3492,10.1997,0.5884,12.3927,-1.6699,13.3865,3.3389,11.086,-1.6699,-2.7946,29.61,0.67,HOLD,维持
2025-10-22,18.6,75.49,660.6722,602.6584,76.0711,59.034,91.0706,186.8532,98.9,3.01,0.8,3.97,1.68,-0.52,46.0784,,-2.04,-0.7889,-0.9893,-3.0321,-0.1104,-0.1766,31.0,5.0,1.0524,-19.0,-10.0,-6.4076,26.3714,cnn,3,9,2,14,0.9333,0,0,2,2,normal,Normal / Mild Pullback,False,13.4049,2.9335,7.0475,1.4645,12.0153,-0.7742,13.3809,1.7643,11.8472,-1.156,-2.2866,32.28,0.67,HOLD,维持
2025-10-23,17.3,74.05,664.59,607.7246,76.2408,58.7801,91.2392,187.7391,98.94,2.96,0.78,4.01,1.71,-0.52,42.6621,,-8.01,-0.2006,-0.157,-2.6371,0.397,0.3256,20.0,2.0,0.3957,-17.0,-9.0,-7.7292,27.5714,cnn,3,9,2,14,0.9333,0,0,2,2,normal,Normal / Mild Pullback,False,13.3899,1.2013,13.8586,-0.2158,13.151,-2.8626,14.1601,2.332,12.0136,-2.8626,-2.8626,29.08,0.67,HOLD,维持
2025-10-24,16.37,68.94,670.0214,614.2141,76.4482,59.7959,91.5107,188.2509,98.95,2.88,0.77,4.02,1.73,-0.518,42.6621,,-4.41,0.0,0.0,-2.6385,0.4715,0.439,13.0,2.0,0.8151,-18.0,-9.0,-6.7998,32.4571,cnn,3,9,2,14,0.9333,0,0,2,2,normal,Normal / Mild Pullback,False,13.5302,0.7102,12.9899,-0.9273,12.3439,-2.6903,14.3323,2.0326,11.9476,-3.6501,-3.6501,25.89,0.67,HOLD,维持
2025-10-27,15.79,66.87,677.926,625.1527,76.6368,59.747,91.7728,189.0875,98.78,2.8,0.76,4.01,1.73,-0.518,42.6621,,-2.44,0.0,0.0,-3.8463,0.5457,0.511,6.0,1.0,0.8886,-14.0,-7.0,-6.8029,37.3429,cnn,3,9,2,14,0.9333,0,0,2,2,normal,Normal / Mild Pullback,False,14.0396,-0.2773,9.4673,-0.5545,13.5111,-2.4094,14.713,0.8795,11.7094,-4.7735,-4.7735,23.21,0.82,HOLD,维持
2025-10-28,16.42,67.3,679.7266,629.9601,76.5614,59.5028,91.6699,187.4635,98.69,2.82,0.76,3.99,1.71,-0.518,42.6621,,-1.45,0.0,0.0,-4.6455,0.4838,0.47,2.0,0.0,0.941,-17.0,-9.0,-6.6846,39.3429,cnn,3,9,2,14,0.9333,0,0,2,2,normal,Normal / Mild Pullback,False,14.0228,-1.7204,11.739,-0.5909,13.488,-1.7524,15.1339,1.1232,11.7418,-5.0258,-5.0258,22.11,0.69,HOLD,维持
2025-10-29,16.92,65.75,680.0532,632.7968,76.3256,58.4187,91.3983,185.367,99.22,2.76,0.75,4.08,1.78,-0.518,42.6621,,-1.68,0.0,0.0,-5.9741,-0.0124,-0.0205,-5.0,-1.0,1.5454,-4.0,1.0,-7.6353,42.1143,cnn,3,9,2,14,0.9333,0,0,1,1,normal,Normal / Mild Pullback,False,14.0107,-1.4271,12.5343,-0.5834,13.4897,-1.1216,15.3789,1.4773,11.7674,-5.0714,-5.0714,18.75,1.65,HOLD,维持
2025-10-30,16.91,66.88,672.5738,623.1223,76.1842,58.4675,91.183,184.5697,99.53,2.85,0.77,4.11,1.82,-0.518,36.8601,,-0.39,-1.0998,-1.5289,-4.3984,-0.1606,-0.205,4.0,2.0,1.7169,1.0,6.0,-6.199,37.0571,cnn,3,9,2,14,0.9333,0,0,1,1,normal,Normal / Mild Pullback,False,14.6906,-1.4003,12.4235,-1.1459,14.9455,0.5237,14.9961,2.5955,11.5297,-4.0157,-4.0157,22.57,1.43,HOLD,维持
2025-10-31,17.44,66.61,674.78,626.1281,76.1842,58.6043,91.183,184.9733,99.8,2.94,0.8,4.11,1.81,-0.514,36.8601,,1.07,-0.7754,-1.0538,-4.5252,-0.0495,-0.0821,14.0,5.0,2.1285,-2.0,1.0,-7.2189,34.4571,cnn,3,9,2,14,0.9333,0,0,1,1,normal,Normal / Mild Pullback,False,14.7121,-1.626,11.8065,-1.4852,14.7588,-0.2624,15.0457,2.0571,11.5246,-4.3295,-4.3295,23.82,1.45,HOLD,维持
2025-11-03,17.17,67.23,676.0464,629.1241,75.9473,58.741,90.9222,184.5205,99.87,3.04,0.83,4.13,1.82,-0.514,36.8601,,1.38,-0.5892,-0.5804,-4.3687,-0.3849,-0.3883,28.0,9.0,1.7939,-5.0,-2.0,-7.774,32.6,cnn,3,9,2,14,0.9333,0,0,1,1,normal,Normal / Mild Pullback,False,14.6846,-0.278,17.9195,-2.5858,15.1136,-0.2649,15.0453,1.5621,11.54,-4.5087,-4.5087,24.47,1.42,HOLD,维持
2025-11-04,19.0,68.02,668.0328,616.3541,75.9568,58.4284,90.9034,183.3,100.22,3.13,0.83,4.1,1.81,-0.514,36.8601,,2.58,-1.7676,-2.5984,-3.789,-0.2615,-0.2964,31.0,8.0,1.6636,-4.0,2.0,-6.8398,20.9429,cnn,3,9,2,14,0.9333,0,0,2,2,normal,Normal / Mild Pullback,False,15.2961,1.1492,14.8103,-2.2451,14.6048,1.281,14.4242,3.2914,11.2948,-3.3632,-3.3632,37.96,2.09,HOLD,维持
2025-11-05,18.01,72.42,670.3478,620.3652,76.0326,59.1512,90.9881,184.3729,100.2,3.05,0.81,4.17,1.87,-0.514,36.8601,,1.09,-1.4271,-1.9645,-3.7563,-0.0134,-0.0598,21.0,6.0,1.3657,4.0,9.0,-4.8696,23.0571,cnn,3,9,2,14,0.9333,0,0,2,2,normal,Normal / Mild Pullback,False,15.2032,0.856,14.8088,-2.2064,14.6496,1.0051,14.3859,2.0643,11.4277,-3.697,-3.697,34.85,1.99,HOLD,维持
2025-11-06,19.5,72.44,663.1555,608.8094,76.061,58.7605,91.0352,183.0737,99.73,3.13,0.82,4.11,1.83,-0.514,36.2712,,2.59,-2.4848,-3.7907,-4.4319,0.3101,0.3014,18.0,5.0,0.1909,-3.0,3.0,-4.3109,24.3429,cnn,3,9,2,14,0.9333,0,0,2,2,normal,Normal / Mild Pullback,False,15.6737,0.2581,18.1853,-2.6525,15.5496,2.2945,13.7567,2.6715,11.2441,-2.6525,-2.6525,38.09,2.51,HOLD,维持
2025-11-07,19.08,74.41,663.8083,606.8885,76.1274,59.5908,91.0917,184.6091,99.6,3.15,0.84,4.11,1.83,-0.511,36.2712,,1.64,-2.3888,-4.0942,-3.0858,0.9877,0.9887,-3.0,3.0,0.6264,6.0,8.0,-1.3493,20.4286,cnn,3,9,2,14,0.9333,0,0,2,2,normal,Normal / Mild Pullback,False,11.9928,0.1431,18.185,-1.7795,16.7402,1.8868,13.8353,1.2895,11.5548,-2.7482,-2.7482,39.52,0.67,HOLD,维持
2025-11-10,17.6,78.86,674.1667,620.3154,76.3832,59.9033,91.4023,185.6721,99.62,3.02,0.82,4.13,1.84,-0.511,36.2712,,0.43,-0.8656,-1.9724,-4.0131,0.6974,0.7267,-16.0,1.0,0.3526,8.0,9.0,-2.9849,29.9429,cnn,3,9,2,14,0.9333,0,0,1,1,normal,Normal / Mild Pullback,False,12.0333,-2.3142,12.8851,-1.8652,16.4919,0.2348,12.7278,1.6466,11.7739,-4.2425,-4.2425,26.41,0.67,HOLD,维持
2025-11-11,17.28,78.86,675.71,618.6632,76.4685,60.0205,91.5624,186.745,99.46,3.02,0.82,4.13,1.84,-0.511,36.2712,,-1.72,-0.6386,-2.2335,-3.6792,0.6972,0.8406,-9.0,1.0,0.4139,10.0,11.0,-6.038,30.4571,cnn,3,9,2,14,0.9333,0,0,1,1,normal,Normal / Mild Pullback,False,11.9964,-3.3558,11.3933,-1.1684,17.3528,0.6691,12.9166,1.9035,11.8037,-4.4612,-4.4612,25.44,0.67,HOLD,维持
2025-11-12,17.51,81.12,676.0859,618.1755,76.3169,60.0987,91.3459,187.1879,99.48,3.02,0.83,4.08,1.81,-0.511,36.2712,,-0.5,-0.5834,-2.3106,-4.4752,0.1741,0.2301,7.0,5.0,0.6985,3.0,5.0,-3.3714,34.5714,cnn,3,9,2,14,0.9333,0,0,1,1,normal,Normal / Mild Pullback,False,11.9524,-3.0364,12.8837,-0.5414,17.8137,0.8473,12.9359,1.5782,11.819,-4.5143,-4.5143,23.08,0.67,HOLD,维持
2025-11-13,20.0,79.1,664.8669,605.5548,76.0042,59.3759,90.941,185.0717,99.18,3.09,0.84,4.11,1.83,-0.511,49.1409,,0.5,-2.2331,-4.305,-4.1293,0.123,0.0944,5.0,4.0,0.8029,12.0,12.0,2.7843,24.5429,cnn,3,9,2,14,0.9333,0,0,3,3,normal,Normal / Mild Pullback,False,13.273,-2.9031,12.1923,1.6889,15.4982,1.4464,12.0335,3.2684,11.277,-2.9031,-2.9031,41.81,0.67,HOLD,维持
2025-11-14,19.83,79.71,664.7582,606.0126,76.0231,59.5028,90.9693,184.3926,99.27,3.07,0.83,4.14,1.86,-0.509,49.1409,,0.75,-2.2491,-4.2327,-4.516,-0.1126,-0.0804,3.0,3.0,0.8534,12.0,11.0,1.9746,22.0571,cnn,3,9,2,14,0.9333,0,0,3,3,normal,Normal / Mild Pullback,False,13.155,-1.9198,16.5088,1.2412,15.8001,1.3097,12.0561,1.6896,11.7499,-2.8872,-2.8872,43.35,0.67,HOLD,维持
2025-11-17,22.38,82.58,658.565,600.837,75.8999,57.2661,90.8092,181.9713,99.59,3.13,0.84,4.13,1.85,-0.509,49.1409,,4.78,-3.1598,-5.0506,-5.268,-0.4717,-0.4712,14.0,5.0,1.0143,13.0,11.0,-2.3359,11.6429,cnn,3,9,2,14,0.9333,1,0,4,5,normal,Normal / Mild Pullback,False,13.0677,0.4597,19.9134,2.3826,14.6563,1.983,11.545,2.7182,11.577,-1.974,-1.974,55.57,2.93,HOLD,维持
2025-11-18,24.69,83.18,653.0347,593.5214,75.9189,57.7838,90.7622,182.0795,99.55,3.2,0.85,4.12,1.85,-0.509,49.1409,,7.41,-3.973,-6.2066,-4.0957,-0.2989,-0.4411,23.0,6.0,0.6267,14.0,15.0,-0.7675,8.9,cnn,3,9,2,14,0.9333,2,0,4,6,normal,Normal / Mild Pullback,False,13.3711,2.2634,18.6143,3.6071,13.3643,1.7149,11.8631,3.7553,11.43,-1.1438,-1.1438,63.18,7.8,HOLD,维持
2025-11-19,23.66,84.32,655.5575,597.0647,75.9568,58.3991,90.8375,181.5284,100.23,3.17,0.84,4.13,1.86,-0.509,49.1409,,6.15,-3.602,-5.6467,-4.4213,-0.1502,-0.256,16.0,4.0,1.3448,16.0,18.0,-0.3036,7.8571,cnn,3,9,2,14,0.9333,2,0,4,6,normal,Normal / Mild Pullback,False,13.3633,2.5731,18.6745,3.2839,13.4358,2.0886,12.0562,3.8767,11.4467,-1.5242,-1.5242,60.68,6.16,HOLD,维持
2025-11-20,26.42,77.81,645.5652,582.9311,75.9094,58.2038,90.8187,179.3137,100.16,3.17,0.85,4.1,1.86,-0.509,43.5606,,6.42,-5.0714,-7.8802,-4.2535,-0.4347,-0.4609,21.0,7.0,1.2331,9.0,15.0,1.9377,5.1714,cnn,3,9,2,14,0.9333,3,0,4,7,normal,Normal / Mild Pullback,False,14.1338,4.7293,5.5731,5.0818,8.7124,4.6084,10.6879,5.2063,10.9747,0.9961,0.9961,68.86,10.36,ADD_SMALL,小幅分批加仓/维持偏加
2025-11-21,23.43,78.81,651.9958,587.3105,76.1653,60.1768,91.0917,182.8374,100.18,3.19,0.86,4.06,1.82,-0.508,43.5606,,3.6,-4.1258,-7.1881,-2.9463,-0.3701,-0.4579,31.0,9.0,1.2431,4.0,9.0,3.4193,5.6571,cnn,3,9,2,14,0.9333,1,0,4,5,normal,Normal / Mild Pullback,False,14.3079,3.2229,11.163,3.7328,9.0621,4.2219,10.4133,4.922,10.8929,1.4719,1.4719,58.36,3.01,HOLD,维持
2025-11-24,20.52,76.82,661.5923,602.3299,76.3738,60.2256,91.3553,183.5953,100.14,3.15,0.85,4.04,1.81,-0.508,43.5606,,-1.86,-2.7146,-4.8146,-4.4595,-0.3432,-0.455,35.0,9.0,1.3768,3.0,8.0,3.2897,13.6857,cnn,3,9,2,14,0.9333,1,0,4,5,normal,Normal / Mild Pullback,False,14.6955,1.9141,8.5883,2.1399,6.8998,3.1796,9.366,2.3442,10.7377,0.3993,0.3993,50.2,3.43,HOLD,维持
2025-11-25,18.56,72.82,667.8152,606.0425,76.6391,61.9349,91.713,186.2036,99.66,3.1,0.84,4.01,1.79,-0.508,43.5606,,-6.13,-1.7996,-4.2279,-3.9578,0.1016,0.0471,28.0,8.0,0.9829,2.0,8.0,5.9439,15.0286,cnn,3,9,2,14,0.9333,0,0,3,3,normal,Normal / Mild Pullback,False,15.1183,1.314,7.0633,1.8592,6.1929,2.5777,8.9406,2.1275,10.6706,-0.5363,-0.5363,44.17,1.9,HOLD,维持
2025-11-26,17.19,71.9,672.4255,611.3973,76.7149,61.7005,91.8542,187.5028,99.6,3.0,0.82,4.0,1.77,-0.508,43.5606,,-6.47,-1.1216,-3.3817,-3.2803,0.51,0.4988,24.0,7.0,0.383,-8.0,-1.0,6.8159,17.6571,cnn,3,9,2,14,0.9333,0,0,3,3,normal,Normal / Mild Pullback,False,15.3627,0.693,5.9894,1.3962,5.5435,1.8641,8.7001,2.2832,10.7148,-1.2182,-1.2182,40.94,2.17,HOLD,维持
2025-11-28,16.35,68.95,676.0958,616.3541,76.7528,61.5247,91.9295,188.5166,99.46,2.95,0.82,4.02,1.79,-0.51,42.7046,,-10.07,-0.5819,-2.5984,-3.192,0.7464,0.8187,10.0,5.0,-0.0703,-9.0,-3.0,4.6807,21.7714,cnn,3,9,2,14,0.9333,0,0,3,3,normal,Normal / Mild Pullback,False,14.9797,0.3366,4.9051,-0.2385,7.7703,0.95,8.6672,1.1629,10.7301,-1.7545,-1.7545,36.97,1.74,HOLD,维持
2025-12-01,17.24,71.35,673.0092,614.2838,76.6148,62.1986,91.7762,187.2272,99.41,2.94,0.82,4.09,1.85,-0.51,42.7046,,-6.19,-1.0358,-2.9256,-3.8053,0.5652,0.6506,0.0,2.0,-0.3908,-2.0,4.0,6.4126,22.0857,cnn,3,9,2,14,0.9333,0,0,3,3,normal,Normal / Mild Pullback,False,15.0317,0.4939,3.8646,0.0676,7.4365,1.2892,8.488,1.1388,10.7347,-1.3039,-1.3039,37.91,1.8,HOLD,维持
2025-12-02,16.59,69.91,674.2557,619.0912,76.7576,61.8568,91.9182,187.0501,99.36,2.92,0.81,4.09,1.85,-0.51,42.7046,,-3.93,-0.8525,-2.1659,-3.7618,1.0669,1.0954,-12.0,-2.0,-0.5107,-4.0,3.0,5.584,23.2571,cnn,3,9,2,14,0.9333,0,0,3,3,normal,Normal / Mild Pullback,False,15.0313,0.2216,3.961,-0.3903,7.4849,0.3529,8.9405,1.0092,10.7294,-1.4864,-1.4864,36.6,1.8,HOLD,维持
2025-12-03,16.08,66.46,676.5905,620.6041,76.8242,63.1461,92.0602,188.4773,98.85,2.89,0.81,4.06,1.82,-0.51,42.7046,,-2.48,-0.5092,-1.9268,-2.8394,1.142,1.2725,-24.0,-2.0,-1.367,-4.0,1.0,6.7073,24.7714,cnn,3,9,2,14,0.9333,0,0,3,3,normal,Normal / Mild Pullback,False,14.4119,0.5381,5.7165,-1.8263,8.8245,0.1899,8.8798,-0.2266,10.864,-1.8263,-1.8263,34.93,1.12,HOLD,维持
2025-12-04,15.78,65.69,677.0852,620.0268,76.8814,63.361,92.0886,188.5363,98.99,2.88,0.8,4.11,1.85,-0.51,30.7958,,-1.41,-0.4364,-2.018,-2.5006,1.1163,1.2094,-17.0,-1.0,-1.2076,-6.0,-2.0,6.0511,36.0286,cnn,3,9,2,14,0.9333,0,0,1,1,normal,Normal / Mild Pullback,False,14.3744,0.6984,5.768,-1.1573,9.9644,0.7835,9.1785,0.4039,10.9593,-1.8981,-1.8981,21.85,1.19,HOLD,维持
2025-12-05,15.41,67.28,678.3713,622.5549,76.8814,63.2145,92.0886,188.9792,98.99,2.85,0.79,4.14,1.88,-0.513,30.7958,,-0.94,-0.2473,-1.6185,-3.0983,1.0785,1.1571,-28.0,-3.0,-0.742,3.0,5.0,5.1668,38.1429,cnn,3,9,2,14,0.9333,0,0,1,1,normal,Normal / Mild Pullback,False,13.7466,-0.5731,10.323,-0.4505,11.1489,1.1907,9.3758,-0.3452,11.0132,-2.084,-2.084,20.13,0.96,HOLD,维持
2025-12-08,16.66,72.3,676.3333,621.3605,76.6909,63.4293,91.8898,187.8474,99.09,2.89,0.78,4.17,1.91,-0.513,30.7958,,-0.58,-0.547,-1.8073,-2.7205,0.7403,0.8762,-26.0,-6.0,-0.5121,6.0,8.0,4.4704,40.7714,cnn,3,9,2,14,0.9333,0,0,0,0,normal,Normal / Mild Pullback,False,13.8264,-0.4242,10.2072,0.4715,11.5115,1.1684,9.3873,-1.355,11.3233,-1.789,-1.789,16.84,0.67,HOLD,维持
2025-12-09,16.93,75.38,675.7495,622.1269,76.6053,63.3024,91.7573,187.493,99.22,2.89,0.79,4.18,1.92,-0.513,30.7958,,0.34,-0.6328,-1.6862,-2.1318,0.2907,0.3883,-13.0,-3.0,-0.4015,5.0,8.0,5.4267,40.9429,cnn,3,9,2,14,0.9333,0,0,0,0,normal,Normal / Mild Pullback,False,12.705,-0.6105,10.2949,1.0179,11.6565,1.2455,9.3756,-0.4049,11.4697,-1.7041,-1.7041,17.2,0.67,HOLD,维持
2025-12-10,15.77,68.62,680.2313,624.6749,76.8623,65.4903,92.0791,190.1308,98.79,2.91,0.78,4.13,1.88,-0.513,30.7958,,-0.31,0.0,-1.2835,-1.2829,0.515,0.5643,-11.0,-4.0,-0.6736,0.0,4.0,8.3879,36.3714,cnn,3,9,2,14,0.9333,0,0,1,1,normal,Normal / Mild Pullback,False,12.8942,-2.3518,9.4311,0.7054,11.3394,1.2436,9.3741,-1.2201,11.3887,-2.3518,-2.3518,20.44,0.78,HOLD,维持
2025-12-11,14.85,69.24,681.8141,622.6545,76.8528,65.8321,92.0696,191.6663,98.35,2.88,0.78,4.14,1.89,-0.513,30.5732,,-0.93,0.0,-1.6028,-0.9348,0.7022,0.7923,-14.0,-5.0,-1.1359,6.0,8.0,8.6198,43.7429,cnn,3,9,2,14,0.9333,0,0,0,0,normal,Normal / Mild Pullback,False,12.913,-1.8428,12.2054,0.4614,11.3076,1.1672,9.3596,-1.5731,11.3784,-2.5785,-2.5785,15.56,1.24,HOLD,维持
2025-12-12,15.74,69.25,674.4833,610.7504,76.71,65.5195,91.8803,190.3671,98.4,2.91,0.8,4.19,1.93,-0.519,30.5732,,0.33,-1.0752,-3.484,-0.7207,0.9287,1.0328,-18.0,-4.0,-0.7864,8.0,10.0,8.7738,39.2857,cnn,3,9,2,14,0.9333,0,0,1,1,normal,Normal / Mild Pullback,False,12.0261,0.1234,13.0398,1.1914,9.766,2.0623,8.4122,-2.0142,11.5914,-1.5196,-2.0142,22.19,0.8,HOLD,维持
2025-12-15,16.5,73.31,673.4642,607.6848,76.7481,65.6954,91.975,190.6033,98.15,2.91,0.8,4.18,1.93,-0.519,30.5732,,-0.16,-1.2247,-3.9684,0.2205,0.9536,1.1055,-16.0,-3.0,-1.1282,4.0,7.0,8.9798,49.3143,cnn,3,9,2,14,0.9333,0,0,0,0,normal,Normal / Mild Pullback,False,12.0491,0.8996,13.5271,1.2207,9.7447,1.7143,8.633,-2.4214,11.6407,-1.3706,-2.4214,19.08,0.67,HOLD,维持
2025-12-16,16.48,67.14,671.6241,608.8891,76.7957,65.4414,91.9844,189.2647,98.15,2.98,0.81,4.15,1.92,-0.519,30.5732,,-0.45,-1.4945,-3.7781,0.2136,1.1802,1.2941,-15.0,-3.0,-1.4459,2.0,7.0,12.054,46.4,cnn,3,9,2,14,0.9333,0,0,0,0,normal,Normal / Mild Pullback,False,11.5407,1.6384,12.9689,0.7461,10.5319,2.2708,8.5493,-1.1583,11.8278,-1.1004,-2.154,19.61,0.67,HOLD,维持
2025-12-17,17.62,62.74,664.2338,597.6021,76.7005,65.7247,91.8803,188.7529,98.37,2.99,0.81,4.16,1.92,-0.519,30.5732,,1.85,-2.5785,-5.5618,0.3819,1.0295,1.2319,-21.0,-4.0,-1.1853,4.0,7.0,11.8247,37.6857,cnn,3,9,2,14,0.9333,0,0,1,1,normal,Normal / Mild Pullback,False,11.8552,3.1308,3.5166,2.0537,8.2193,3.322,7.2943,0.2044,11.6214,0.7551,-1.0654,28.09,0.67,HOLD,维持
2025-12-18,16.87,60.01,669.2496,606.2615,76.9099,65.9102,92.1382,189.1564,98.43,2.95,0.81,4.12,1.88,-0.519,33.2031,,2.02,-1.8428,-4.1933,-0.2425,1.2549,1.4318,-22.0,-3.0,-1.7959,-1.0,2.0,10.5527,42.3714,cnn,3,9,2,14,0.9333,0,0,0,0,normal,Normal / Mild Pullback,False,12.0491,2.3475,5.3502,1.9635,8.0643,0.4601,10.4281,-1.9344,11.8661,0.4601,-1.9344,21.83,0.67,HOLD,维持
2025-12-19,14.91,59.41,675.3154,614.1643,76.8726,65.6758,92.1096,189.8454,98.6,2.9,0.8,4.16,1.92,-0.528,33.2031,,-0.83,-0.9532,-2.9445,-0.4163,1.2689,1.4214,-27.0,-5.0,-1.5575,6.0,6.0,7.8668,44.2,cnn,3,9,2,14,0.9333,0,0,0,0,normal,Normal / Mild Pullback,False,10.7005,1.0667,6.2464,1.6486,7.4286,0.7067,10.7342,-3.0547,11.7121,-0.4423,-3.0547,18.13,1.21,HOLD,维持
2025-12-22,14.08,61.7,679.5225,617.1083,76.9396,65.9982,92.1952,191.2526,98.29,2.88,0.8,4.17,1.94,-0.528,33.2031,,-2.42,-0.3361,-2.4792,-0.7118,1.0166,1.2115,-31.0,-6.0,-1.8866,11.0,12.0,5.2311,54.8857,cnn,3,9,2,14,0.9333,0,0,0,0,normal,Normal / Mild Pullback,False,10.4234,0.3183,5.3453,0.6936,7.3111,0.606,10.6674,-5.0361,11.9673,-1.0587,-5.0361,16.61,1.63,HOLD,维持
2025-12-23,14.0,61.17,682.6282,619.9984,76.997,65.5264,92.2713,190.8079,97.94,2.83,0.79,4.18,1.94,-0.528,33.2031,,-2.48,0.0,-2.0225,-1.4455,0.816,1.0028,-32.0,-6.0,-2.1969,14.0,13.0,5.4487,58.5714,cnn,3,9,2,14,0.9333,0,0,0,0,normal,Normal / Mild Pullback,False,9.3611,-0.878,6.4642,0.2253,6.9877,0.1846,10.5486,-4.4756,12.1407,-1.5088,-5.4682,15.71,1.67,HOLD,维持
2025-12-24,13.47,59.48,685.0295,621.8123,77.1405,65.5854,92.4806,191.4996,97.98,2.84,0.79,4.15,1.91,-0.528,33.2031,,-4.15,0.0,-1.7359,-1.3244,0.6542,0.837,-26.0,-5.0,-1.6857,14.0,12.0,3.233,58.0,cnn,3,9,2,14,0.9333,0,0,0,0,normal,Normal / Mild Pullback,False,8.9319,-1.0444,5.6605,0.5345,7.5424,0.3404,10.6295,-5.13,12.119,-1.8541,-5.7995,15.61,1.93,HOLD,维持
2025-12-26,13.6,58.5,684.96,621.7725,77.1022,65.379,92.4331,191.549,98.02,2.86,0.79,4.14,1.91,-0.539,34.8018,,-3.27,-0.0101,-1.7422,-1.1766,0.5048,0.6302,-14.0,-3.0,-1.5863,14.0,14.0,4.0228,54.8571,cnn,3,9,2,14,0.9333,0,0,0,0,normal,Normal / Mild Pullback,False,8.6907,-0.3752,8.4795,0.7026,7.5497,0.7504,10.7139,-4.5916,12.1898,-1.8441,-5.79,15.63,1.87,HOLD,维持
2025-12-29,14.2,59.21,682.519,618.7626,77.1309,64.809,92.4616,191.2328,98.04,2.87,0.79,4.12,1.9,-0.539,34.8018,,-0.71,-0.3665,-2.2178,-1.1069,0.4926,0.5788,-8.0,-3.0,-1.4277,10.0,11.0,4.3468,47.8857,cnn,3,9,2,14,0.9333,0,0,0,0,normal,Normal / Mild Pullback,False,8.6583,0.5757,9.1462,0.8607,7.3394,1.1005,10.6148,-5.9603,12.6807,-1.4931,-5.9603,16.58,1.57,HOLD,维持
2025-12-30,14.33,63.98,681.6855,617.3276,77.2074,64.3175,92.5663,190.9265,98.24,2.84,0.79,4.14,1.9,-0.539,34.8018,,0.25,-0.4881,-2.4446,-1.4924,0.7735,0.8609,-10.0,-3.0,-1.1769,5.0,5.0,2.0905,46.1143,cnn,3,9,2,14,0.9333,0,0,0,0,normal,Normal / Mild Pullback,False,8.479,0.3741,9.5747,0.4876,7.8512,1.0233,10.6352,-7.4509,13.1069,-1.3726,-7.4509,17.09,1.5,HOLD,维持
2025-12-31,14.95,63.96,676.635,612.2249,77.1309,63.6983,92.4806,189.296,98.28,2.81,0.79,4.18,1.93,-0.539,34.8018,,0.95,-1.2254,-3.2509,-1.2208,0.4863,0.6119,-11.0,-2.0,-1.087,9.0,8.0,2.615,43.2571,cnn,3,9,2,14,0.9333,0,0,0,0,normal,Normal / Mild Pullback,False,8.9307,1.113,6.5697,1.5134,6.5248,1.4738,10.3065,-7.0718,13.0517,-0.6364,-7.0718,19.45,1.19,HOLD,维持
2026-01-02,14.51,62.36,677.8753,611.0389,77.1692,64.121,92.5092,190.5806,98.42,2.83,0.79,4.19,1.94,-0.551,26.9912,,1.04,-1.0444,-3.4384,-0.664,0.449,0.4877,-6.0,-2.0,-0.435,13.0,12.0,1.3514,45.2286,cnn,3,9,2,14,0.9333,0,0,0,0,normal,Normal / Mild Pullback,False,8.87,1.5955,7.2311,1.2427,6.624,1.7916,10.41,-4.5456,14.4069,-0.8182,-7.2418,19.18,1.41,HOLD,维持
2026-01-05,14.9,64.71,682.3901,615.8924,77.37,65.4183,92.7565,192.3494,98.27,2.81,0.79,4.17,1.91,-0.551,26.9912,,1.3,-0.3853,-2.6714,-0.1367,0.6356,0.7253,-7.0,-1.0,-0.7273,6.0,6.0,2.4444,47.6,cnn,3,9,2,14,0.9333,0,0,0,0,normal,Normal / Mild Pullback,False,9.1697,1.0818,6.5621,-1.4744,12.1684,0.2632,10.6833,-4.4627,14.4271,-1.4744,-7.8555,17.63,1.22,HOLD,维持
2026-01-06,14.75,65.82,686.4484,621.304,77.3892,66.0768,92.7946,194.6717,98.58,2.79,0.79,4.18,1.91,-0.551,26.9912,,0.55,0.0,-1.8162,1.0161,0.6605,0.7667,-6.0,0.0,-0.4142,4.0,3.0,3.2981,52.8571,cnn,3,9,2,14,0.9333,0,0,0,0,normal,Normal / Mild Pullback,False,9.3676,0.2833,6.0839,-0.9266,13.3733,-0.8124,10.5925,-4.942,14.3642,-2.0569,-8.4003,15.99,1.29,HOLD,维持
2026-01-07,15.38,66.15,684.2357,621.902,77.37,65.6051,92.766,192.4878,98.68,2.79,0.79,4.15,1.88,-0.551,26.9912,,1.05,-0.3224,-1.7217,-0.2536,0.8855,0.9536,-10.0,1.0,-0.4138,-2.0,-3.0,2.2356,48.5714,cnn,3,9,2,14,0.9333,0,0,0,0,normal,Normal / Mild Pullback,False,9.3791,0.1131,6.8257,-0.087,13.6357,-1.7344,11.4096,-4.1838,14.4001,-1.7402,-8.1041,16.99,0.98,HOLD,维持
2026-01-08,15.45,66.94,684.1662,618.364,77.4274,66.9123,92.8421,194.1381,98.93,2.76,0.79,4.19,1.92,-0.551,30.0319,,0.5,-0.3325,-2.2808,1.1719,1.0733,1.1823,-13.0,0.0,-0.2923,1.0,0.0,4.4023,48.3714,cnn,3,9,2,14,0.9333,0,0,0,0,normal,Normal / Mild Pullback,False,9.3673,0.3959,7.0312,-0.0406,13.6375,0.161,13.4197,-4.1319,14.4015,-1.7302,-8.0947,16.85,0.94,HOLD,维持
2026-01-09,14.49,61.55,688.6909,624.5231,77.4848,66.3225,92.9373,195.2646,99.13,2.74,0.78,4.18,1.9,-0.562,30.0319,,-0.02,0.0,-1.3075,0.1365,0.8099,0.932,-17.0,0.0,0.3442,5.0,2.0,0.0269,54.1143,cnn,3,9,2,14,0.9333,0,0,0,0,normal,Normal / Mild Pullback,False,9.3657,-0.3472,4.7906,-0.1931,13.4499,-0.0173,13.3196,-2.336,15.2785,-2.3758,-8.6986,15.46,1.42,HOLD,维持
2026-01-12,15.12,62.9,689.7724,625.0413,77.5231,65.5363,92.9278,195.4425,98.86,2.74,0.78,4.19,1.9,-0.562,30.0319,,0.22,0.0,-1.2256,0.3126,0.8722,0.932,-14.0,0.0,0.5186,5.0,1.0,-1.598,58.0,cnn,3,9,2,14,0.9333,0,0,0,0,normal,Normal / Mild Pullback,False,9.3514,-2.5289,14.3785,0.0475,13.5918,-0.4373,13.3372,-1.9266,15.3255,-2.5289,-8.8417,15.57,1.11,HOLD,维持
2026-01-13,15.98,60.79,688.3932,624.1144,77.5231,65.1038,92.9563,195.4425,99.13,2.75,0.77,4.18,1.88,-0.562,30.0319,,1.23,-0.1999,-1.3721,0.7843,1.06,1.1711,-16.0,-3.0,0.7419,-1.0,-5.0,-2.6423,59.0857,cnn,3,9,2,14,0.9333,0,0,0,0,normal,Normal / Mild Pullback,False,8.4114,-1.2065,18.7424,0.2378,13.5449,-0.2609,13.3206,-1.7952,15.3217,-2.3336,-8.6591,16.72,0.68,HOLD,维持
2026-01-14,16.75,58.11,685.0095,617.4471,77.5231,65.8311,92.9848,196.3318,99.13,2.76,0.77,4.15,1.86,-0.562,30.0319,,1.37,-0.6905,-2.4257,1.8036,1.0098,1.098,-15.0,-3.0,0.9985,-3.0,-7.0,-1.4823,58.6286,cnn,3,9,2,14,0.9333,0,0,0,0,normal,Normal / Mild Pullback,False,8.632,-0.1999,19.2649,0.5331,13.3093,-1.3167,14.3266,-0.3457,15.4266,-1.8512,-8.2079,18.26,0.67,HOLD,维持
2026-01-15,15.84,56.14,686.8751,619.6696,77.5231,67.0695,92.9848,197.2014,99.32,2.71,0.76,4.17,1.88,-0.562,28.2392,,0.39,-0.42,-2.0745,2.0173,0.9472,1.0876,-27.0,-5.0,1.1921,2.0,-4.0,0.2123,63.6571,cnn,3,9,2,14,0.9333,0,0,0,0,normal,Normal / Mild Pullback,False,8.5473,-0.4348,19.0964,-0.039,13.3549,-1.5154,14.2813,0.5947,15.6177,-2.1178,-8.4572,16.9,0.75,HOLD,维持
2026-01-16,15.86,58.05,686.2995,619.1514,77.5709,66.6862,93.0609,196.6975,99.39,2.65,0.75,4.24,1.91,-0.569,28.2392,,1.37,-0.5035,-2.1564,1.3759,1.1349,1.285,-34.0,-6.0,1.0369,8.0,-1.0,-1.7992,63.7714,cnn,3,9,2,14,0.9333,0,0,0,0,normal,Normal / Mild Pullback,False,7.3034,0.1547,19.5572,0.5422,13.573,-1.2737,14.306,1.4735,15.697,-2.0357,-8.3804,17.75,0.74,HOLD,维持
2026-01-20,20.09,66.67,672.3287,605.9962,77.37,65.8115,92.8421,193.7625,98.64,2.73,0.75,4.3,1.97,-0.569,28.2392,,4.97,-2.5289,-4.2353,1.8999,0.5982,0.764,-22.0,-6.0,0.2133,18.0,9.0,-0.6072,50.8571,cnn,3,9,2,14,0.9333,1,0,0,1,normal,Normal / Mild Pullback,False,10.3805,2.6432,6.364,1.7636,8.8453,1.2855,12.3255,3.8366,15.0907,0.0059,-6.4766,27.53,2.67,HOLD,维持
2026-01-21,16.9,59.56,680.0881,614.1883,77.5996,68.8779,93.099,197.0433,98.76,2.69,0.74,4.26,1.92,-0.569,28.2392,,0.92,-1.404,-2.9407,2.5642,0.9457,1.0742,-21.0,-6.0,0.1623,10.0,0.0,4.1396,53.8571,cnn,3,9,2,14,0.9333,0,0,0,0,normal,Normal / Mild Pullback,False,10.692,1.4619,4.0954,0.1153,7.5161,-0.1342,11.6811,3.8925,15.1076,-1.1351,-7.5436,19.72,0.67,HOLD,维持
2026-01-22,15.64,56.5,683.6403,618.653,77.657,68.7305,93.1561,197.3002,98.36,2.64,0.73,4.26,1.95,-0.569,32.7338,,-1.11,-0.889,-2.2351,2.7192,0.9325,1.0422,-24.0,-7.0,0.0712,9.0,1.0,3.5127,54.7714,cnn,3,9,2,14,0.9333,0,0,0,0,normal,Normal / Mild Pullback,False,10.6247,0.7344,4.6854,-1.6488,9.2422,0.0653,11.8213,3.146,15.0867,-1.6488,-8.024,17.74,0.85,HOLD,维持
2026-01-23,16.09,56.25,683.8884,620.6064,77.6188,66.4503,93.1085,196.4208,97.6,2.68,0.73,4.24,1.92,-0.571,32.7338,,0.25,-0.853,-1.9264,2.9726,0.8076,0.9073,-15.0,-6.0,-0.3472,6.0,-2.0,1.2231,54.8857,cnn,3,9,2,14,0.9333,0,0,0,0,normal,Normal / Mild Pullback,False,10.5059,0.3975,5.6793,0.2017,13.9327,-0.9924,12.371,2.4336,15.1564,-1.6845,-8.0574,17.71,0.67,HOLD,维持
2026-01-26,16.15,55.77,687.3612,623.3371,77.657,66.7648,93.1561,196.8852,97.04,2.69,0.74,4.22,1.9,-0.571,32.7338,,0.29,-0.3496,-1.4949,3.8594,0.6696,0.7304,-15.0,-5.0,-0.9594,7.0,-1.0,1.453,57.6571,cnn,3,9,2,14,0.9333,0,0,0,0,normal,Normal / Mild Pullback,False,10.5873,0.3869,5.6292,0.1761,13.9084,-0.7766,12.524,2.9481,15.2567,-2.1812,-8.5219,16.48,0.67,HOLD,维持
2026-01-27,16.35,56.12,690.0999,628.9879,77.6475,67.0892,93.1466,196.5789,96.22,2.71,0.73,4.24,1.9,-0.571,32.7338,,-3.74,0.0,-0.6019,4.5046,0.7072,0.7719,-15.0,-6.0,-1.8364,10.0,-1.0,1.8515,64.9714,cnn,3,9,2,14,0.9333,0,0,0,0,normal,Normal / Mild Pullback,False,10.6713,-0.857,7.7264,-0.4845,13.7983,-0.3364,12.8237,2.1416,15.2649,-2.5694,-8.885,15.21,0.67,HOLD,维持
2026-01-28,16.35,57.43,690.0303,631.0707,77.5231,66.6174,92.9944,195.9168,96.45,2.72,0.73,4.26,1.9,-0.571,32.7338,,-0.55,-0.0101,-0.2728,3.4625,0.5085,0.5762,-15.0,-6.0,-1.6218,14.0,0.0,1.6715,65.5429,cnn,3,9,2,14,0.9333,0,0,0,0,normal,Normal / Mild Pullback,False,10.5712,-1.3272,7.8348,-0.4975,13.7975,-0.88,12.966,2.9435,15.339,-2.5596,-8.8758,15.12,0.67,HOLD,维持
2026-01-29,16.88,60.73,688.6611,627.2936,77.5135,67.846,93.0039,196.1737,96.28,2.77,0.74,4.24,1.89,-0.571,30.8,,1.24,-0.2085,-0.8697,3.9175,0.3965,0.4727,-7.0,-5.0,-1.9951,10.0,-1.0,4.4174,63.8286,cnn,3,9,2,14,0.9333,0,0,0,0,normal,Normal / Mild Pullback,False,10.5918,-2.3659,10.4246,-1.84,15.7537,-1.1599,13.0493,3.3259,15.3323,-2.3659,-8.6946,16.57,0.67,HOLD,维持
2026-01-30,17.44,59.2,686.6071,619.7592,77.5996,67.6297,93.0609,195.7389,96.99,2.8,0.74,4.26,1.9,-0.567,30.8,,1.35,-0.5061,-2.0603,4.4481,0.6077,0.6275,-1.0,-5.0,-1.3126,8.0,-3.0,4.6299,58.6,cnn,3,9,2,14,0.9333,0,0,0,0,normal,Normal / Mild Pullback,False,10.2632,-0.1951,20.0577,-1.4769,15.7885,-0.8078,13.0234,3.1307,15.3558,-2.0738,-8.4215,17.71,0.67,HOLD,维持
2026-02-02,16.34,59.3,690.0204,624.0148,77.6467,68.8386,93.1758,196.7469,97.61,2.81,0.74,4.29,1.94,-0.567,30.8,,0.19,-0.0115,-1.3878,3.9157,0.6189,0.7206,-2.0,-5.0,-0.823,10.0,0.0,5.4678,63.4,cnn,3,9,2,14,0.9333,0,0,0,0,normal,Normal / Mild Pullback,False,10.367,-0.2099,20.0329,-1.8061,15.4925,-2.1685,13.1906,2.6047,15.3283,-2.5582,-8.8745,15.63,0.67,HOLD,维持
2026-02-03,18.0,57.54,684.186,614.4274,77.5987,70.018,93.0897,196.2231,97.44,2.85,0.74,4.28,1.92,-0.567,30.8,,1.65,-0.857,-2.9029,4.2748,0.2955,0.3591,4.0,-5.0,-0.8446,11.0,1.0,6.7503,43.3429,cnn,3,9,2,14,0.9333,0,0,0,0,normal,Normal / Mild Pullback,False,10.6396,0.3756,18.9492,-0.4699,15.3486,-0.6381,13.1872,4.5093,15.3346,-1.7273,-8.0974,18.97,0.67,HOLD,维持
2026-02-04,18.64,57.51,680.8719,603.694,77.5025,71.109,92.9174,197.9327,97.62,2.86,0.75,4.29,1.94,-0.567,30.8,,2.29,-1.3372,-4.5991,5.3032,0.1465,0.1324,7.0,-4.0,-0.9738,11.0,3.0,8.497,47.2286,cnn,3,9,2,14,0.9333,0,0,0,0,normal,Normal / Mild Pullback,False,10.5493,0.8409,18.3627,-0.2492,15.2111,-0.7112,13.2232,5.3087,15.2954,-1.2489,-7.6501,21.04,0.67,HOLD,维持
2026-02-05,21.77,62.16,672.3683,595.0036,77.416,71.0599,92.8696,196.2132,97.82,2.97,0.76,4.21,1.89,-0.567,29.0,,4.89,-2.5694,-5.9724,4.9326,0.0594,0.1116,18.0,-3.0,-0.8715,6.0,1.0,10.2264,34.9429,cnn,3,9,2,14,0.9333,1,0,1,2,normal,Normal / Mild Pullback,False,11.3613,0.5387,19.8895,1.7429,13.9106,-0.7733,13.3015,6.25,15.0687,-0.7733,-6.4821,35.05,2.67,HOLD,维持
2026-02-06,20.37,63.62,685.2676,607.5807,77.6852,72.3671,93.1949,199.8695,97.63,2.87,0.76,4.22,1.88,-0.559,29.0,,2.93,-0.7002,-3.9849,5.9027,0.3329,0.38,11.0,-3.0,-1.3141,3.0,-4.0,7.9783,45.3714,cnn,3,9,2,14,0.9333,1,0,0,1,normal,Normal / Mild Pullback,False,13.408,-1.2844,12.2873,-1.1917,11.2348,-1.7883,11.7202,5.0862,14.6708,-2.6411,-8.2425,22.28,2.67,HOLD,维持
2026-02-09,17.36,62.74,688.5718,612.2349,77.7909,72.1607,93.3289,199.9881,96.82,2.84,0.76,4.22,1.87,-0.559,29.0,,1.02,-0.2214,-3.2494,5.0912,0.395,0.4214,10.0,-2.0,-2.3303,4.0,-3.0,8.8214,48.4857,cnn,3,9,2,14,0.9333,0,0,0,0,normal,Normal / Mild Pullback,False,13.3076,-1.5995,11.2398,-0.9511,11.6574,-2.4166,11.5251,6.0356,14.8893,-3.1083,-8.6828,17.29,0.67,HOLD,维持
2026-02-10,17.79,64.55,686.756,609.3946,77.714,71.394,93.281,200.6996,96.8,2.86,0.77,4.16,1.84,-0.559,29.0,,-0.21,-0.4845,-3.6982,5.5524,0.2463,0.3801,12.0,-1.0,-2.0838,-3.0,-6.0,9.4167,47.2286,cnn,3,9,2,14,0.9333,0,0,0,0,normal,Normal / Mild Pullback,False,13.3265,-0.8423,12.712,0.1488,12.4984,-2.2814,11.513,5.99,14.894,-2.8521,-8.4413,17.36,0.67,HOLD,维持
2026-02-11,17.65,61.35,686.5972,611.029,77.7044,70.5783,93.2714,201.0553,96.83,2.84,0.77,4.18,1.86,-0.559,29.0,,-0.99,-0.5076,-3.4399,5.1982,0.2339,0.339,9.0,0.0,-2.3202,0.0,-2.0,8.6924,49.9143,cnn,3,9,2,14,0.9333,0,0,0,0,normal,Normal / Mild Pullback,False,13.3094,-1.081,12.6525,-0.3844,12.8268,-3.743,12.549,6.8898,14.9655,-3.743,-8.4202,17.32,0.67,HOLD,维持
2026-02-12,20.82,68.57,675.9901,598.6013,77.666,69.4873,93.1662,198.4169,96.93,2.92,0.78,4.09,1.8,-0.559,38.1323,,-0.95,-2.0446,-5.4039,5.8178,0.1843,0.195,16.0,1.0,-2.2193,-6.0,-6.0,6.9622,36.3571,cnn,3,9,2,14,0.9333,1,0,1,2,normal,Normal / Mild Pullback,False,14.3032,1.1978,6.0911,0.6928,10.1104,-2.786,11.5739,8.8143,14.5572,-2.786,-6.9831,29.13,3.0,HOLD,维持
2026-02-13,20.6,70.1,676.4664,599.877,77.7236,70.0574,93.2714,200.4723,96.88,2.95,0.79,4.04,1.77,-0.545,38.1323,,0.23,-1.9756,-5.2023,7.2517,0.2587,0.3082,24.0,3.0,-2.4567,-13.0,-11.0,6.0621,33.8429,cnn,3,9,2,14,0.9333,1,0,1,2,normal,Normal / Mild Pullback,False,14.2585,0.0939,10.9958,0.6791,10.1106,-1.8658,12.265,8.5729,14.5689,-2.8544,-7.0486,30.29,2.95,HOLD,维持
2026-02-17,20.29,68.84,677.5578,599.259,77.6852,70.3031,93.1853,200.1264,97.16,2.94,0.8,4.05,1.79,-0.545,38.1323,,2.93,-1.8174,-5.2999,5.9335,0.1473,0.1337,29.0,5.0,-2.2437,-19.0,-12.0,6.7839,33.3143,cnn,3,9,2,14,0.9333,1,0,1,2,normal,Normal / Mild Pullback,False,14.2824,0.659,12.1239,-0.369,11.151,-1.7661,12.2983,9.0045,14.5944,-3.0109,-7.1984,31.82,2.98,HOLD,维持
2026-02-18,19.62,64.19,680.9712,603.7338,77.7813,70.1556,93.3193,201.164,97.7,2.86,0.78,4.09,1.8,-0.545,38.1323,,1.83,-1.3228,-4.5928,6.6812,0.5316,0.5139,13.0,3.0,-0.953,-21.0,-17.0,5.248,34.1571,cnn,3,9,2,14,0.9333,0,0,1,1,normal,Normal / Mild Pullback,False,12.3358,0.9996,12.9821,-0.169,11.4637,-3.6224,12.9292,9.3143,14.6357,-3.6224,-7.6635,26.92,0.67,HOLD,维持
2026-02-19,20.23,68.03,679.1752,601.4217,77.8102,69.7723,93.3384,200.7391,97.93,2.88,0.79,4.08,1.79,-0.545,36.9478,,2.58,-1.5831,-4.9582,6.4086,0.2713,0.2572,19.0,5.0,-0.8404,-18.0,-13.0,1.4347,34.4,cnn,3,9,2,14,0.9333,1,0,1,2,normal,Normal / Mild Pullback,False,11.6878,0.7042,13.7821,-0.4631,11.7343,-3.6057,12.928,8.2849,14.8761,-3.6057,-7.4194,30.32,2.67,HOLD,维持
2026-02-20,19.09,64.27,684.0868,606.7437,77.8678,70.6667,93.4054,201.6779,97.8,2.86,0.78,4.08,1.8,-0.528,36.9478,,-1.73,-0.8713,-4.1171,5.13,0.2715,0.2676,22.0,5.0,-0.5693,-18.0,-15.0,2.75,42.3429,cnn,3,9,2,14,0.9333,0,0,0,0,normal,Normal / Mild Pullback,False,11.8287,-0.499,13.2244,-2.4731,12.4476,-5.6697,13.2004,7.4318,14.8308,-5.6697,-8.0841,18.36,0.67,HOLD,维持
2026-02-23,21.01,68.03,677.1014,599.3687,77.7429,67.5609,93.2906,199.4644,97.7,2.95,0.8,4.03,1.77,-0.528,36.9478,,0.41,-1.8836,-5.2826,6.155,0.1599,0.1956,27.0,7.0,0.1025,-21.0,-15.0,2.6905,32.5429,cnn,3,9,2,14,0.9333,1,0,1,2,normal,Normal / Mild Pullback,False,12.3756,0.5847,10.3726,-0.6038,12.778,-3.6959,13.709,7.8172,14.7305,-4.6966,-7.1358,31.22,2.67,HOLD,维持
2026-02-24,19.55,65.27,682.0229,605.8068,77.6852,67.4921,93.1853,201.0553,97.88,2.97,0.81,4.04,1.78,-0.528,36.9478,,-0.74,-1.1704,-4.2652,5.7267,0.0362,0.0314,28.0,7.0,0.8656,-18.0,-12.0,1.8806,40.2571,cnn,3,9,2,14,0.9333,0,0,0,0,normal,Normal / Mild Pullback,False,12.5293,-1.0213,10.7207,-1.4796,12.005,-4.7117,13.283,8.1362,14.7941,-5.3843,-7.8059,19.07,0.67,HOLD,维持
2026-02-25,17.93,62.43,687.778,614.5869,77.7909,68.6715,93.348,201.1739,97.7,2.94,0.8,4.05,1.77,-0.528,36.9478,,-1.69,-0.3364,-2.8777,4.8962,0.1848,0.2162,23.0,7.0,1.5381,-19.0,-13.0,2.7042,43.1429,cnn,3,9,2,14,0.9333,0,0,0,0,normal,Normal / Mild Pullback,False,12.8303,-1.157,9.8896,-2.4266,10.6825,-4.9825,13.0113,7.444,14.7208,-6.176,-8.5774,16.75,0.67,HOLD,维持
2026-02-26,18.63,63.93,683.9578,607.1722,77.7236,69.1826,93.2714,202.3103,97.79,2.98,0.82,4.02,1.74,-0.528,39.7541,,-1.6,-0.89,-4.0494,6.0833,0.2587,0.298,26.0,9.0,1.3893,-24.0,-16.0,4.7727,42.9143,cnn,3,9,2,14,0.9333,0,0,0,0,normal,Normal / Mild Pullback,False,12.9734,-1.1592,9.894,-3.3715,12.4478,-6.1582,14.0989,8.4689,14.6629,-6.1582,-8.0667,18.38,0.67,HOLD,维持
2026-02-27,19.86,73.38,680.6735,605.2288,77.5987,65.6247,93.0514,202.5475,97.61,3.1,0.85,3.97,1.72,-0.509,39.7541,,0.77,-1.3659,-4.3565,6.9646,0.1098,0.0511,33.0,11.0,1.3814,-27.0,-17.0,-2.1389,41.1714,cnn,3,9,2,14,0.9333,0,0,0,0,normal,Normal / Mild Pullback,False,13.0571,-1.984,12.6289,-3.4549,12.4821,-7.3133,14.9493,9.7159,14.6446,-7.3133,-7.6232,20.03,0.67,HOLD,维持
2026-03-02,21.44,73.21,681.0605,606.026,77.5542,66.5977,93.0081,202.172,98.38,3.03,0.85,4.05,1.76,-0.509,39.7541,,0.43,-1.3099,-4.2306,7.0045,-0.0585,-0.0568,23.0,11.0,1.4331,-21.0,-14.0,-0.724,34.2857,cnn,3,9,2,14,0.9333,1,0,1,2,normal,Normal / Mild Pullback,False,13.0302,-1.1816,15.4922,-2.5278,14.1661,-7.6756,14.862,9.6345,14.6475,-7.6756,-7.6756,28.92,2.67,HOLD,维持
2026-03-03,23.57,77.75,675.0573,599.5381,77.3997,66.1456,92.7964,199.6916,99.05,3.08,0.84,4.06,1.77,-0.509,39.7541,,4.02,-2.1798,-5.2558,6.1906,-0.3182,-0.4071,27.0,10.0,1.4753,-23.0,-17.0,-1.7822,31.6286,cnn,3,9,2,14,0.9333,1,0,1,2,normal,Normal / Mild Pullback,False,13.198,-0.463,14.3994,-1.4023,13.9081,-4.1471,18.7023,11.2197,14.5075,-6.8546,-6.8546,36.37,2.67,HOLD,维持
2026-03-04,21.15,70.03,679.8201,608.6771,77.6702,66.3422,93.1235,200.4921,98.77,2.97,0.82,4.09,1.8,-0.509,39.7541,,3.22,-1.4896,-3.8116,5.9135,0.0922,0.0364,12.0,8.0,1.3649,-19.0,-12.0,-4.6414,33.0714,cnn,3,9,2,14,0.9333,1,0,1,2,normal,Normal / Mild Pullback,False,13.1941,-1.2844,12.6037,-3.4592,14.3445,-4.1015,18.7338,10.7156,14.467,-7.5072,-7.5072,31.46,2.67,HOLD,维持
2026-03-05,23.75,74.53,676.0297,606.8433,77.361,65.4576,92.7195,198.1698,99.32,3.0,0.82,4.13,1.82,-0.509,35.5372,,5.12,-2.0389,-4.1014,5.2265,-0.1826,-0.213,14.0,7.0,1.7414,-16.0,-12.0,-7.2881,31.6286,cnn,3,9,2,14,0.9333,2,0,1,3,normal,Normal / Mild Pullback,False,13.2301,-2.2383,15.5932,-3.1571,14.3038,-3.477,18.7148,11.6396,14.3882,-6.9886,-6.9886,38.69,4.82,HOLD,维持
2026-03-06,29.49,81.26,667.1689,597.7143,76.9843,63.7966,92.2673,195.8081,98.99,3.13,0.84,4.15,1.8,-0.49,35.5372,,9.63,-3.3228,-5.544,5.6697,-0.5577,-0.6485,16.0,8.0,1.1961,-6.0,-9.0,-9.5216,25.2571,cnn,3,9,2,14,0.9333,3,1,1,5,normal,Normal / Mild Pullback,False,13.307,-1.5006,13.7675,-3.2777,14.5588,-1.7327,18.3408,13.2759,14.044,-5.7533,-5.7533,50.39,29.36,HOLD,维持
2026-03-09,25.5,79.74,673.0133,605.6971,77.448,63.6394,92.7676,196.3615,99.18,3.19,0.85,4.12,1.78,-0.49,35.5372,,4.06,-2.476,-4.2825,5.1558,-0.3054,-0.4585,32.0,9.0,1.5876,-10.0,-10.0,-10.4591,22.2286,cnn,3,9,2,14,0.9333,2,1,2,5,normal,Normal / Mild Pullback,False,11.6934,-1.3623,14.5365,-3.1109,14.978,-2.5432,17.9985,11.5042,14.0969,-6.5717,-6.5717,44.33,17.96,HOLD,维持
2026-03-10,24.93,76.33,671.9317,605.7072,77.3224,63.6099,92.6521,194.8891,98.83,3.06,0.84,4.15,1.82,-0.49,35.5372,,1.36,-2.6327,-4.2809,3.7687,-0.6023,-0.7251,22.0,8.0,2.076,-7.0,-5.0,-9.6666,20.2714,cnn,3,9,2,14,0.9333,1,1,2,4,normal,Normal / Mild Pullback,False,11.499,-0.9436,15.0469,-3.2807,14.953,0.0999,20.2952,12.1057,14.0842,-6.4213,-6.4213,41.43,14.17,HOLD,维持
2026-03-11,24.23,78.59,671.0884,605.6274,77.1485,62.8826,92.4597,194.2468,99.23,3.09,0.88,4.21,1.85,-0.49,35.5372,,3.08,-2.7549,-4.2935,2.9661,-0.7277,-0.8804,23.0,11.0,2.5103,5.0,1.0,-9.8655,18.3143,cnn,3,9,2,14,0.9333,1,1,2,4,normal,Normal / Mild Pullback,False,11.4865,-2.2031,17.2803,-2.6195,15.5957,0.8039,20.3876,9.3496,15.2023,-6.3037,-6.3037,43.44,14.47,HOLD,维持
2026-03-12,27.29,95.3,660.8979,595.2328,76.6558,62.3715,91.844,191.2427,99.74,3.17,0.91,4.27,1.89,-0.49,46.3878,,3.54,-4.2315,-5.9362,2.525,-1.3495,-1.5304,33.0,14.0,3.0053,9.0,3.0,-8.1915,18.3143,cnn,3,9,2,14,0.9333,2,2,3,7,normal,Normal / Mild Pullback,False,12.5123,-0.9399,14.3609,-2.8839,16.2586,2.2904,19.5367,11.2871,14.7944,-4.859,-4.859,52.54,25.73,HOLD,维持
2026-03-13,27.19,91.17,657.1572,591.7048,76.5109,62.0275,91.6324,191.2328,100.36,3.28,0.93,4.28,1.92,-0.474,46.3878,,-2.3,-4.7736,-6.4937,2.8199,-1.4872,-1.6463,36.0,15.0,3.5386,19.0,12.0,-8.1773,16.6714,cnn,3,9,2,14,0.9333,2,2,3,7,normal,Normal / Mild Pullback,False,11.5493,-1.8042,16.9341,-3.9965,17.7636,3.878,19.5897,11.592,14.746,-4.3175,-4.3175,52.47,28.25,HOLD,维持
2026-03-16,23.51,85.25,663.845,598.3422,76.7524,62.3715,92.0172,192.6558,99.71,3.27,0.94,4.23,1.87,-0.474,46.3878,,-1.99,-3.8045,-5.4448,2.9846,-1.2496,-1.3447,32.0,15.0,2.9211,19.0,10.0,-9.2782,23.9143,cnn,3,9,2,14,0.9333,1,1,3,5,normal,Normal / Mild Pullback,False,12.2453,-1.7727,17.0986,-5.2814,15.9412,4.0845,19.7125,8.7262,15.0809,-5.2814,-5.2814,45.39,13.58,HOLD,维持
2026-03-17,22.37,79.23,665.5912,601.2623,77.1002,62.3617,92.3828,193.7329,99.58,3.22,0.92,4.2,1.83,-0.474,46.3878,,-2.56,-3.5515,-4.9834,2.4291,-0.753,-0.8613,28.0,12.0,2.4907,15.0,4.0,-9.7012,22.8857,cnn,3,9,2,14,0.9333,1,1,3,5,normal,Normal / Mild Pullback,False,12.2784,-2.3593,16.2364,-2.7839,23.285,4.6306,19.8218,10.2841,15.4088,-5.5299,-5.5299,44.5,14.22,HOLD,维持
2026-03-18,25.09,81.25,656.3038,592.8808,76.7041,61.5459,91.9499,191.1834,100.09,3.2,0.91,4.26,1.86,-0.474,46.3878,,0.86,-4.8973,-6.3079,3.0653,-1.3849,-1.4675,34.0,13.0,2.4463,17.0,6.0,-8.9751,13.6143,cnn,3,9,2,14,0.9333,2,1,4,7,normal,Normal / Mild Pullback,False,12.9028,-0.4258,15.1068,-0.6653,22.8856,6.372,18.8626,12.4496,15.0752,-4.1931,-4.1931,57.25,15.24,HOLD,维持
2026-03-19,24.06,84.88,654.6865,591.0072,76.9553,62.1061,92.1519,191.0352,99.23,3.27,0.9,4.25,1.88,-0.474,52.0,,-3.23,-5.1316,-6.604,3.7974,-1.0987,-1.2712,39.0,11.0,1.3275,17.0,9.0,-7.6579,18.3143,cnn,3,9,2,14,0.9333,1,0,4,5,normal,Normal / Mild Pullback,False,12.9014,-1.9624,19.5385,-0.3302,22.8739,7.9235,18.9967,14.7153,15.3765,-3.9564,-3.9564,58.44,2.67,ADD_SMALL,小幅分批加仓/维持偏加
2026-03-20,26.78,108.84,645.301,580.0844,76.2404,61.9587,91.3438,188.2287,99.65,3.24,0.88,4.39,2.01,-0.464,52.0,,-0.41,-6.4917,-8.3301,3.6383,-2.09,-2.2072,38.0,10.0,1.8916,31.0,21.0,-7.0528,8.4,cnn,3,9,2,14,0.9333,2,0,5,7,normal,Normal / Mild Pullback,False,13.167,-2.2326,20.543,1.5974,21.5484,9.2742,17.8927,15.6899,15.0783,-2.5595,-2.5595,66.0,6.8,ADD_SMALL,小幅分批加仓/维持偏加
2026-03-23,26.15,98.15,652.0767,586.7432,76.7428,63.0797,91.8729,190.2354,98.95,3.19,0.88,4.34,2.01,-0.464,52.0,,2.64,-5.5098,-7.2778,4.3712,-1.2864,-1.5196,24.0,8.0,1.2794,31.0,24.0,-3.0497,11.6286,cnn,3,9,2,14,0.9333,2,0,5,7,normal,Normal / Mild Pullback,False,13.6802,-3.572,16.0586,0.5859,20.9742,7.4308,18.152,13.0581,15.2917,-3.572,-3.572,64.78,6.05,ADD_SMALL,小幅分批加仓/维持偏加
2026-03-24,26.95,103.01,649.8878,582.7317,76.4819,63.6037,91.6132,190.4637,99.43,3.19,0.87,4.39,2.06,-0.464,52.0,,4.58,-5.827,-7.9117,4.8371,-1.5489,-1.6872,22.0,6.0,1.5836,35.0,28.0,-1.1015,10.3571,cnn,3,9,2,14,0.9333,2,0,5,7,normal,Normal / Mild Pullback,False,13.2546,-0.4348,30.5337,3.4952,24.12,8.8842,18.0966,14.6183,15.3426,-3.2472,-3.2472,67.48,7.01,ADD_SMALL,小幅分批加仓/维持偏加
2026-03-25,25.33,97.59,653.5095,586.5635,76.7234,63.831,91.921,191.3866,99.6,3.17,0.87,4.33,2.02,-0.464,52.0,,0.24,-5.3022,-7.3062,4.7237,-1.3723,-1.5287,23.0,7.0,1.9447,28.0,25.0,-2.1747,16.5429,cnn,3,9,2,14,0.9333,2,0,4,6,normal,Normal / Mild Pullback,False,12.9807,-0.2406,30.8222,3.5154,24.125,7.8606,18.3157,13.6244,15.3668,-3.7834,-3.7834,62.24,5.06,ADD_SMALL,小幅分批加仓/维持偏加
2026-03-26,27.44,115.02,641.8386,572.5635,76.2404,63.7322,91.3438,189.63,99.9,3.21,0.88,4.42,2.08,-0.464,49.7942,,3.38,-6.9934,-9.5186,5.4469,-1.9083,-2.0667,23.0,6.0,2.1577,40.0,34.0,-1.8331,10.2571,cnn,3,9,2,14,0.9333,2,0,4,6,normal,Normal / Mild Pullback,False,14.0526,1.6649,26.6893,5.3279,21.1942,10.6729,16.434,14.0104,15.1915,-2.0338,-2.0338,70.15,7.65,ADD_SMALL,小幅分批加仓/维持偏加
2026-03-27,31.05,111.95,630.894,561.3774,76.0472,62.6448,91.0648,187.0299,100.15,3.42,0.91,4.44,2.13,-0.461,49.7942,,4.27,-8.5793,-11.2863,5.8455,-1.9993,-2.1349,32.0,6.0,2.6022,47.0,41.0,2.9911,8.1714,cnn,3,9,2,14,0.9333,2,0,4,6,normal,Normal / Mild Pullback,False,14.8929,3.9174,19.7047,8.2023,17.1548,12.7868,14.2623,15.9345,14.6572,-0.3343,-0.3343,77.18,12.91,ADD_SMALL,小幅分批加仓/维持偏加
2026-03-30,30.61,108.33,628.7847,557.0867,76.1341,62.882,91.161,186.6429,100.51,3.46,0.93,4.35,2.04,-0.461,49.7942,,4.46,-8.885,-11.9644,6.1018,-1.8311,-1.9859,43.0,8.0,2.1651,30.0,28.0,2.2706,5.7714,cnn,3,9,2,14,0.9333,2,0,4,6,normal,Normal / Mild Pullback,False,14.807,4.3119,18.5157,9.8881,16.0398,12.6145,14.4051,16.4916,14.6089,2.9068,2.9068,77.93,12.29,ADD_SMALL,小幅分批加仓/维持偏加
2026-03-31,25.25,96.05,647.0621,575.9462,76.8587,64.4044,92.0846,190.4637,99.96,3.28,0.9,4.3,2.0,-0.461,49.7942,,-1.7,-6.2364,-8.984,4.6977,-0.699,-0.7672,20.0,6.0,0.9187,24.0,23.0,1.5802,14.8857,cnn,3,9,2,14,0.9333,2,0,4,6,normal,Normal / Mild Pullback,False,18.7382,3.9472,16.1188,7.6268,11.9322,9.4166,11.7688,12.3824,13.6926,0.7534,0.7534,64.68,10.18,ADD_SMALL,小幅分批加仓/维持偏加
2026-04-01,24.54,90.19,651.9374,583.061,77.047,65.0964,92.3506,191.0789,99.65,3.16,0.87,4.33,2.02,-0.461,49.7942,,-0.79,-5.53,-7.8597,3.9797,-0.8023,-0.83,19.0,5.0,0.891,24.0,22.0,2.3187,15.8571,cnn,3,9,2,14,0.9333,1,0,3,4,normal,Normal / Mild Pullback,False,18.7699,3.765,16.183,7.0844,12.1806,9.6789,11.8801,13.3797,13.9629,0.0901,0.0901,60.07,7.91,ADD_SMALL,小幅分批加仓/维持偏加
2026-04-02,23.87,84.41,652.5245,583.7296,77.2314,65.2447,92.5924,191.6248,100.03,3.17,0.86,4.31,1.97,-0.461,51.4286,,-3.57,-5.4449,-7.754,3.5524,-0.1675,-0.1371,17.0,4.0,0.7149,18.0,15.0,3.2651,18.2857,cnn,3,9,2,14,0.9333,1,0,4,5,normal,Normal / Mild Pullback,False,18.7482,3.6031,16.6101,8.2811,11.9371,9.8836,11.8209,14.1597,14.0085,0.4727,0.4727,59.41,7.89,ADD_SMALL,小幅分批加仓/维持偏加
2026-04-06,24.17,81.68,655.6088,587.2421,77.3673,65.8773,92.7762,192.4485,99.98,3.05,0.85,4.34,1.98,-0.465,51.4286,,-6.88,-4.998,-7.199,4.3451,0.4976,0.5515,-8.0,1.0,1.0001,19.0,18.0,5.0823,21.8571,cnn,3,9,2,14,0.9333,1,0,4,5,normal,Normal / Mild Pullback,False,18.3742,4.1233,16.5416,7.5562,12.8862,8.9661,12.1897,13.469,14.0173,0.044,0.044,58.43,7.48,HOLD,维持
2026-04-07,25.78,83.15,655.8973,587.3319,77.3868,65.9861,92.7859,192.0217,99.64,3.12,0.86,4.33,1.96,-0.465,51.4286,,-4.83,-4.9562,-7.1848,3.1729,-0.079,0.0197,-7.0,1.0,0.4638,21.0,18.0,6.3933,21.5714,cnn,3,9,2,14,0.9333,2,0,4,6,normal,Normal / Mild Pullback,False,18.0337,5.3457,15.1627,6.805,14.3281,9.7919,12.1677,13.2701,14.0308,2.547,2.547,61.58,10.04,HOLD,维持
2026-04-08,21.04,78.74,672.6027,604.7945,77.843,67.9039,93.3276,196.4578,99.13,2.94,0.83,4.29,1.96,-0.465,51.4286,,-4.21,-2.5354,-4.4252,3.0176,0.6733,0.729,-12.0,-1.0,0.3035,14.0,14.0,6.644,29.1714,cnn,3,9,2,14,0.9333,1,0,3,4,normal,Normal / Mild Pullback,False,20.368,3.5399,7.7177,5.207,10.2868,8.5531,10.1308,11.4208,13.2589,0.5103,0.5103,43.16,9.67,HOLD,维持
2026-04-09,19.49,74.01,676.483,608.8857,77.9304,69.0506,93.4146,196.5769,98.82,2.9,0.83,4.29,1.95,-0.465,42.9864,,-5.05,-1.9732,-3.7786,2.5563,1.0135,1.0327,-19.0,-5.0,-0.4132,8.0,10.0,8.9331,33.8,cnn,3,9,2,14,0.9333,0,0,2,2,normal,Normal / Mild Pullback,False,20.4571,3.199,8.3697,4.1976,11.2066,7.5995,10.4203,10.2552,13.3002,-0.0662,-0.0662,30.91,7.77,HOLD,维持
2026-04-10,19.23,72.15,676.0353,609.7638,77.6197,68.151,93.0954,195.1577,98.65,2.94,0.82,4.31,1.95,-0.475,42.9864,,-4.64,-2.038,-3.6399,1.6797,1.2575,1.3625,-23.0,-9.0,-1.0928,4.0,6.0,6.8197,38.0571,cnn,3,9,2,14,0.9333,0,0,2,2,normal,Normal / Mild Pullback,False,19.6144,4.5154,6.3145,5.0746,10.9947,8.5597,10.4085,9.9874,13.3274,0.9772,0.9772,28.66,6.84,HOLD,维持
2026-04-13,19.12,74.42,682.6418,616.0704,77.911,68.5959,93.4243,197.3212,98.37,2.95,0.82,4.3,1.92,-0.475,42.9864,,-5.05,-1.0807,-2.6433,0.8525,1.8299,1.9555,-33.0,-11.0,-1.9829,2.0,0.0,6.4609,40.9714,cnn,3,9,2,14,0.9333,0,0,1,1,normal,Normal / Mild Pullback,False,19.6629,3.2969,9.7979,4.237,10.7529,7.754,10.2092,9.845,13.2962,1.2185,1.2185,22.14,6.9,HOLD,维持
2026-04-14,18.36,74.35,690.9597,627.2563,78.1439,68.497,93.7048,198.1449,98.12,2.84,0.81,4.26,1.89,-0.475,42.9864,,-7.42,0.0,-0.8756,-0.1155,1.813,1.834,-43.0,-13.0,-1.5946,3.0,2.0,5.5114,47.2571,cnn,3,9,2,14,0.9333,0,0,1,1,normal,Normal / Mild Pullback,False,19.7865,1.3853,11.8108,2.4811,10.612,6.2955,9.8663,8.9904,13.1269,0.7891,0.7891,19.14,7.03,HOLD,维持
2026-04-15,18.17,67.94,696.4121,636.0375,78.1051,68.3784,93.6468,198.2144,98.06,2.85,0.8,4.29,1.9,-0.475,42.9864,,-2.87,0.0,0.0,-0.6921,1.3034,1.3682,-37.0,-12.0,-1.5264,9.0,7.0,4.7954,56.2,cnn,3,9,2,14,0.9333,0,0,1,1,normal,Normal / Mild Pullback,False,19.8938,1.6101,12.4992,1.663,10.2237,6.0534,9.7514,7.3092,13.1883,0.2457,0.2457,18.84,7.15,HOLD,维持
2026-04-16,17.94,65.89,698.1234,639.101,77.9983,68.0423,93.55,199.1175,98.22,2.86,0.81,4.32,1.93,-0.475,42.7885,,-1.55,0.0,0.0,-1.0333,1.6873,1.7403,-34.0,-10.0,-1.8683,6.0,7.0,3.9327,61.4857,cnn,3,9,2,14,0.9333,0,0,1,1,normal,Normal / Mild Pullback,False,18.9412,0.9677,13.5064,2.4228,11.0387,6.6286,9.9036,7.4262,13.1947,0.3449,0.3449,18.78,6.1,HOLD,维持
2026-04-17,17.48,65.7,706.5607,647.463,78.2895,69.5647,93.908,201.6184,98.1,2.83,0.8,4.26,1.9,-0.487,42.7885,,-1.75,0.0,0.0,-1.5118,1.7338,1.9056,-44.0,-10.0,-1.1388,1.0,2.0,3.7858,68.5714,cnn,3,9,2,14,0.9333,0,0,1,1,normal,Normal / Mild Pullback,False,19.0718,0.5351,11.7107,1.48,9.6741,4.0879,10.7256,6.5641,13.0146,-0.8534,-0.8534,18.78,6.25,HOLD,维持
2026-04-20,18.87,67.9,705.1478,645.4074,78.2216,69.8316,93.8209,202.2535,98.05,2.87,0.81,4.26,1.91,-0.487,42.7885,,-0.25,-0.2,-0.3175,-0.6161,2.5986,2.7118,-37.0,-7.0,-1.6056,-13.0,-10.0,3.1411,69.9714,cnn,3,9,2,14,0.9333,0,0,1,1,normal,Normal / Mild Pullback,False,17.9798,0.9101,11.3899,1.3108,9.8758,4.2231,10.671,6.1991,13.068,-0.6547,-0.6547,19.33,5.04,HOLD,维持
2026-04-21,19.5,70.78,700.5312,642.9528,78.0177,68.8331,93.5887,201.013,98.41,2.85,0.8,4.3,1.92,-0.487,42.7885,,1.14,-0.8534,-0.6966,-0.0933,1.6614,1.8676,-34.0,-8.0,-0.5457,-4.0,-9.0,1.5731,67.5714,cnn,3,9,2,14,0.9333,0,0,1,1,normal,Normal / Mild Pullback,False,18.2422,1.0808,10.6451,2.7966,9.3154,4.2112,10.6834,5.8409,13.1695,0.6207,0.6207,21.64,5.33,HOLD,维持
2026-04-22,18.92,69.88,707.6253,653.7097,78.1439,68.4575,93.7435,200.9237,98.59,2.84,0.79,4.3,1.92,-0.487,42.7885,,0.75,0.0,0.0,-0.8712,2.1731,2.3254,-35.0,-8.0,-0.8448,-9.0,-14.0,-1.1507,68.4571,cnn,3,9,2,14,0.9333,0,0,1,1,normal,Normal / Mild Pullback,False,18.1828,0.052,7.994,3.1805,10.274,4.2238,10.6956,4.6107,13.0407,-0.3881,-0.3881,19.27,5.27,HOLD,维持
2026-04-23,19.31,67.7,704.8792,650.0275,78.0177,69.1989,93.5791,200.9137,98.8,2.86,0.8,4.34,1.92,-0.487,34.4186,,1.37,-0.3881,-0.5633,0.0622,1.687,1.8038,-31.0,-7.0,-0.8032,1.0,-10.0,0.5089,66.1714,cnn,3,9,2,14,0.9333,0,0,0,0,normal,Normal / Mild Pullback,False,18.4052,1.4412,9.5062,3.2649,10.1247,4.8373,10.4624,5.8942,13.0947,0.4418,0.4418,16.94,5.51,HOLD,维持
2026-04-24,18.71,66.97,710.3415,662.4609,78.1245,68.1016,93.7242,200.4969,98.51,2.86,0.8,4.31,1.89,-0.498,34.4186,,1.23,0.0,0.0,-0.5884,2.4713,2.606,-35.0,-8.0,-1.3914,-11.0,-19.0,-3.4489,65.4,cnn,3,9,2,14,0.9333,0,0,0,0,normal,Normal / Mild Pullback,False,16.5495,0.9399,8.5097,3.3168,10.1903,4.4402,10.2899,4.9578,13.0251,-0.3306,-0.3306,15.8,3.47,HOLD,维持
2026-04-27,18.02,68.42,711.5654,662.8102,78.1536,69.2681,93.7435,200.2588,98.48,2.84,0.81,4.35,1.91,-0.498,34.4186,,-0.85,0.0,0.0,-1.2035,2.7699,2.9415,-58.0,-10.0,-1.6675,-9.0,-22.0,-1.963,66.2857,cnn,3,9,2,14,0.9333,0,0,0,0,normal,Normal / Mild Pullback,False,14.4155,0.3971,9.3852,3.374,10.1706,4.9527,10.4075,3.4833,13.3024,-0.502,-0.502,15.0,1.12,HOLD,维持
2026-04-28,17.83,68.68,708.1029,656.1445,78.0469,69.5647,93.6371,199.2366,98.62,2.85,0.81,4.36,1.92,-0.498,34.4186,,-1.67,-0.4866,-1.0057,-1.303,2.5123,2.7162,-61.0,-12.0,-1.8804,1.0,-12.0,-1.7647,67.4286,cnn,3,9,2,14,0.9333,0,0,0,0,normal,Normal / Mild Pullback,False,14.5568,1.6974,8.9218,3.7221,9.532,5.4476,10.0996,4.095,13.254,-0.0155,-0.0155,16.42,1.28,HOLD,维持
2026-04-29,18.81,74.33,707.9934,660.1559,77.7848,68.24,93.3469,198.8892,98.92,2.82,0.81,4.42,1.96,-0.498,34.4186,,-0.11,-0.502,-0.4005,-1.4773,1.2049,1.3709,-46.0,-9.0,-1.0404,12.0,-4.0,-3.1632,66.2286,cnn,3,9,2,14,0.9333,0,0,0,0,normal,Normal / Mild Pullback,False,11.8601,3.1268,10.7644,4.3186,9.3227,6.0457,10.0907,4.1336,13.2533,0.9036,0.9036,16.24,0.67,HOLD,维持
2026-04-30,16.89,72.07,715.0377,666.3127,78.0274,69.0506,93.6661,201.8962,98.08,2.83,0.81,4.4,1.94,-0.498,39.6887,,-2.42,0.0,0.0,-1.5483,1.2725,1.4245,-33.0,-6.0,-1.5755,7.0,-8.0,-3.2864,69.5143,cnn,3,9,2,14,0.9333,0,0,0,0,normal,Normal / Mild Pullback,False,11.9716,1.7978,11.8112,4.1063,9.0271,5.2626,9.7493,3.3547,13.1187,-0.0904,-0.0904,15.0,0.67,HOLD,维持
2026-05-01,16.99,70.41,717.0177,672.709,78.124,69.0209,93.7605,201.2809,98.21,2.77,0.81,4.39,1.91,-0.505,39.6887,,-1.72,0.0,0.0,-3.4348,1.1558,1.2615,-40.0,-5.0,-1.8195,8.0,-6.0,-3.7274,71.1714,cnn,3,9,2,14,0.9333,0,0,0,0,normal,Normal / Mild Pullback,False,11.9121,2.3548,12.2075,2.5699,12.152,5.2577,9.7492,1.4833,13.5154,-0.3663,-0.3663,15.0,5.14,HOLD,维持
2026-05-04,18.29,77.86,714.391,671.4417,77.8703,68.2004,93.4687,200.1099,98.47,2.78,0.8,4.45,1.95,-0.505,39.6887,,0.27,-0.3663,-0.1884,-4.0132,0.6501,0.7464,-27.0,-5.0,-1.5103,11.0,-3.0,-4.9921,66.8857,cnn,3,9,2,14,0.9333,0,0,0,0,normal,Normal / Mild Pullback,False,12.2808,2.9651,10.2212,2.8746,11.8143,5.7882,9.4826,3.5641,13.8989,0.8022,0.8022,16.05,0.67,HOLD,维持
2026-05-05,17.38,76.78,720.122,680.153,77.9874,69.1198,93.5854,201.6978,98.48,2.77,0.79,4.43,1.96,-0.505,39.6887,,-0.45,0.0,0.0,-3.9696,0.7762,0.8617,-35.0,-7.0,-1.1642,10.0,0.0,-4.5931,67.2571,cnn,3,9,2,14,0.9333,0,0,0,0,normal,Normal / Mild Pullback,False,12.2571,1.991,11.1496,1.3761,12.3072,4.2099,9.8868,3.4796,13.8813,1.0791,0.2294,15.0,0.67,HOLD,维持
2026-05-06,17.39,70.63,730.1313,694.2828,78.2216,69.9008,93.8966,203.2955,98.02,2.75,0.78,4.36,1.94,-0.505,39.6887,,-1.42,0.0,0.0,-4.1324,0.4864,0.6098,-19.0,-5.0,-1.1197,7.0,-2.0,-5.1702,68.7429,cnn,3,9,2,14,0.9333,0,0,0,0,normal,Normal / Mild Pullback,False,10.1681,1.1556,7.4978,1.0111,11.3853,3.1697,8.8985,3.5147,13.8952,-0.3066,-1.1447,15.0,0.67,HOLD,维持
2026-05-07,17.08,72.24,727.8926,693.4545,77.9289,69.1495,93.5659,201.9955,98.25,2.79,0.79,4.41,1.96,-0.505,32.9502,,0.19,-0.3066,-0.1193,-5.0423,-0.0019,0.162,-11.0,-4.0,-0.5768,12.0,1.0,-6.9298,67.2857,cnn,3,9,2,14,0.9333,0,0,0,0,normal,Normal / Mild Pullback,False,10.4589,2.2677,6.5198,1.5227,11.159,0.816,13.215,5.7051,14.3168,0.2939,-0.8406,15.84,0.71,HOLD,维持
2026-05-08,17.19,67.25,733.9022,709.7097,78.2021,69.0506,93.8772,202.5512,97.84,2.81,0.79,4.38,1.93,-0.51,32.9502,,0.2,0.0,0.0,-5.7496,0.7503,0.8398,-13.0,-3.0,-0.8211,7.0,-2.0,-6.6689,67.2857,cnn,3,9,2,14,0.9333,0,0,0,0,normal,Normal / Mild Pullback,False,10.4458,0.2101,12.4495,1.0873,10.6313,0.2169,12.9134,4.6302,14.2473,-0.5274,-1.6526,15.13,1.42,HOLD,维持
2026-05-11,18.38,70.74,735.5737,711.7653,78.046,67.7655,93.6827,202.4421,97.94,2.79,0.78,4.42,1.95,-0.51,32.9502,,0.09,0.0,0.0,-6.236,0.1733,0.2766,-16.0,-4.0,-0.4371,12.0,3.0,-8.3194,66.6286,cnn,3,9,2,14,0.9333,0,1,0,1,normal,Normal / Mild Pullback,False,10.2463,-0.0879,12.349,1.5271,10.9853,-0.3043,12.93,4.2256,14.2518,-0.7534,-1.8761,11.06,11.38,HOLD,维持
2026-05-12,17.99,71.68,734.4594,705.7282,77.9386,67.4491,93.5465,202.2634,98.29,2.82,0.77,4.46,1.99,-0.51,32.9502,,0.61,-0.1515,-0.8482,-7.0731,-0.2627,-0.169,-2.0,-4.0,0.1733,20.0,10.0,-7.3619,65.6857,cnn,3,9,2,14,0.9333,0,0,0,0,normal,Normal / Mild Pullback,False,9.9005,-0.6028,13.2167,1.6635,10.9019,-1.7272,14.0862,5.0221,14.2868,-1.7272,-1.7272,16.03,2.74,HOLD,维持
2026-05-13,17.87,70.24,738.5685,713.1823,77.9777,66.3716,93.5465,201.3802,98.48,2.82,0.76,4.46,1.99,-0.51,32.9502,,0.48,0.0,0.0,-7.686,-0.1631,-0.1071,-3.0,-4.0,0.4283,17.0,9.0,-8.4751,64.9714,cnn,3,9,2,14,0.9333,0,1,0,1,normal,Normal / Mild Pullback,False,9.7853,-0.1428,14.9975,1.6556,10.8941,-0.6129,15.2883,4.4067,14.2539,-2.274,-2.274,11.31,13.07,HOLD,维持
2026-05-14,17.26,69.63,744.399,718.2514,77.9191,66.9647,93.4881,202.1146,98.88,2.76,0.76,4.47,2.0,-0.51,36.6102,,0.18,0.0,0.0,-8.0884,-0.1015,-0.0662,-10.0,-5.0,0.672,15.0,7.0,-7.7017,65.9143,cnn,3,9,2,14,0.9333,0,0,0,0,normal,Normal / Mild Pullback,False,9.9373,-0.7284,13.4895,1.1107,10.3555,-0.8581,15.1376,3.258,14.1972,-3.0394,-3.0394,15.12,3.76,HOLD,维持
2026-05-15,18.43,79.87,735.4444,707.4146,77.5386,66.2036,93.0991,200.0305,99.27,2.8,0.75,4.59,2.1,-0.511,36.6102,,1.24,-1.2029,-1.5088,-7.977,-0.9592,-0.8613,-3.0,-5.0,1.1927,33.0,20.0,-8.5692,63.2286,cnn,3,9,2,14,0.9333,0,1,0,1,normal,Normal / Mild Pullback,False,10.7421,0.8753,9.8264,2.6205,7.2786,2.1186,15.7425,4.777,13.9554,-1.8588,-1.8588,14.98,13.5,HOLD,维持
2026-05-18,17.82,86.07,734.927,704.3712,77.6166,67.1427,93.1477,201.2611,98.97,2.83,0.75,4.61,2.13,-0.511,36.6102,,-0.56,-1.2724,-1.9325,-7.1101,-0.7734,-0.7175,-4.0,-6.0,0.9383,35.0,22.0,-7.7465,62.0857,cnn,3,9,2,14,0.9333,0,0,0,0,normal,Normal / Mild Pullback,False,10.6873,1.6165,10.0498,2.8322,7.0888,1.5813,15.9306,5.5823,14.0089,-1.7898,-1.7898,18.48,2.78,HOLD,维持
2026-05-19,18.06,85.32,730.0317,700.0305,77.4312,66.7868,92.924,200.09,99.3,2.86,0.76,4.67,2.18,-0.511,36.6102,,0.07,-1.93,-2.5368,-6.9595,-0.7518,-0.7103,1.0,-4.0,0.9044,37.0,26.0,-6.8937,59.2571,cnn,3,9,2,14,0.9333,0,0,0,0,normal,Normal / Mild Pullback,False,10.6996,2.2801,6.4213,2.7953,7.2241,0.9854,16.4256,6.0799,13.933,-1.1312,-1.1312,20.18,2.63,HOLD,维持
2026-05-20,17.44,81.53,737.5139,711.6256,77.9289,68.3784,93.4881,202.2833,99.11,2.8,0.75,4.57,2.13,-0.511,36.6102,,-0.43,-0.9249,-0.9225,-6.9593,-0.2752,-0.2724,-4.0,-4.0,0.5274,27.0,21.0,-4.1634,60.5143,cnn,3,9,2,14,0.9333,0,0,0,0,normal,Normal / Mild Pullback,False,10.7119,1.801,4.3238,2.1369,5.985,1.0002,16.4372,4.5073,13.8471,-2.1342,-2.1342,17.36,2.63,HOLD,维持
2026-05-21,16.76,79.72,738.9764,712.9827,77.9679,68.4179,93.5659,203.1566,99.19,2.78,0.75,4.57,2.18,-0.511,43.6123,,-0.5,-0.7284,-0.7335,-6.011,-0.0639,-0.014,-8.0,-5.0,0.3947,23.0,26.0,-5.6906,57.5143,cnn,3,9,2,14,0.9333,0,0,1,1,normal,Normal / Mild Pullback,False,10.4779,1.8527,4.2201,-0.6961,15.4052,0.4831,16.4767,3.5959,13.9296,-2.3279,-2.3279,20.87,1.68,HOLD,维持
2026-05-22,16.7,78.43,741.8818,716.0062,77.9777,68.5761,93.6146,205.0124,99.32,2.74,0.74,4.56,2.16,-0.511,43.6123,,-1.73,-0.3382,-0.3126,-6.5764,-0.188,-0.1169,-12.0,-6.0,0.8222,25.0,27.0,-3.5843,58.2286,cnn,3,9,2,14,0.9333,0,0,1,1,normal,Normal / Mild Pullback,False,10.3049,1.73,4.2611,-0.861,15.2877,-1.364,17.2257,3.4066,13.9159,-2.7104,-2.7104,19.86,2.24,HOLD,维持
2026-05-26,17.01,74.95,746.8068,728.719,78.2411,69.4955,93.9161,206.0644,99.17,2.72,0.74,4.5,2.1,-0.511,43.6123,,-0.81,0.0,0.0,-7.2729,0.112,0.1841,-12.0,-7.0,0.7006,15.0,19.0,-4.4062,59.8286,cnn,3,9,2,14,0.9333,0,0,1,1,normal,Normal / Mild Pullback,False,10.4221,1.1964,3.3143,-1.8039,14.7204,-2.0599,17.0095,1.8618,13.9778,-3.352,-3.352,19.01,2.94,HOLD,维持
2026-05-27,16.29,70.9,746.6774,727.8907,78.1923,68.7837,93.8772,205.9155,99.21,2.71,0.74,4.48,2.09,-0.511,43.6123,,-1.77,-0.0173,-0.1137,-7.0989,0.1864,0.2564,-14.0,-7.0,0.5983,12.0,17.0,-6.2308,60.6286,cnn,3,9,2,14,0.9333,0,0,1,1,normal,Normal / Mild Pullback,False,10.1144,0.5037,7.5397,-3.3353,16.2619,-1.9013,17.0301,2.2963,13.9987,-3.3353,-3.3353,19.09,2.77,HOLD,维持
2026-05-28,15.74,69.74,750.7966,734.0276,78.2899,68.754,93.9744,206.6697,99.02,2.72,0.73,4.45,2.06,-0.511,41.8519,,-1.7,0.0,0.0,-6.9459,0.6495,0.6723,-10.0,-8.0,0.1011,3.0,10.0,-4.9907,60.7143,cnn,3,9,2,14,0.9333,0,0,1,1,normal,Normal / Mild Pullback,False,10.1043,0.33,6.9681,-2.2316,18.8007,-3.145,16.9903,1.4361,13.9737,-3.8656,-3.8656,18.52,2.74,HOLD,维持
2026-05-29,15.32,70.22,752.6671,736.7318,78.368,68.8133,94.1203,207.2453,98.91,2.72,0.73,4.45,2.07,-0.509,41.8519,,-1.44,0.0,0.0,-6.6362,0.4365,0.4849,-11.0,-8.0,0.8462,5.0,13.0,-5.3259,60.4571,cnn,3,9,2,14,0.9333,0,0,1,1,normal,Normal / Mild Pullback,False,9.7608,-2.5024,19.896,-1.9472,19.0608,-1.794,18.1069,1.5074,13.9793,-4.1045,-4.1045,18.52,2.64,HOLD,维持
2026-06-01,16.05,73.33,754.7167,741.1523,78.3082,67.5282,94.045,207.6225,99.2,2.72,0.73,4.47,2.07,-0.509,41.8519,,-0.65,0.0,0.0,-6.1534,0.2357,0.3035,-5.0,-8.0,1.008,8.0,16.0,-7.0498,59.4571,cnn,3,9,2,14,0.9333,0,0,1,1,normal,Normal / Mild Pullback,False,9.7607,-2.547,19.7855,-0.4891,21.3765,-1.298,18.3276,1.2542,13.9698,-4.365,-4.365,18.52,1.82,HOLD,维持
2026-06-02,15.77,73.43,755.7416,744.565,78.367,68.7441,94.0842,208.4462,99.22,2.71,0.74,4.46,2.07,-0.509,41.8519,,-1.24,0.0,0.0,-6.0221,0.6378,0.6585,-7.0,-6.0,0.7617,1.0,12.0,-4.7179,56.9714,cnn,3,9,2,14,0.9333,0,0,1,1,normal,Normal / Mild Pullback,False,9.4936,-2.9648,19.1177,-1.2165,21.5158,-1.5652,18.3134,1.7795,14.0281,-4.4947,-4.4947,18.52,1.8,HOLD,维持
2026-06-03,16.06,73.58,750.4384,742.6193,78.1512,67.1031,93.8788,207.6622,99.53,2.75,0.74,4.49,2.11,-0.509,41.8519,,-0.23,-0.7017,-0.2613,-5.1561,0.21,0.3135,-2.0,-5.0,1.0662,6.0,15.0,-6.8396,54.6286,cnn,3,9,2,14,0.9333,0,0,1,1,normal,Normal / Mild Pullback,False,9.896,-3.8197,20.4048,-1.7607,22.1047,-0.9998,18.1663,2.2661,13.9554,-3.8197,-3.8197,20.15,0.82,HOLD,维持
2026-06-04,15.4,71.16,753.274,739.0269,78.2984,69.1791,94.0255,209.2302,99.41,2.74,0.74,4.47,2.11,-0.509,36.9963,,-0.34,-0.3265,-0.7438,-4.2345,0.0981,0.1372,-1.0,-4.0,1.4181,11.0,17.0,-4.073,54.5714,cnn,3,9,2,14,0.9333,0,0,0,0,normal,Normal / Mild Pullback,False,8.8945,-2.5532,26.3284,-1.113,22.8018,-0.5118,18.4021,1.5766,13.9539,-4.1818,-4.1818,15.98,0.97,HOLD,维持
2026-06-05,21.51,75.2,733.8325,703.5529,77.906,69.3669,93.6148,206.2529,100.07,2.76,0.74,4.55,2.19,-0.509,36.9963,,6.19,-2.899,-5.5082,-2.8978,-0.0293,0.0522,-3.0,-5.0,1.8524,14.0,23.0,-0.4975,41.8571,cnn,3,9,2,14,0.9333,2,0,0,2,normal,Normal / Mild Pullback,False,13.1261,0.5695,18.9995,1.1874,18.1896,1.6387,15.7919,3.5513,12.9169,-1.6433,-1.6433,32.71,6.21,HOLD,维持
2026-06-08,18.92,76.98,735.4941,714.5394,78.0139,69.5548,93.6832,206.0346,100.05,2.75,0.75,4.56,2.21,-0.509,36.9963,,2.87,-2.6792,-4.0326,-3.1922,-0.2406,-0.2066,-6.0,-4.0,2.2588,18.0,28.0,0.5121,39.3714,cnn,3,9,2,14,0.9333,0,0,1,1,normal,Normal / Mild Pullback,False,12.8216,2.1117,22.3451,-0.5073,19.8123,1.0958,15.8411,3.7758,12.9365,-1.8655,-1.8655,27.52,0.67,HOLD,维持
2026-06-09,19.87,77.03,733.3351,706.317,78.0924,70.4247,93.8006,207.6026,99.91,2.78,0.75,4.53,2.2,-0.509,36.9963,,4.1,-2.9648,-5.137,-2.717,0.0595,0.1259,-1.0,-3.0,2.0114,11.0,25.0,4.2414,33.7714,cnn,3,9,2,14,0.9333,0,0,1,1,normal,Normal / Mild Pullback,False,12.8399,1.8018,23.0484,-0.2606,19.7661,2.2518,16.0224,5.1709,13.0685,-1.5766,-1.5766,32.41,0.67,HOLD,维持
2026-06-10,22.22,73.95,721.7736,692.2072,77.9453,70.8201,93.6148,204.9628,99.95,2.8,0.75,4.55,2.21,-0.509,36.9963,,6.16,-4.4947,-7.032,-2.1505,0.0085,0.073,-2.0,-2.0,1.6889,9.0,22.0,6.8432,27.2857,cnn,3,9,2,14,0.9333,2,0,1,3,normal,Normal / Mild Pullback,False,13.99,2.1408,21.337,1.4835,17.7396,4.3374,14.7313,6.4437,12.636,0.7496,0.7496,47.19,6.17,HOLD,维持
2026-06-11,19.44,69.45,734.0415,715.5872,78.4063,71.522,94.1526,208.1584,99.86,2.78,0.75,4.45,2.16,-0.509,47.6636,,4.04,-2.8714,-3.8919,-2.5734,0.5496,0.6479,-4.0,-1.0,1.4013,-1.0,17.0,8.4245,29.6857,cnn,3,9,2,14,0.9333,0,0,2,2,normal,Normal / Mild Pullback,False,15.2165,1.4779,19.3164,-0.9342,15.9221,1.8082,14.0355,4.0898,12.2664,-0.9342,-0.9342,39.12,2.01,HOLD,维持
2026-06-12,17.68,69.36,738.0114,719.7982,78.4063,72.5699,94.1722,210.0439,99.75,2.71,0.74,4.48,2.17,-0.509,47.6636,,-3.83,-2.3461,-3.3264,-2.2984,0.6252,0.7317,-5.0,-2.0,0.8799,1.0,17.0,9.3082,33.5143,cnn,3,9,2,14,0.9333,0,0,2,2,normal,Normal / Mild Pullback,False,15.0646,0.6145,19.5818,0.1562,17.9591,1.6201,13.9721,3.0488,12.274,-1.4671,-1.4671,33.04,1.84,HOLD,维持
2026-06-15,16.2,69.38,751.0255,742.4097,78.5043,71.4034,94.3189,211.2646,99.63,2.66,0.73,4.47,2.15,-0.509,47.6636,,-2.72,-0.624,-0.2895,-3.5967,1.2456,1.3102,-14.0,-2.0,0.3626,-12.0,5.0,5.6167,40.1429,cnn,3,9,2,14,0.9333,0,0,1,1,normal,Normal / Mild Pullback,False,15.691,-2.5648,15.6659,-0.8129,15.8752,0.255,12.5872,0.6561,11.8218,-3.1745,-3.1745,21.62,2.53,HOLD,维持
2026-06-16,16.41,67.28,746.5482,728.2999,78.4945,71.6604,94.2993,210.56,99.54,2.71,0.75,4.43,2.14,-0.509,47.6636,,-3.46,-1.2165,-2.1845,-3.3071,1.1311,1.2363,-12.0,0.0,0.5759,-18.0,1.0,5.0671,39.5143,cnn,3,9,2,14,0.9333,0,0,2,2,normal,Normal / Mild Pullback,False,15.8809,-2.0259,15.9786,-0.353,15.6217,0.3097,12.5536,2.1229,11.8753,-2.5938,-2.5938,26.85,2.74,HOLD,维持
2026-06-17,18.44,70.66,737.2253,720.9656,78.2003,70.3357,93.9375,207.4041,100.09,2.63,0.74,4.49,2.23,-0.509,47.6636,,-3.78,-2.4501,-3.1696,-3.5673,0.9932,1.0906,-23.0,-2.0,0.7956,-18.0,5.0,4.2862,32.9429,cnn,3,9,2,14,0.9333,0,0,2,2,normal,Normal / Mild Pullback,False,16.3726,-0.6435,14.3064,0.7745,14.1063,0.5729,12.2317,2.953,11.6122,-1.362,-1.362,33.53,3.28,HOLD,维持
2026-06-18,16.4,65.39,744.8903,739.0369,78.4749,70.8992,94.2602,208.3668,100.85,2.66,0.74,4.46,2.21,-0.509,39.3519,,-3.04,-1.4359,-0.7425,-4.553,0.7007,0.8258,-14.0,-1.0,1.7556,-11.0,8.0,2.6598,37.3429,cnn,3,9,2,14,0.9333,0,0,1,1,normal,Normal / Mild Pullback,False,16.3843,-2.377,10.1384,0.608,13.8135,-0.6227,11.6503,1.4262,11.4733,-2.377,-2.377,22.88,3.29,HOLD,维持
2026-06-22,17.28,70.02,742.5461,737.1818,78.4063,71.5823,94.1722,208.825,101.02,2.65,0.74,4.51,2.28,-0.511,39.3519,,-0.4,-1.746,-0.9916,-3.9717,0.5622,0.6479,-13.0,-1.0,1.8449,-6.0,10.0,4.1221,33.9429,cnn,3,9,2,14,0.9333,0,0,1,1,normal,Normal / Mild Pullback,False,16.4259,-0.4554,18.3042,0.446,13.9592,0.5226,11.9851,1.2977,11.4922,-2.0688,-2.0688,25.52,3.34,HOLD,维持
2026-06-23,19.49,68.78,731.7629,712.9072,78.3376,72.7059,94.1233,208.1077,101.41,2.71,0.74,4.5,2.29,-0.511,39.3519,,3.29,-3.1729,-4.2519,-3.7421,0.4616,0.5434,-3.0,0.0,2.1043,-6.0,13.0,7.4883,28.4571,cnn,3,9,2,14,0.9333,0,0,1,1,normal,Normal / Mild Pullback,False,17.1727,1.798,14.1684,1.6113,11.4465,1.8853,10.6446,3.9559,11.2874,-0.6257,-0.6257,34.96,4.16,HOLD,维持
2026-06-24,18.63,69.06,731.4237,709.8803,78.318,73.5511,94.0646,209.5921,101.61,2.76,0.75,4.41,2.23,-0.511,39.3519,,2.22,-3.2177,-4.6584,-3.339,0.0982,0.1581,4.0,1.0,2.4604,-9.0,13.0,8.0617,26.4571,cnn,3,9,2,14,0.9333,0,0,1,1,normal,Normal / Mild Pullback,False,16.9577,1.7075,14.3408,2.519,11.861,0.6737,11.6521,4.138,11.2858,-0.5796,-0.5796,35.6,3.92,HOLD,维持
2026-06-25,18.89,67.1,732.4811,715.6343,78.3474,74.3466,94.1526,210.957,101.43,2.78,0.76,4.4,2.19,-0.511,36.1233,,0.45,-3.0778,-3.8856,-2.974,0.1983,0.2934,7.0,2.0,2.2377,-8.0,10.0,10.1823,25.4286,cnn,3,9,2,14,0.9333,0,0,1,1,normal,Normal / Mild Pullback,False,16.9777,1.4272,14.7053,2.8122,11.8773,0.6305,11.6477,5.6,11.6811,-0.7231,-0.7231,34.44,3.94,HOLD,维持
2026-06-26,18.41,66.79,727.1843,705.7846,78.2984,74.7443,94.0939,209.5224,101.36,2.83,0.77,4.38,2.18,-0.514,36.1233,,2.01,-3.7787,-5.2085,-2.1142,0.0108,0.1271,11.0,4.0,2.3632,-7.0,12.0,12.2426,24.6571,cnn,3,9,2,14,0.9333,0,0,2,2,normal,Normal / Mild Pullback,False,16.9412,3.0577,11.9012,2.7682,11.98,1.3855,11.3003,6.3527,11.5591,1.2606,0.0645,40.88,3.9,HOLD,维持
2026-06-29,17.65,68.14,739.1645,723.3263,78.4749,74.3267,94.27,212.2522,101.11,2.8,0.76,4.38,2.16,-0.514,36.1233,,0.37,-2.1935,-2.8525,-2.0275,0.1364,0.159,8.0,3.0,2.2242,-7.0,9.0,9.9851,26.8571,cnn,3,9,2,14,0.9333,0,0,1,1,normal,Normal / Mild Pullback,False,18.0721,0.9055,9.5798,1.4615,9.3411,-0.0189,9.7106,3.8754,11.2299,-0.3806,-1.5573,31.29,5.15,HOLD,维持
2026-06-30,16.45,71.96,744.9202,735.6335,78.4357,74.4261,94.2406,211.9732,101.19,2.75,0.76,4.44,2.2,-0.514,36.1233,,-3.04,-1.4319,-1.1996,-3.1017,0.1628,0.208,3.0,3.0,2.0061,-3.0,13.0,11.6643,29.9714,cnn,3,9,2,14,0.9333,0,0,1,1,normal,Normal / Mild Pullback,False,18.2927,-0.1835,8.3495,1.0766,8.802,-2.318,10.7034,2.9882,11.1347,-2.318,-2.318,27.09,5.39,HOLD,维持
2026-07-01,16.59,68.56,743.9127,724.4151,78.4248,75.7486,94.2809,212.6108,101.39,2.74,0.76,4.48,2.25,-0.514,36.1233,,-2.04,-1.5652,-2.7063,-2.6371,0.0738,0.2092,3.0,2.0,2.1871,2.0,18.0,11.9412,31.6286,cnn,3,9,2,14,0.9333,0,0,1,1,normal,Normal / Mild Pullback,False,18.2797,0.7978,10.2856,0.6651,9.3386,-0.5458,12.4271,3.6882,11.1733,-2.1857,-2.1857,26.99,5.37,HOLD,维持
2026-07-02,16.15,65.4,742.9352,711.8582,78.5431,74.5951,94.3891,214.1052,100.86,2.75,0.75,4.49,2.26,-0.514,42.2727,,-2.74,-1.6945,-4.3927,-1.5622,0.5014,0.5436,0.0,1.0,1.3363,0.0,15.0,12.2876,32.5429,cnn,3,9,2,14,0.9333,0,0,2,2,normal,Normal / Mild Pullback,False,18.1309,1.3655,10.0568,-0.2001,10.7492,0.3021,12.6952,3.0521,11.289,-2.057,-2.057,31.0,5.21,HOLD,维持
2026-07-06,15.57,65.76,749.4191,722.0676,78.7007,75.1321,94.5464,214.1948,100.85,2.72,0.75,4.48,2.24,-0.52,42.2727,,-2.84,-0.8366,-3.0215,-2.1471,0.5139,0.5541,-2.0,1.0,1.4485,1.0,13.0,9.1638,41.6571,cnn,3,9,2,14,0.9333,0,0,1,1,normal,Normal / Mild Pullback,False,18.3672,-0.2809,10.6284,-1.2232,9.5396,0.8505,13.3142,1.9723,11.1684,-2.9044,-2.9044,21.53,5.69,HOLD,维持
2026-07-07,16.13,70.25,745.8579,708.6915,78.5923,74.6449,94.4481,213.9259,101.14,2.67,0.76,4.55,2.3,-0.52,42.2727,,-1.52,-1.3078,-4.818,-1.2967,0.8809,0.8902,-9.0,2.0,1.0693,0.0,11.0,5.8737,39.7714,cnn,3,9,2,14,0.9333,0,0,2,2,normal,Normal / Mild Pullback,False,15.8156,0.551,10.187,0.0762,10.4018,3.159,14.5143,2.2487,11.1294,-2.4408,-2.4408,26.33,2.66,HOLD,维持
2026-07-08,16.9,72.41,743.5536,710.6995,78.4938,72.9247,94.3006,211.4053,101.05,2.7,0.76,4.56,2.31,-0.52,42.2727,,0.45,-1.6127,-4.5484,-1.5111,0.6151,0.659,-5.0,1.0,0.9995,0.0,10.0,3.7085,38.6286,cnn,3,9,2,14,0.9333,0,0,2,2,normal,Normal / Mild Pullback,False,15.8667,1.2624,9.5696,0.2696,10.2815,3.2721,14.4729,2.7485,11.1094,-2.1384,-2.1384,27.82,2.72,HOLD,维持
2026-07-09,15.84,68.89,749.848,722.5272,78.5825,74.2272,94.3989,212.7005,100.94,2.7,0.76,4.54,2.31,-0.52,37.2093,,-0.75,-0.7798,-2.9598,-1.8672,0.6276,0.6379,-8.0,1.0,1.0309,1.0,11.0,3.0784,44.7143,cnn,3,9,2,14,0.9333,0,0,0,0,normal,Normal / Mild Pullback,False,16.0456,-0.1317,9.2206,-1.7999,10.955,2.2416,14.2827,2.6395,11.079,-2.9599,-2.9599,17.75,3.0,HOLD,维持
2026-07-10,15.03,69.55,753.08,724.7548,78.5431,74.5951,94.3301,213.4975,100.97,2.69,0.77,4.56,2.32,-0.526,37.2093,,-1.12,-0.3522,-2.6606,-1.1398,0.767,0.7641,-11.0,2.0,1.0205,1.0,11.0,0.9518,46.8286,cnn,3,9,2,14,0.9333,0,0,0,0,normal,Normal / Mild Pullback,False,14.768,-1.5445,10.2657,-2.122,10.5583,2.4253,14.35,,,-3.3764,,16.71,2.0,HOLD,维持
2026-07-13,17.16,77.77,747.3143,710.9991,78.3559,74.6946,94.1629,213.4277,101.28,2.69,0.78,4.62,2.36,-0.526,37.2093,,1.59,-1.1151,-4.5081,0.3411,-0.0643,0.011,-9.0,3.0,1.422,17.0,20.0,2.581,40.8571,cnn,3,9,2,14,0.9333,0,0,0,0,normal,Normal / Mild Pullback,False,14.0602,-0.945,9.4331,-1.3455,10.1339,3.1849,13.9782,,,-2.6309,,20.06,0.73,HOLD,维持
2026-07-14,16.5,75.03,749.9677,718.9409,78.5135,74.5753,94.3006,212.6507,100.94,2.72,0.79,4.58,2.33,-0.526,37.2093,,0.37,-0.764,-3.4415,-0.5861,0.1368,0.1364,1.0,5.0,1.193,10.0,16.0,1.1251,41.0571,cnn,3,9,2,14,0.9333,0,0,0,0,normal,Normal / Mild Pullback,False,13.9971,-0.4722,11.5359,-1.4591,9.9934,2.4913,14.0565,,,-2.9754,,18.13,0.67,HOLD,维持
2026-07-15,15.67,68.48,752.9403,716.9929,78.6416,75.3508,94.4678,212.1725,100.5,2.71,0.79,4.55,2.32,-0.526,37.2093,,-1.23,-0.3707,-3.7031,-1.2476,0.1749,0.1579,5.0,6.0,0.8732,8.0,17.0,5.26,44.4286,cnn,3,9,2,14,0.9333,0,0,0,0,normal,Normal / Mild Pullback,False,12.5924,-0.9804,10.7081,-3.3585,11.6701,2.3423,14.0285,,,-3.3585,,17.11,0.83,HOLD,维持
2026-07-16,16.73,68.16,748.8604,705.2051,78.6318,77.4787,94.4776,214.2546,100.73,2.71,0.78,4.57,2.35,-0.526,32.8704,,0.89,-0.9105,-5.2863,-0.2499,0.1748,0.1891,0.0,3.0,1.1955,14.0,21.0,7.7855,41.8571,cnn,3,9,2,14,0.9333,0,0,0,0,normal,Normal / Mild Pullback,False,12.5588,-1.6704,13.0315,-1.2028,15.294,3.6179,13.9455,,,-2.8319,,19.43,0.67,HOLD,维持
2026-07-17,18.77,70.88,741.4488,694.6062,78.484,76.2557,94.3793,212.571,100.75,2.73,0.79,4.55,2.31,-0.531,32.8704,,3.74,-1.8912,-6.7098,-0.0861,0.3628,0.4703,10.0,5.0,0.6594,6.0,8.0,7.7992,37.0,cnn,3,9,2,14,0.9333,0,0,1,1,normal,Normal / Mild Pullback,False,12.2418,-0.5866,11.8125,0.5032,14.967,4.4465,13.3304,,,-1.8606,,28.59,0.67,HOLD,维持
2026-07-20,18.65,72.66,740.2518,695.3354,78.5135,75.4602,94.3498,211.6245,100.99,2.69,0.78,4.6,2.35,-0.531,32.8704,,1.49,-2.0496,-6.6119,0.6836,0.0492,0.095,3.0,4.0,0.1388,14.0,14.0,7.1,36.0,cnn,3,9,2,14,0.9333,0,0,1,1,normal,Normal / Mild Pullback,False,11.6582,-0.4043,11.8412,2.0995,16.3677,4.1208,13.4933,,,-1.7019,,27.99,0.67,HOLD,维持
2026-07-21,17.05,74.67,746.4265,708.232,78.484,75.5497,94.3006,211.9632,101.18,2.69,0.78,4.63,2.37,-0.531,32.8704,,0.55,-1.2326,-4.8798,-0.3727,0.0991,0.1364,4.0,4.0,0.1584,12.0,9.0,4.9938,42.7714,cnn,3,9,2,14,0.9333,0,0,0,0,normal,Normal / Mild Pullback,False,11.9928,-0.9916,9.4816,3.0804,18.0081,2.5619,13.6229,,,-2.5151,,19.78,0.67,HOLD,维持
2026-07-22,16.64,76.31,745.5586,704.6157,78.3559,75.1719,94.1531,211.9035,101.14,2.68,0.78,4.67,2.39,-0.531,32.8704,,0.97,-1.3474,-5.3655,0.6968,0.0233,0.0317,-3.0,4.0,-0.2663,17.0,10.0,1.4785,44.4286,cnn,3,9,2,14,0.9333,0,0,0,0,normal,Normal / Mild Pullback,False,10.6692,-2.4016,13.3641,2.9943,18.0674,2.8967,13.5949,,,-2.4016,,20.47,0.67,HOLD,维持
2026-07-23,18.7,80.08,736.3515,691.2397,78.0701,74.7244,93.809,211.1264,101.43,2.77,0.79,4.71,2.43,-0.531,42.3469,,1.97,-2.5657,-7.1619,1.878,-0.3165,-0.2718,1.0,4.0,-0.1771,30.0,20.0,0.9153,40.8571,cnn,3,9,2,14,0.9333,0,0,1,1,normal,Normal / Mild Pullback,False,11.6665,0.4755,18.0861,4.1155,16.2093,3.3081,13.121,,,-1.1813,,28.09,0.67,HOLD,维持
2026-07-24,18.58,76.82,737.0996,683.5178,78.0701,75.3011,93.7991,212.7702,101.47,2.79,0.8,4.69,2.43,-0.537,42.3469,,-0.19,-2.4667,-8.199,2.5916,-0.3539,-0.3755,1.0,4.0,0.0394,29.0,24.0,0.6493,40.7714,cnn,3,9,2,14,0.9333,0,0,1,1,normal,Normal / Mild Pullback,False,11.6622,1.0962,18.621,4.6459,16.145,3.6255,13.1472,,,-1.2816,,26.95,0.67,HOLD,维持
2026-07-27,18.67,77.21,737.2593,681.41,78.1095,75.0923,93.868,214.3742,101.51,2.81,0.81,4.65,2.44,-0.537,42.3469,,0.02,-2.4456,-8.4821,3.5071,-0.2412,-0.2402,-2.0,4.0,0.148,27.0,26.0,-0.9073,38.2286,cnn,3,9,2,14,0.9333,0,0,2,2,normal,Normal / Mild Pullback,False,11.3154,2.5139,20.249,4.5921,16.1856,3.2986,13.2445,,,-1.303,,30.99,0.67,HOLD,维持
2026-07-28,18.21,76.09,739.0248,674.7869,78.2573,76.3551,94.0154,216.8748,101.38,2.84,0.81,4.61,2.41,-0.537,42.3469,,1.16,-2.212,-9.3717,3.9323,-0.2773,-0.27,4.0,5.0,0.267,23.0,25.0,2.7485,37.1429,cnn,3,9,2,14,0.9333,0,0,2,2,normal,Normal / Mild Pullback,False,9.7028,4.1128,21.9215,4.0089,16.626,3.3812,13.2537,,,-1.5387,,32.13,0.67,HOLD,维持
2026-07-29,20.66,74.18,727.6531,661.0411,78.08,75.7486,93.7991,214.9221,100.8,2.87,0.81,4.67,2.41,-0.537,42.3469,,4.02,-3.7167,-11.2178,5.2165,-0.4535,-0.4685,12.0,5.0,-0.3854,23.0,21.0,4.192,25.5571,cnn,3,9,2,14,0.9333,1,0,2,3,normal,Normal / Mild Pullback,False,10.6769,5.5287,13.0911,5.8989,12.7329,5.0201,11.6274,,,1.6766,,46.95,2.67,HOLD,维持
2026-07-30,17.09,77.09,739.8528,682.8384,78.3066,75.4702,94.0646,214.5734,100.01,2.84,0.8,4.68,2.41,-0.537,42.1296,,-1.61,-2.1024,-8.2903,3.5376,-0.1508,-0.2294,10.0,4.0,-1.3611,20.0,16.0,0.1792,38.1143,cnn,3,9,2,14,0.9333,0,0,2,2,normal,Normal / Mild Pullback,False,12.4253,3.6228,14.2874,4.8794,11.2555,3.9653,10.4915,,,0.72,,30.16,0.67,HOLD,维持
2026-07-31,15.99,83.02,745.1796,687.2739,78.3165,75.6292,94.0843,214.2048,99.8,2.85,0.79,4.75,2.47,-0.542,42.1296,,-2.59,-1.3976,-7.6946,2.6297,-0.2885,-0.3229,10.0,4.0,-1.051,26.0,21.0,1.0809,39.5714,cnn,3,9,2,14,0.9333,0,0,2,2,normal,Normal / Mild Pullback,False,12.6927,3.5112,14.3052,3.9235,11.6384,2.9878,10.4024,,,1.4243,,27.6,0.67,HOLD,维持
2026-08-03,15.86,80.48,755.7932,699.3413,78.5283,76.6236,94.3779,216.297,99.96,2.78,0.78,4.7,2.43,-0.542,42.1296,,-2.81,0.0,-6.0738,2.7828,-0.2191,-0.1782,6.0,3.0,-0.8825,22.0,19.0,1.1251,46.1429,cnn,3,9,2,14,0.9333,0,0,1,1,normal,Normal / Mild Pullback,False,13.3207,2.0273,13.3414,1.9798,10.7911,1.238,9.3603,,,0.6507,,20.72,0.74,HOLD,维持
2026-08-04,16.5,77.56,769.4194,723.0965,78.766,77.3992,94.6746,219.4053,99.89,2.73,0.78,4.63,2.4,-0.542,42.1296,,-1.71,0.0,-2.8834,2.7566,0.2209,0.2398,6.0,2.0,-1.2359,8.0,10.0,0.5147,58.9714,cnn,3,9,2,14,0.9333,0,0,1,1,normal,Normal / Mild Pullback,False,14.538,-0.0998,5.8247,-0.503,7.0686,-1.2381,7.1796,,,-1.2381,,19.61,1.26,HOLD,维持
2026-08-05,15.81,73.58,767.8832,716.5533,78.7363,76.902,94.5955,218.9071,99.69,2.75,0.78,4.63,2.41,-0.542,42.1296,,-4.85,-0.1997,-3.7622,3.2923,0.3089,0.3127,5.0,2.0,-1.3459,7.0,10.0,2.1128,60.2286,cnn,3,9,2,14,0.9333,0,0,1,1,normal,Normal / Mild Pullback,False,14.4964,0.3507,5.8253,-0.0948,7.1248,-0.6015,7.376,,,-1.0405,,20.35,1.31,HOLD,维持
2026-08-06,15.15,76.12,766.6562,713.9061,78.6769,76.0568,94.5361,217.7614,99.97,2.71,0.78,4.69,2.43,-0.542,37.963,,-1.94,-0.3591,-4.1177,3.2062,0.1201,0.1453,1.0,2.0,-0.961,15.0,12.0,0.2184,59.6857,cnn,3,9,2,14,0.9333,0,0,0,0,normal,Normal / Mild Pullback,False,14.3079,1.2127,6.7838,-0.7755,8.2643,0.5998,8.2737,,,-0.8822,,17.23,1.43,HOLD,维持
2026-08-07,14.9,72.03,771.3446,722.2774,78.8254,75.7784,94.7339,219.2658,99.6,2.7,0.78,4.65,2.4,-0.548,37.963,,-1.09,0.0,-2.9934,3.2221,0.3594,0.4281,1.0,1.0,-1.3568,9.0,8.0,-0.8192,65.1429,cnn,3,9,2,14,0.9333,0,0,0,0,normal,Normal / Mild Pullback,False,14.375,0.3983,6.4337,-0.9751,7.8465,-0.397,8.1015,,,-1.4846,,16.05,1.63,HOLD,维持
2026-08-10,15.46,75.46,771.1152,720.1196,78.6967,75.5994,94.5757,219.3953,99.81,2.7,0.78,4.72,2.43,-0.548,37.963,,-0.4,-0.0297,-3.2832,4.3475,0.435,0.4383,1.0,0.0,-1.4514,10.0,7.0,-1.9126,64.3714,cnn,3,9,2,14,0.9333,0,0,0,0,normal,Normal / Mild Pullback,False,14.0037,-0.0466,7.5794,-1.2367,7.8943,-0.9146,8.3181,,,-1.4553,,16.21,0.94,HOLD,维持
2026-08-11,15.28,77.92,768.6513,717.7021,78.7264,76.375,94.6152,219.8635,99.82,2.72,0.79,4.7,2.43,-0.548,37.963,,-1.22,-0.3492,-3.6079,5.3494,0.2711,0.3337,0.0,0.0,-1.1096,12.0,10.0,-0.076,60.0857,cnn,3,9,2,14,0.9333,0,0,0,0,normal,Normal / Mild Pullback,False,14.0839,-0.4036,8.8266,-0.6035,8.1002,-1.059,8.3975,,,-1.1394,,17.03,1.12,HOLD,维持
2026-08-12,14.55,72.09,770.5765,722.9467,78.8254,76.9418,94.7735,220.2521,100.01,2.71,0.79,4.68,2.42,-0.548,37.963,,-1.26,-0.0996,-2.9035,5.0892,0.2337,0.3236,0.0,0.0,-0.4876,13.0,10.0,-0.2256,61.6857,cnn,3,9,2,14,0.9333,0,0,0,0,normal,Normal / Mild Pullback,False,14.0564,-0.444,8.735,-0.8298,7.9345,-1.8978,8.5323,,,-1.8978,,16.24,1.45,HOLD,维持
2026-08-13,14.63,69.23,775.9532,731.308,79.0036,77.3097,94.9613,221.8959,99.96,2.71,0.79,4.63,2.39,-0.548,37.8995,,-0.52,0.0,-1.7805,4.4235,0.4729,0.512,0.0,1.0,-0.7644,6.0,4.0,-3.7021,66.1143,cnn,3,9,2,14,0.9333,0,0,0,0,normal,Normal / Mild Pullback,False,13.9712,-1.9643,6.601,-0.8716,7.8206,-1.7471,8.736,,,-2.5775,,15.62,1.35,HOLD,维持
2026-08-14,14.25,69.58,774.417,730.309,78.9244,77.4887,94.8921,221.9357,99.67,2.67,0.8,4.68,2.41,-0.553,37.8995,,-0.65,-0.198,-1.9147,4.5607,0.5612,0.5434,-6.0,1.0,-1.072,13.0,10.0,-2.7091,64.3143,cnn,3,9,2,14,0.9333,0,0,0,0,normal,Normal / Mild Pullback,False,13.3602,-1.368,8.7912,-0.9004,7.8334,-1.9914,8.8219,,,-2.3843,,16.11,1.54,HOLD,维持
2026-08-17,15.19,75.63,770.756,729.1102,78.8254,76.9517,94.7735,219.9632,99.64,2.7,0.81,4.72,2.44,-0.553,37.8995,,-0.27,-0.6698,-2.0757,4.0503,0.3972,0.4491,1.0,3.0,-1.3368,12.0,9.0,-2.0594,59.1429,cnn,3,9,2,14,0.9333,0,0,0,0,normal,Normal / Mild Pullback,False,13.5231,-1.1907,8.6268,-0.7273,7.6409,-1.9776,8.8141,,,-1.9776,,17.2,1.07,HOLD,维持
2026-08-18,15.84,74.98,765.549,716.7631,78.7462,76.4148,94.6647,218.9669,99.65,2.75,0.82,4.71,2.41,-0.553,37.8995,,0.56,-1.3408,-3.734,4.0411,0.3341,0.3861,6.0,4.0,-1.5122,8.0,4.0,-1.3815,54.6286,cnn,3,9,2,14,0.9333,0,0,0,0,normal,Normal / Mild Pullback,False,13.6536,-0.2007,8.3341,-0.7388,7.6667,-1.746,8.6471,,,-1.746,,19.62,0.75,HOLD,维持
2026-08-19,14.89,71.26,767.155,715.3346,78.9244,74.5753,94.8822,221.2384,98.83,2.73,0.81,4.65,2.35,-0.553,37.8995,,0.34,-1.1339,-3.9258,4.3595,0.7256,0.7744,5.0,3.0,-2.284,-2.0,-4.0,-3.5864,56.6286,cnn,3,9,2,14,0.9333,0,0,0,0,normal,Normal / Mild Pullback,False,13.6246,-0.3875,8.0828,-0.5071,7.9908,-0.84,9.6248,,,-1.9517,,19.09,1.22,HOLD,维持
2026-08-20,16.01,73.18,760.711,710.1899,78.7759,74.2869,94.6943,219.4551,98.9,2.75,0.82,4.69,2.35,-0.553,39.9015,,1.38,-1.9643,-4.6168,4.5518,0.904,0.9438,-2.0,3.0,-2.4943,-2.0,-8.0,-3.7689,51.3714,cnn,3,9,2,14,0.9333,0,0,0,0,normal,Normal / Mild Pullback,False,13.1576,1.1146,5.8136,1.386,8.3495,0.1287,9.1586,,,-1.1212,,21.83,0.67,HOLD,维持
2026-08-21,15.13,73.4,763.8232,712.6974,78.8254,74.4361,94.7932,220.8399,98.8,2.7,0.81,4.74,2.4,-0.557,39.9015,,0.88,-1.5632,-4.28,4.8404,0.9674,1.0598,-9.0,1.0,-2.6313,5.0,-3.0,-4.6073,54.6571,cnn,3,9,2,14,0.9333,0,0,0,0,normal,Normal / Mild Pullback,False,13.1829,0.4741,6.2619,0.5838,8.5778,1.2669,10.5843,,,-1.5241,,20.51,1.1,HOLD,维持
2026-08-24,15.85,73.98,761.5788,705.5848,78.9145,74.3366,94.8723,221.0989,99.0,2.69,0.81,4.7,2.38,-0.557,39.9015,,0.66,-1.8525,-5.2353,5.4671,1.0306,1.07,-12.0,0.0,-2.4727,5.0,-6.0,-4.1675,54.9714,cnn,3,9,2,14,0.9333,0,0,0,0,normal,Normal / Mild Pullback,False,13.2808,0.4689,6.282,0.3261,8.9609,1.5496,10.5054,,,-1.2338,,21.34,0.74,HOLD,维持
2026-08-25,15.45,71.92,764.0128,709.9802,79.1323,73.9091,95.1195,220.9395,98.92,2.7,0.81,4.64,2.32,-0.557,39.9015,,-0.39,-1.5388,-4.645,5.0246,1.1181,1.1743,-14.0,0.0,-2.4265,3.0,-9.0,-6.3694,59.6,cnn,3,9,2,14,0.9333,0,0,0,0,normal,Normal / Mild Pullback,False,13.2898,-0.5392,7.8782,-0.4583,9.1231,0.497,10.8328,,,-1.5485,,20.01,0.94,HOLD,维持
2026-08-26,15.21,69.44,764.1824,710.6295,79.1125,74.1576,95.0997,221.2782,99.17,2.67,0.8,4.66,2.34,-0.557,39.9015,,0.32,-1.5169,-4.5578,5.2571,1.3225,1.3866,-20.0,-1.0,-1.6171,-1.0,-7.0,-6.7801,53.9429,cnn,3,9,2,14,0.9333,0,0,0,0,normal,Normal / Mild Pullback,False,11.6866,-0.1201,8.8252,-1.0769,9.5208,0.3923,10.8394,,,-1.5703,,20.14,1.06,HOLD,维持
2026-08-27,14.51,69.86,769.1899,720.3594,79.0828,73.9289,95.0503,220.6207,99.16,2.63,0.79,4.67,2.34,-0.557,44.4444,,-1.5,-0.8716,-3.251,3.9901,0.9913,1.0479,-21.0,-1.0,-0.8499,-1.0,-7.0,-5.7783,57.3143,cnn,3,9,2,14,0.9333,0,0,1,1,normal,Normal / Mild Pullback,False,10.5362,0.2684,10.8908,-0.8832,9.9977,0.2808,10.7602,,,-2.2111,,22.3,1.41,HOLD,维持
2026-08-28,14.43,70.97,767.4443,715.6843,78.9541,73.8792,94.8921,219.8635,99.7,2.6,0.79,4.73,2.42,-0.559,44.4444,,-0.7,-1.0966,-3.8789,3.5295,0.8142,0.8586,-25.0,0.0,-0.1002,-2.0,-5.0,-5.148,53.7429,cnn,3,9,2,14,0.9333,0,0,1,1,normal,Normal / Mild Pullback,False,10.4482,0.1092,11.203,-1.1009,10.1429,-0.239,11.0685,,,-1.9887,,23.01,1.45,HOLD,维持
2026-08-31,14.92,75.32,765.15,716.0139,79.0234,73.1434,94.9811,218.5684,99.43,2.63,0.8,4.75,2.44,-0.559,44.4444,,-0.93,-1.3923,-3.8346,2.8418,0.6304,0.6391,-15.0,2.0,-0.5302,5.0,1.0,-5.7092,49.2,cnn,3,9,2,14,0.9333,0,0,1,1,normal,Normal / Mild Pullback,False,9.397,-0.1421,11.784,-1.2594,10.2577,-0.1242,11.0363,,,-1.6948,,23.65,1.21,HOLD,维持
2026-09-01,16.34,77.88,759.8931,706.9034,78.7496,72.2087,94.6649,216.7751,99.67,2.65,0.81,4.79,2.44,-0.559,44.4444,,0.89,-2.0697,-5.0582,1.4971,-0.0208,-0.0102,-8.0,3.0,-0.2202,16.0,4.0,-5.5365,44.8571,cnn,3,9,2,14,0.9333,0,0,1,1,normal,Normal / Mild Pullback,False,7.1774,0.0814,11.0799,-1.0147,9.9482,0.3602,10.7695,,,-1.0147,,26.15,0.67,HOLD,维持
2026-09-02,15.2,79.71,763.2646,708.5017,78.7596,73.8196,94.6649,217.7814,99.56,2.66,0.81,4.79,2.45,-0.559,44.4444,,-0.01,-1.6352,-4.8435,1.8555,0.0296,0.0734,-9.0,3.0,-0.1304,16.0,4.0,-3.4274,46.0571,cnn,3,9,2,14,0.9333,0,0,1,1,normal,Normal / Mild Pullback,False,7.3736,-0.958,11.0272,-0.3346,11.4749,0.095,10.6716,,,-1.452,,24.54,1.07,HOLD,维持
2026-09-03,14.32,74.68,771.2548,716.9229,78.8591,74.446,94.7544,219.2259,99.0,2.65,0.81,4.77,2.42,-0.559,37.5546,,-0.19,-0.6055,-3.7125,0.4069,0.2317,0.2309,-6.0,3.0,-0.9703,8.0,-1.0,-2.7015,47.5143,cnn,3,9,2,14,0.9333,0,0,0,0,normal,Normal / Mild Pullback,False,8.2784,-1.1485,9.6709,-1.2402,9.8855,-0.2094,10.3284,,,-2.4729,,17.63,1.51,HOLD,维持
2026-09-04,14.53,73.1,768.2822,718.2116,78.8094,74.8437,94.7246,218.1799,99.16,2.68,0.81,4.78,2.43,-0.56,37.5546,,0.1,-0.9886,-3.5394,0.0046,-0.0203,-0.0098,-2.0,3.0,-0.4418,13.0,3.0,-0.8398,45.2286,cnn,3,9,2,14,0.9333,0,0,0,0,normal,Normal / Mild Pullback,False,8.1061,-1.2088,9.742,0.6791,12.7636,,,,,,,18.48,1.4,HOLD,维持
2026-09-08,15.72,76.14,764.0627,717.6122,78.7695,73.8892,94.6649,215.9184,98.84,2.67,0.81,4.8,2.43,-0.56,37.5546,,0.8,-1.5324,-3.6199,-0.3477,0.0926,0.0943,-3.0,3.0,-0.9718,8.0,0.0,-1.3601,39.1429,cnn,3,9,2,14,0.9333,0,0,1,1,normal,Normal / Mild Pullback,False,8.3224,-1.1189,9.5811,1.2194,12.3123,,,,,,,23.63,0.81,HOLD,维持
2026-09-09,16.46,76.74,760.5115,715.5644,78.6302,73.034,94.4959,213.8362,98.77,2.71,0.81,4.83,2.46,-0.56,37.5546,,0.12,-1.99,-3.895,-1.2065,-0.1222,-0.1262,-1.0,2.0,-1.0519,13.0,3.0,-3.3509,38.2,cnn,3,9,2,14,0.9333,0,0,1,1,normal,Normal / Mild Pullback,False,8.4016,-1.0952,9.5447,0.9597,12.7163,,,,,,,24.81,0.67,HOLD,维持
2026-09-10,17.84,82.09,755.9528,707.9523,78.2718,73.392,94.0882,212.3717,99.09,2.7,0.8,4.95,2.55,-0.56,39.3352,,2.64,-2.5775,-4.9173,-0.1312,-0.7023,-0.723,-1.0,1.0,-0.9199,27.0,13.0,-2.7684,32.2,cnn,3,9,2,14,0.9333,0,0,1,1,normal,Normal / Mild Pullback,False,8.5365,0.6294,12.5991,1.4852,12.1754,,,,,,,31.4,0.67,HOLD,维持
2026-09-11,15.84,82.21,762.3968,714.1359,78.2518,73.4815,94.0684,214.0653,99.12,2.65,0.8,4.96,2.6,-0.558,39.3352,,1.52,-1.7471,-4.0868,-0.4486,-0.9516,-0.9403,-6.0,1.0,-0.8403,33.0,21.0,-3.2617,32.6857,cnn,3,9,2,14,0.9333,0,0,1,1,normal,Normal / Mild Pullback,False,8.742,-0.0927,10.9197,1.1743,11.7713,,,,,,,28.28,0.75,HOLD,维持
2026-09-14,17.1,83.9,758.9952,708.4418,78.1822,73.6903,93.949,214.2048,99.46,2.71,0.8,4.97,2.6,-0.558,39.3352,,2.57,-2.1854,-4.8516,0.3167,-0.9405,-0.9938,4.0,0.0,-0.2107,29.0,19.0,-2.9696,31.0,cnn,3,9,2,14,0.9333,0,0,1,1,normal,Normal / Mild Pullback,False,8.8279,1.911,14.5169,0.8715,12.2595,,,,,,,31.13,0.67,HOLD,维持
2026-09-15,17.2,83.71,755.5139,703.8066,78.0328,73.6306,93.7601,213.1588,99.65,2.76,0.8,5.0,2.62,-0.558,39.3352,,1.48,-2.6341,-5.4741,0.8613,-1.0055,-1.0692,6.0,-1.0,0.01,28.0,18.0,-2.3854,27.9714,cnn,3,9,2,14,0.9333,0,0,1,1,normal,Normal / Mild Pullback,False,8.8202,2.3648,13.1819,1.1497,11.9907,,,,,,,33.29,0.67,HOLD,维持
2026-09-16,17.71,80.73,752.1822,703.9864,78.0726,72.3281,93.8496,211.485,100.31,2.7,0.78,5.01,2.68,-0.558,39.3352,,1.25,-3.0635,-5.45,-0.0236,-0.8553,-0.861,-5.0,-4.0,0.6623,30.0,27.0,-3.666,27.3143,cnn,3,9,2,14,0.9333,0,0,1,1,normal,Normal / Mild Pullback,False,8.6543,2.0777,14.4886,1.389,11.7398,,,,,,,34.44,0.67,HOLD,维持
2026-09-17,15.44,76.22,760.711,716.1737,78.3713,72.3281,94.1976,212.5112,100.22,2.7,0.78,4.94,2.61,-0.558,53.3019,,-2.4,-1.9643,-3.8131,-1.77,-0.7008,-0.7215,-3.0,-3.0,1.4065,29.0,26.0,-2.1918,28.2857,cnn,3,9,2,14,0.9333,0,0,3,3,normal,Normal / Mild Pullback,False,9.6396,0.8504,13.2099,0.431,10.3888,,,,,,,39.82,0.95,HOLD,维持
2026-09-18,14.81,80.64,761.69,720.699,78.1822,72.338,94.0087,211.495,100.22,2.68,0.77,5.01,2.68,-0.553,53.3019,,-1.03,-1.8382,-3.2054,-3.1018,-0.7537,-0.7241,-7.0,-5.0,1.3347,32.0,33.0,-2.7486,30.4286,cnn,3,9,2,14,0.9333,0,0,3,3,normal,Normal / Mild Pullback,False,9.1761,1.2682,13.4535,1.0437,10.962,,,,,,,38.15,1.26,HOLD,维持
2026-09-21,14.87,81.2,773.5,741.47,78.3315,71.99,94.1678,212.68,100.43,2.66,0.77,4.96,2.62,-0.553,53.3019,,-2.23,-0.3162,-0.4157,-4.5296,-0.6266,-0.6598,-4.0,-4.0,1.6498,22.0,22.0,-4.496,34.1714,cnn,3,9,2,14,0.9333,0,0,3,3,normal,Normal / Mild Pullback,False,10.6188,-1.02,8.589,,,,,,,,,31.77,1.23,HOLD,维持
2026-09-22,14.21,78.56,773.38,747.46,78.3215,71.19,94.1777,212.8,100.6,2.68,0.77,4.96,2.63,-0.553,53.3019,,-2.99,-0.3316,0.0,-4.5024,-0.7514,-0.7321,-1.0,-4.0,1.6162,26.0,25.0,-5.6943,35.0286,cnn,3,9,2,14,0.9333,0,0,3,3,normal,Normal / Mild Pullback,False,10.5397,-1.187,8.4365,,,,,,,,,31.19,1.56,HOLD,维持
2026-09-23,15.18,95.45,767.81,741.21,77.7541,70.38,93.432,211.31,101.1,2.73,0.77,5.11,2.76,-0.553,53.3019,,-2.53,-1.0494,-0.8362,-4.1581,-1.7417,-1.7741,3.0,-4.0,2.2038,47.0,44.0,-5.2458,32.5429,cnn,3,9,2,14,0.9333,0,0,3,3,normal,Normal / Mild Pullback,False,10.8661,-0.6746,7.2881,,,,,,,,,34.43,1.08,HOLD,维持
2026-09-24,15.67,104.58,767.18,741.1,77.545,70.94,93.1437,210.26,101.29,2.8,0.79,5.18,2.85,-0.553,48.0769,,0.23,-1.1306,-0.8509,-3.6863,-1.9814,-2.0569,13.0,-1.0,2.1377,52.0,51.0,-4.7127,35.7429,cnn,3,9,2,14,0.9333,0,0,2,2,normal,Normal / Mild Pullback,False,10.873,-0.4158,7.634,,,,,,,,,28.54,0.83,HOLD,维持
2026-09-25,14.87,96.0,771.35,744.5,77.5151,71.55,93.0741,211.11,100.97,2.93,0.81,5.17,2.83,-0.548,48.0769,,0.06,-0.5932,-0.396,-4.2378,-1.9824,-2.0791,30.0,2.0,1.8253,50.0,49.0,-3.4889,36.9429,cnn,3,9,2,14,0.9333,0,0,2,2,normal,Normal / Mild Pullback,False,10.7936,-0.2217,8.6911,,,,,,,,,26.43,1.23,HOLD,维持
2026-09-28,16.07,101.82,765.61,736.53,77.1965,70.55,92.6267,209.74,101.2,3.02,0.83,5.24,2.9,-0.548,48.0769,,1.2,-1.333,-1.4623,-4.9401,-2.2261,-2.3874,42.0,4.0,1.5045,51.0,48.0,-4.2775,34.3714,cnn,3,9,2,14,0.9333,0,0,2,2,normal,Normal / Mild Pullback,False,11.0999,,,,,,,,,,,30.58,0.67,HOLD,维持
2026-09-29,16.04,106.6,764.2,737.93,77.0173,69.83,92.3781,209.5,101.37,3.08,0.84,5.26,2.91,-0.548,48.0769,,1.83,-1.5147,-1.275,-4.0836,-2.5386,-2.7406,45.0,4.0,1.9511,51.0,47.0,-4.4113,28.8571,cnn,3,9,2,14,0.9333,0,0,2,2,normal,Normal / Mild Pullback,False,11.0677,,,,,,,,,,,34.36,0.67,HOLD,维持
2026-09-30,16.34,110.45,762.63,739.77,76.868,69.44,92.219,208.02,101.45,3.12,0.84,5.29,2.93,-0.548,48.0769,,1.16,-1.717,-1.0288,-4.8992,-2.3894,-2.5838,47.0,3.0,1.7859,50.0,49.0,-4.1795,30.2571,cnn,3,9,2,14,0.9333,0,0,2,2,normal,Normal / Mild Pullback,False,10.8023,,,,,,,,,,,33.51,0.67,HOLD,维持
2026-10-01,16.39,108.13,763.99,742.03,76.9,69.95,92.3,209.0,102.1,3.24,0.86,5.24,2.88,-0.548,46.4912,,0.72,-1.5417,-0.7265,-3.7823,-2.3611,-2.4982,58.0,5.0,2.5512,45.0,43.0,-5.3319,28.9143,cnn,3,9,2,14,0.9333,0,0,2,2,normal,Normal / Mild Pullback,False,10.7049,,,,,,,,,,,33.03,0.67,HOLD,维持
2026-10-02,15.31,107.29,769.64,749.58,76.91,70.78,92.39,209.73,101.93,3.24,0.86,5.24,2.88,-0.548,46.4912,,0.44,-0.8136,0.0,-3.9322,-2.4717,-2.4953,59.0,5.0,2.9596,47.0,46.0,-4.7249,31.1714,cnn,3,9,2,14,0.9333,0,0,2,2,normal,Normal / Mild Pullback,False,10.3589,,,,,,,,,,,29.75,1.01,HOLD,维持
