date,vix,move,spyClose,qqqClose,hygClose,jnkClose,kreClose,dxyClose,rspClose,hyOas,igOas,tenYYield,realTenY,nfci,aaiiBearish,putCall,vixChange5d,spyDrawdown,qqqDrawdown,rspSpyRel60d,hygRet20d,jnkRet20d,hyOasChange20d,igOasChange20d,dxyChange20d,tenYChange20d,realTenYChange20d,kreRel20d,fearGreed,fearGreedSource,volInputsAvailable,creditInputsAvailable,sentimentInputsAvailable,scoreInputsAvailable,scoreInputCompleteness,volatilityScore,creditScore,sentimentScore,scoreTotal,regime,regimeTitle,overheated,spyRealizedVol20dTrailing,spyRet5dFwd,spyRealizedVol5dFwd,spyRet10dFwd,spyRealizedVol10dFwd,spyRet20dFwd,spyRealizedVol20dFwd,spyRet60dFwd,spyRealizedVol60dFwd,spyMaxDrawdown20dFwd,spyMaxDrawdown60dFwd
2021-09-28,23.25,62.71,405.6594,349.2732,65.9953,79.8165,59.1675,93.77,139.8476,,,1.54,-0.84,-0.654,39.1753,,-1.11,-3.9896,-5.7159,-0.1064,-0.4158,-0.3058,,,1.2088,25.0,24.0,8.5705,12.4667,cnn,3,5,2,10,0.6667,1,0,3,4,normal,Normal / Mild Pullback,False,,-0.1429,18.931,-0.0231,14.2259,5.1277,11.8956,8.2111,14.2267,-1.1713,-1.1713
2021-09-29,22.56,61.21,406.3422,348.7006,66.116,79.9772,59.8126,94.34,140.1513,,,1.55,-0.82,-0.654,39.1753,,1.69,-3.828,-5.8705,0.6395,-0.2562,-0.1232,,,1.8461,25.0,21.0,8.4609,12.4833,cnn,3,5,2,10,0.6667,1,0,3,4,normal,Normal / Mild Pullback,False,,0.1036,19.1719,0.168,14.322,4.4861,12.1473,8.7014,14.2618,-1.3373,-1.3373
2021-09-30,23.14,61.07,401.3757,347.4195,66.0406,79.8823,59.0628,94.25,137.8419,,,1.52,-0.85,-0.654,40.7186,,4.51,-5.0035,-6.2163,0.3208,-0.4551,-0.3463,,,1.947,21.0,18.0,9.197,9.9667,cnn,3,5,2,10,0.6667,1,0,4,5,normal,Normal / Mild Pullback,False,,2.2184,16.0762,3.1132,14.6439,6.7996,11.1265,11.6039,14.2039,-0.1165,-0.1165
2021-10-01,21.1,57.38,406.1458,349.574,66.1988,80.0494,60.4751,94.04,139.7004,,,1.48,-0.9,-0.654,40.7186,,3.35,-3.8745,-5.6347,0.5849,-0.3413,-0.265,,,1.9625,19.0,13.0,10.9704,18.3333,cnn,3,5,2,10,0.6667,1,0,3,4,normal,Normal / Mild Pullback,False,,0.8336,14.9863,2.6782,14.0797,5.7595,10.6647,10.203,14.0598,-1.2896,-1.2896
2021-10-04,22.96,60.61,400.908,342.2368,65.964,79.7782,60.6931,93.81,138.8172,,,1.49,-0.89,-0.654,40.7186,,4.2,-5.1141,-7.6154,0.9016,-0.706,-0.6301,,,1.9231,16.0,12.0,13.1441,9.5,cnn,3,5,2,10,0.6667,1,0,4,5,normal,Normal / Mild Pullback,False,,1.4115,11.6463,4.3276,11.082,7.3255,8.9125,11.7855,13.7272,1.0405,1.0405
2021-10-05,21.3,62.83,405.0795,346.8565,65.9338,79.7122,61.0156,93.98,139.8109,,,1.54,-0.91,-0.654,40.7186,,-1.95,-4.1268,-6.3683,0.6133,-0.4915,-0.4496,,,1.578,16.0,7.0,12.6208,18.7667,cnn,3,5,2,10,0.6667,1,0,3,4,normal,Normal / Mild Pullback,False,,0.12,9.825,4.0499,10.7459,6.6497,8.5463,10.3285,13.6435,0.12,0.12
2021-10-06,21.0,60.65,406.7631,349.0792,65.8959,79.6682,60.8238,94.27,140.004,,,1.53,-0.9,-0.654,40.7186,,-1.56,-3.7284,-5.7683,0.9465,-0.6618,-0.6133,,,1.7485,18.0,13.0,13.1121,20.0667,cnn,3,5,2,10,0.6667,1,0,3,4,normal,Normal / Mild Pullback,False,,0.0644,9.6926,4.0262,10.7454,6.8567,8.6018,9.595,13.6596,-0.2943,-0.2943
2021-10-07,19.54,60.91,410.2798,352.282,65.9035,79.6389,61.373,94.22,141.1909,,,1.58,-0.88,-0.654,36.7925,,-3.6,-2.896,-4.9037,1.2277,-0.7408,-0.7223,,,1.8815,28.0,20.0,12.1981,24.6,cnn,3,5,2,10,0.6667,0,0,2,2,normal,Normal / Mild Pullback,False,,0.8754,14.5957,3.4035,10.4344,6.4401,8.3922,9.2847,13.6091,-1.149,-1.149
2021-10-08,18.77,59.65,409.5315,350.5253,65.7066,79.4996,61.6433,94.07,140.8597,,,1.61,-0.89,-0.652,36.7925,,-2.33,-3.0732,-5.3779,1.0973,-0.8909,-0.7965,,,1.6094,26.0,16.0,13.3642,25.2667,cnn,3,5,2,10,0.6667,0,0,1,1,normal,Normal / Mild Pullback,False,,1.8293,14.6752,3.4851,10.3319,7.0045,8.1862,9.4477,13.597,-0.9684,-0.9684
2021-10-11,20.0,59.65,406.5667,347.8369,65.5021,79.2211,60.9284,94.32,140.0868,,,1.61,-0.89,-0.652,36.7925,,-2.96,-3.7749,-6.1037,1.2352,-1.4462,-1.3778,,,1.8355,28.0,15.0,11.8191,25.9,cnn,3,5,2,10,0.6667,0,0,1,1,normal,Normal / Mild Pullback,False,,2.8756,11.3024,4.7988,8.4451,7.8769,7.2374,8.1289,14.1469,-0.2462,-0.2462
2021-10-12,19.85,62.95,405.5658,346.6237,65.6233,79.3677,60.8936,94.52,140.1237,,,1.59,-0.9,-0.652,36.7925,,-1.45,-4.0117,-6.4311,1.8544,-1.2189,-1.0874,,,2.0183,31.0,15.0,14.0312,22.7,cnn,3,5,2,10,0.6667,0,0,2,2,normal,Normal / Mild Pullback,False,,3.9251,8.6966,5.152,7.7908,7.7856,7.3399,8.2939,14.133,0.3598,0.3598
2021-10-13,18.64,60.84,407.025,349.3994,65.7974,79.5509,60.5536,94.08,140.3537,,,1.56,-0.96,-0.652,36.7925,,-2.36,-3.6664,-5.6819,1.1938,-1.1029,-1.0931,,,1.7191,25.0,8.0,12.0956,24.1,cnn,3,5,2,10,0.6667,0,0,2,2,normal,Normal / Mild Pullback,False,,3.9593,8.6014,4.3108,9.1321,6.5352,8.4568,7.4791,14.166,1.6821,1.6821
2021-10-14,16.86,59.35,413.8713,355.8342,66.1685,79.9908,61.4602,93.96,142.7642,,,1.52,-1.0,-0.652,31.7536,,-2.68,-2.046,-3.9448,1.0342,-0.5112,-0.5101,,,1.1846,18.0,1.0,11.9774,31.8333,cnn,3,5,2,10,0.6667,0,0,1,1,normal,Normal / Mild Pullback,False,,2.5062,3.9664,3.5751,6.8287,4.8068,6.8255,5.5696,13.8011,0.7616,0.7616
2021-10-15,16.3,62.7,417.0233,358.0762,66.0549,79.8295,61.3905,93.94,143.2518,,,1.59,-0.97,-0.646,31.7536,,-2.47,-1.3,-3.3396,1.1051,-0.5579,-0.6023,,,0.794,22.0,-1.0,9.7858,43.6333,cnn,3,5,2,10,0.6667,0,0,0,0,normal,Normal / Mild Pullback,False,,1.626,4.9567,3.0009,6.4603,4.7996,6.8186,5.726,13.835,0.2961,0.2961
2021-10-18,16.31,70.77,418.2579,361.6769,66.0247,79.7928,61.5387,93.95,143.307,,,1.59,-0.95,-0.646,31.7536,,-3.69,-1.0078,-2.3676,1.0436,-0.2521,-0.3125,,,0.7615,28.0,3.0,10.6496,46.5667,cnn,3,5,2,10,0.6667,0,0,0,0,normal,Normal / Mild Pullback,False,,1.8695,5.1614,2.8735,6.4902,4.5261,6.8505,5.6989,13.8335,0.7715,0.7402
2021-10-19,15.7,68.25,421.4847,364.414,66.0701,79.8515,61.591,93.79,144.1443,,,1.65,-0.89,-0.646,31.7536,,-4.15,-0.2441,-1.6288,0.8177,-0.3539,-0.4029,,,0.6331,32.0,7.0,10.023,53.4,cnn,3,5,2,10,0.6667,0,0,0,0,normal,Normal / Mild Pullback,False,,1.1805,3.9762,2.4987,5.9633,4.1363,6.5776,3.4444,14.0867,0.3928,-0.0311
2021-10-20,15.49,65.47,423.1402,363.9384,66.0928,79.9101,63.2038,93.56,145.2483,,,1.65,-0.92,-0.646,31.7536,,-3.15,0.0,-1.7572,0.9103,-0.5009,-0.4929,,,0.107,33.0,4.0,11.6619,56.5667,cnn,3,5,2,10,0.6667,0,0,0,0,normal,Normal / Mild Pullback,False,,0.3382,5.8709,2.721,6.2053,3.4769,6.72,3.0819,14.0694,0.1569,-0.4222
2021-10-21,15.01,69.42,424.2438,366.1609,65.9262,79.6975,62.7853,93.77,145.4231,,,1.68,-0.96,-0.646,27.7512,,-1.85,0.0,-1.1572,0.6746,-0.7968,-0.7756,,,0.7197,27.0,-6.0,7.8754,60.2,cnn,3,5,2,10,0.6667,0,0,0,0,normal,Normal / Mild Pullback,False,,1.0428,8.7271,2.9366,6.2865,3.5583,6.7397,0.9929,14.5561,-0.1036,-0.6812
2021-10-22,15.43,72.04,423.8042,363.0842,65.7672,79.5216,63.4479,93.61,145.8372,,,1.66,-0.98,-0.636,27.7512,,-0.87,-0.1036,-1.9877,0.7295,-0.8897,-0.8865,,,0.3,19.0,-11.0,8.1789,59.5,cnn,3,5,2,10,0.6667,0,0,0,0,normal,Normal / Mild Pullback,False,,1.3528,8.2995,3.4009,5.8921,3.4803,6.7861,0.0479,14.7159,0.181,-0.5782
2021-10-25,15.24,68.96,426.077,366.8014,65.8808,79.6462,63.692,93.81,146.1684,,,1.64,-1.02,-0.636,27.7512,,-1.07,0.0,-0.9843,0.2069,-0.6281,-0.6498,,,0.4605,16.0,-15.0,3.8162,62.9667,cnn,3,5,2,10,0.6667,0,0,0,0,normal,Normal / Mild Pullback,False,,0.9856,7.9594,2.9371,5.8961,2.6386,6.8246,-1.5872,14.8474,-0.3534,-1.5872
2021-10-26,15.98,66.7,426.4605,367.9565,65.8959,79.6682,63.1428,93.95,145.8832,,,1.63,-1.06,-0.636,27.7512,,0.28,0.0,-0.6725,-0.1378,-0.1506,-0.1858,,,0.192,9.0,-22.0,1.5134,63.0333,cnn,3,5,2,10,0.6667,0,0,0,0,normal,Normal / Mild Pullback,False,11.9065,1.3027,8.0069,2.5046,6.6284,2.6823,6.8229,-3.6059,15.376,-0.443,-3.6059
2021-10-27,16.98,70.06,424.5712,368.8105,65.8429,79.5803,60.9459,93.86,143.9418,,,1.54,-1.11,-0.636,29.4372,,1.49,-0.443,-0.442,-1.0538,-0.4131,-0.4963,,,-0.5088,-1.0,-29.0,-2.4801,58.3333,cnn,3,5,2,10,0.6667,0,0,0,0,normal,Normal / Mild Pullback,False,12.1592,2.3748,5.1703,2.1324,7.8327,3.4146,6.4846,-2.7657,15.3865,0.9649,-3.1769
2021-10-28,16.53,71.96,428.6678,372.9063,66.0095,79.7709,62.0269,93.35,145.4047,,,1.57,-1.0,-0.636,29.4372,,1.52,0.0,0.0,-0.5524,-0.047,-0.1395,,,-0.9549,5.0,-15.0,-1.6678,64.4,cnn,3,5,2,10,0.6667,0,0,0,0,normal,Normal / Mild Pullback,False,11.1491,1.8742,2.92,1.1891,6.6419,0.1418,10.2353,-4.8707,15.4285,0.1418,-4.8707
2021-10-29,16.26,75.45,429.5376,374.7406,65.8353,79.6242,61.8177,94.12,145.1471,,,1.55,-0.96,-0.622,29.4372,,0.83,0.0,0.0,-1.0494,-0.5491,-0.5311,,,0.0851,7.0,-6.0,-3.3467,65.4333,cnn,3,5,2,10,0.6667,0,0,0,0,normal,Normal / Mild Pullback,False,10.684,2.0207,2.5521,1.7463,7.3697,1.165,11.093,-5.3016,15.4206,-0.061,-5.3016
2021-11-01,16.41,78.34,430.2766,376.0217,65.7647,79.5279,63.8576,93.88,146.3064,,,1.58,-0.92,-0.622,29.4372,,1.17,0.0,0.0,-0.6737,-0.3022,-0.3137,,,0.0746,9.0,-3.0,-1.9674,66.1333,cnn,3,5,2,10,0.6667,0,0,0,0,normal,Normal / Mild Pullback,False,8.9504,1.9324,3.0627,1.6064,7.4027,-0.9738,13.1957,-5.931,15.4326,-0.9738,-5.931
2021-11-02,16.03,71.04,432.0162,377.594,65.9242,79.6603,63.6484,94.09,146.7113,,,1.56,-0.95,-0.622,29.4372,,0.05,0.0,0.0,-0.655,-0.0145,-0.0651,,,0.117,2.0,-4.0,-2.1892,68.2667,cnn,3,5,2,10,0.6667,0,0,0,0,normal,Normal / Mild Pullback,False,8.5821,1.1864,5.8873,1.5977,7.395,-2.4681,13.6017,-3.983,16.2684,-2.4681,-6.3098
2021-11-03,15.1,71.22,434.6537,381.6024,66.0534,79.8515,65.4007,93.86,147.5761,,,1.6,-0.93,-0.622,29.4372,,-1.88,0.0,0.0,-1.0159,0.239,0.2301,,,-0.4349,7.0,-3.0,0.6251,72.2,cnn,3,5,2,10,0.6667,0,0,0,0,normal,Normal / Mild Pullback,False,8.6374,-0.2367,8.3213,0.7359,7.1763,-1.5751,14.6016,-2.8467,16.6514,-3.0599,-6.8783
2021-11-04,15.44,64.61,436.7021,386.494,66.2281,80.0428,64.3458,94.35,147.2724,,,1.53,-1.03,-0.622,26.0,,-1.09,0.0,0.0,-2.0664,0.4926,0.5072,,,0.138,-5.0,-15.0,-1.4997,72.4333,cnn,3,5,2,10,0.6667,0,0,0,0,normal,Normal / Mild Pullback,False,8.427,-0.6725,7.0961,0.604,7.0013,-2.8892,14.7098,-2.649,16.6836,-3.5146,-7.3151
2021-11-05,16.48,66.9,438.2173,386.8628,66.4788,80.4033,65.0258,94.32,148.3949,,,1.45,-1.09,-0.604,26.0,,0.22,0.0,0.0,-1.3156,1.1753,1.1367,,,0.2658,-16.0,-20.0,-1.418,73.6,cnn,3,5,2,10,0.6667,0,0,0,0,normal,Normal / Mild Pullback,False,8.2205,-0.2689,9.1232,0.0768,6.896,-2.0788,15.3605,-2.0433,16.7938,-3.8482,-7.6356
2021-11-08,17.22,70.97,438.5913,386.3387,66.3952,80.3223,65.1043,94.05,148.6157,,,1.51,-1.11,-0.604,26.0,,0.81,0.0,-0.1355,-1.0606,1.3635,1.3901,,,-0.2863,-10.0,-22.0,-0.9485,74.5333,cnn,3,5,2,10,0.6667,0,0,0,0,normal,Normal / Mild Pullback,False,7.2788,-0.3199,9.0812,-0.29,7.0255,-0.1386,17.1569,-4.4273,17.4645,-3.9302,-7.7144
2021-11-09,17.78,73.02,437.1416,383.6795,66.4484,80.3812,64.8776,93.96,148.5973,,,1.46,-1.17,-0.604,26.0,,1.75,-0.3305,-0.8229,-0.5431,1.2574,1.277,,,-0.5925,-13.0,-27.0,-1.1532,77.1714,cnn,3,5,2,10,0.6667,0,0,0,0,normal,Normal / Mild Pullback,False,7.3806,0.4065,9.1984,0.1733,6.8507,0.4579,17.1379,-3.6595,17.4915,-3.6116,-7.4083
2021-11-10,18.73,78.31,433.6249,378.0405,66.0762,79.9692,64.7032,94.85,147.6497,,,1.56,-1.14,-0.604,26.0,,3.63,-1.1324,-2.2805,-0.278,0.4236,0.5259,,,0.8184,0.0,-18.0,0.2982,73.0857,cnn,3,5,2,10,0.6667,0,0,0,0,normal,Normal / Mild Pullback,False,8.4895,0.9749,6.1195,1.2553,5.1362,0.5889,17.0602,-3.1898,17.4312,-2.8299,-6.6574
2021-11-11,17.66,78.31,433.7652,379.0886,65.9622,79.8442,65.2699,95.18,148.0085,,,1.56,-1.14,-0.604,24.0,,2.22,-1.1004,-2.0095,-0.132,-0.3118,-0.1832,,,1.2984,4.0,-14.0,1.328,72.2286,cnn,3,5,2,10,0.6667,0,0,0,0,normal,Normal / Mild Pullback,False,6.8329,1.2851,5.995,-1.035,13.0434,1.5029,17.3618,-2.4249,17.5223,-2.8613,-6.6876
2021-11-12,16.29,78.61,437.0388,383.0776,65.985,79.8442,65.0258,95.13,148.7261,,,1.58,-1.15,-0.585,24.0,,-0.19,-0.354,-0.9784,-0.0225,-0.1059,0.0184,,,1.2668,-1.0,-18.0,1.0706,74.0,cnn,3,5,2,10,0.6667,0,0,0,0,normal,Normal / Mild Pullback,False,6.8259,0.3467,4.6239,-0.5714,14.0725,-0.1498,17.4899,-1.7383,17.7156,-3.5889,-7.3865
2021-11-15,16.49,81.59,437.1884,382.9903,65.909,79.7486,65.2699,95.41,148.9837,,,1.63,-1.13,-0.585,24.0,,-0.73,-0.3199,-1.001,0.1893,-0.1751,-0.0555,,,1.554,4.0,-18.0,1.4706,71.6286,cnn,3,5,2,10,0.6667,0,0,0,0,normal,Normal / Mild Pullback,False,6.8583,0.0299,5.2737,-2.5394,16.9855,-0.8707,17.6553,-3.5367,18.0879,-3.6219,-7.4182
2021-11-16,16.37,81.58,438.9187,385.7176,65.9394,79.7706,65.2437,95.92,149.1769,,,1.63,-1.1,-0.585,24.0,,-1.41,0.0,-0.296,0.0525,-0.1978,-0.1012,,,2.271,-2.0,-21.0,1.7231,72.4857,cnn,3,5,2,10,0.6667,0,0,0,0,normal,Normal / Mild Pullback,False,6.5835,-0.2323,4.2917,-4.0019,17.0555,0.2813,18.4926,-5.8116,18.4883,-4.0019,-7.7832
2021-11-17,17.11,81.58,437.8525,385.9213,65.871,79.6529,64.6858,95.83,148.3857,,,1.6,-1.1,-0.585,24.0,,-1.62,-0.2429,-0.2434,-0.4832,-0.3356,-0.3218,,,2.4263,-5.0,-18.0,-1.0941,69.2,cnn,3,5,2,10,0.6667,0,0,0,0,normal,Normal / Mild Pullback,False,6.7265,0.2777,4.3455,-2.2942,19.6354,-0.361,18.7501,-5.8909,18.4919,-3.7681,-7.5586
2021-11-18,17.59,74.51,439.3396,389.92,65.8178,79.5647,64.5463,95.54,147.8429,,,1.59,-1.14,-0.585,27.2321,,-0.07,0.0,0.0,-1.4961,-0.1644,-0.1668,,,1.8876,-9.0,-18.0,-0.7276,70.1429,cnn,3,5,2,10,0.6667,0,0,0,0,normal,Normal / Mild Pullback,False,6.7461,-2.2907,16.2932,-3.4722,19.5916,-1.7551,19.0587,-4.6969,18.7981,-4.0938,-7.8715
2021-11-19,17.91,73.39,438.554,392.094,65.7647,79.5058,64.0581,96.07,146.886,,,1.54,-1.11,-0.567,27.2321,,1.62,-0.1788,0.0,-1.8639,-0.0038,-0.0199,,,2.6279,-12.0,-13.0,-2.4338,62.7714,cnn,3,5,2,10,0.6667,0,0,0,0,normal,Normal / Mild Pullback,False,6.7925,-0.9149,20.3498,-2.154,21.058,-2.6257,19.3739,-4.4192,18.801,-3.922,-7.7065
2021-11-22,19.17,79.21,437.3194,387.5422,65.5139,79.2115,64.7468,96.5,147.116,,,1.63,-0.98,-0.567,27.2321,,2.68,-0.4598,-1.1609,-1.6059,-0.5568,-0.5458,,,2.8675,-1.0,4.0,-0.9572,60.0,cnn,3,5,2,10,0.6667,0,0,0,0,normal,Normal / Mild Pullback,False,6.8311,-2.5686,24.0349,0.1518,23.9122,-0.6166,20.4899,-6.1968,19.2768,-3.6508,-7.4459
2021-11-23,19.38,80.57,437.8993,385.7758,65.4227,79.1012,65.7755,96.49,147.7233,,,1.67,-0.95,-0.567,27.2321,,3.01,-0.3278,-1.6114,-0.7509,-0.718,-0.7117,,,2.7036,4.0,11.0,1.4484,60.3714,cnn,3,5,2,10,0.6667,0,0,0,0,normal,Normal / Mild Pullback,False,6.8294,-3.7784,23.5279,0.2841,23.9395,0.2441,20.8073,-6.9276,19.302,-3.7784,-7.5685
2021-11-24,18.58,83.15,439.0684,387.0182,65.4076,79.0644,65.6099,96.84,147.7968,,,1.64,-0.97,-0.567,35.7143,,1.47,-0.0617,-1.2946,-1.0936,-0.6612,-0.6482,,,3.1749,10.0,14.0,4.0982,56.9429,cnn,3,5,2,10,0.6667,0,1,0,1,normal,Normal / Mild Pullback,False,6.4914,-2.5648,28.2224,-0.6582,24.1446,0.5993,20.9024,-8.1716,19.3838,-4.0346,-8.1716
2021-11-26,28.62,89.45,429.2757,379.6807,64.9365,78.4612,62.3233,96.09,143.9511,,,1.48,-1.07,-0.552,35.7143,,11.03,-2.2907,-3.1659,-1.4362,-1.6255,-1.6417,,,2.9352,-9.0,-7.0,0.3356,31.2571,cnn,3,5,2,10,0.6667,4,0,1,5,normal,Normal / Mild Pullback,False,10.1638,-1.2092,24.3005,2.5644,21.1745,4.3503,19.5917,-7.7429,19.1894,-1.8454,-7.7429
2021-11-29,22.96,89.41,434.5415,387.9207,65.3392,78.9394,62.454,96.34,145.1563,,,1.52,-1.02,-0.552,35.7143,,5.05,-1.0921,-1.0644,-2.1766,-0.7536,-0.8601,,,2.3587,-3.0,-6.0,-0.134,38.1143,cnn,3,5,2,10,0.6667,2,0,1,3,normal,Normal / Mild Pullback,False,11.0351,-1.2505,24.1432,0.424,21.1271,3.0016,19.2467,-7.4893,19.2801,-3.0349,-8.8609
2021-11-30,27.19,84.04,426.0863,382.2236,65.0657,78.5863,60.8587,95.99,141.3105,,,1.43,-1.07,-0.552,35.7143,,8.02,-3.0166,-2.5174,-2.5865,-1.0629,-1.1841,,,2.2476,-15.0,-15.0,-3.759,24.7714,cnn,3,5,2,10,0.6667,3,0,2,5,normal,Normal / Mild Pullback,False,13.1151,2.7922,22.9809,1.7122,18.5479,5.1799,17.5593,-3.5719,19.4665,-1.1107,-7.0523
2021-12-01,31.12,82.97,421.3537,375.7208,65.0748,78.6623,60.0567,96.05,139.5532,,,1.43,-1.01,-0.552,35.7143,,11.74,-4.0938,-4.1758,-2.249,-1.2884,-1.2527,,,2.0831,-13.0,-6.0,-3.2553,25.3571,cnn,3,5,2,10,0.6667,4,0,1,5,normal,Normal / Mild Pullback,False,13.5219,4.222,18.2764,4.4617,18.1967,6.0672,16.9323,-2.7383,19.3466,0.6482,-6.0083
2021-12-02,27.95,82.55,427.8073,378.4287,65.5551,79.2086,62.0966,96.13,142.9298,,,1.44,-1.03,-0.552,42.381,,9.37,-2.6249,-3.4852,-1.4509,-0.7544,-0.8051,,,2.4185,-16.0,-10.0,-3.5325,22.9286,cnn,3,5,2,10,0.6667,3,0,3,6,normal,Normal / Mild Pullback,False,14.5402,1.9567,19.635,1.9786,18.1933,4.2039,16.3911,-5.6645,19.3031,-0.8701,-7.4262
2021-12-03,30.67,79.14,424.0848,371.8483,65.5551,79.2012,60.4054,96.12,142.1478,,,1.35,-1.08,-0.541,42.381,,2.05,-3.4722,-5.1635,-1.2735,-1.0163,-1.0514,,,1.876,-18.0,-5.0,-3.3309,20.1571,cnn,3,5,2,10,0.6667,2,0,3,5,normal,Normal / Mild Pullback,False,14.6506,3.8199,16.2163,1.7788,18.5395,5.7272,15.9259,-3.0858,19.6282,0.6966,-6.6136
2021-12-06,27.18,87.89,429.1074,374.8279,65.8447,79.4966,61.9571,96.29,144.2547,,,1.43,-1.01,-0.541,42.381,,4.22,-2.329,-4.4036,-1.113,-0.9539,-1.1277,,,2.0886,-2.0,8.0,-2.6963,21.2571,cnn,3,5,2,10,0.6667,2,0,3,5,normal,Normal / Mild Pullback,False,15.3083,1.6958,19.1559,-0.4821,18.5728,4.4547,15.596,-4.697,19.4797,-0.4821,-7.7067
2021-12-07,21.89,88.14,437.9834,386.1154,66.1954,79.9838,62.1402,96.37,146.6928,,,1.48,-0.99,-0.541,42.381,,-5.3,-0.3087,-1.5248,-1.5024,-0.301,-0.4215,,,2.4668,-3.0,12.0,-4.4203,37.8857,cnn,3,5,2,10,0.6667,1,0,2,3,normal,Normal / Mild Pullback,False,17.137,-1.0507,12.4286,-0.7673,17.7013,0.3728,15.8116,-7.387,19.0224,-2.4988,-9.5771
2021-12-08,19.9,80.29,439.1432,387.843,66.1801,79.9986,62.0182,95.89,147.07,,,1.52,-1.0,-0.541,42.381,,-11.22,-0.0447,-1.0842,-1.3387,-0.4038,-0.476,,,2.0541,6.0,17.0,-4.8431,41.3143,cnn,3,5,2,10,0.6667,0,0,1,1,normal,Normal / Mild Pullback,False,17.1156,0.23,17.7454,-0.0398,18.4594,0.0136,15.7888,-10.3545,19.8868,-2.7564,-10.3545
2021-12-09,21.58,79.54,436.1783,382.1362,65.8828,79.6073,61.3294,96.27,146.0212,,,1.49,-0.98,-0.541,30.5221,,-6.37,-0.7195,-2.5397,-1.427,-0.2926,-0.4526,,,1.4971,-7.0,16.0,-5.7691,36.8571,cnn,3,5,2,10,0.6667,1,0,1,2,normal,Normal / Mild Pullback,False,17.0381,0.0214,18.3323,1.2658,18.2825,0.2954,15.6596,-10.4294,19.8964,-2.0954,-10.4294
2021-12-10,18.69,74.36,440.2842,386.2902,66.0353,79.7845,61.4689,96.05,146.9688,,,1.48,-0.96,-0.539,30.5221,,-11.98,0.0,-1.4802,-1.684,0.1108,-0.0748,,,0.9141,-8.0,18.0,-7.2178,42.0,cnn,3,5,2,10,0.6667,0,0,0,0,normal,Normal / Mild Pullback,False,17.3392,-1.9659,17.4135,1.7413,19.0014,-0.7636,15.2792,-8.8856,20.6031,-3.0084,-11.2647
2021-12-13,20.31,76.41,436.3841,380.7095,66.0353,79.7993,59.9346,96.32,145.9015,,,1.42,-0.98,-0.539,30.5221,,-6.87,-0.8858,-2.9035,-1.6119,0.0763,-0.0563,,,1.2509,-16.0,17.0,-7.6912,35.4,cnn,3,5,2,10,0.6667,1,0,1,2,normal,Normal / Mild Pullback,False,17.4703,-2.1415,17.7758,2.5667,18.1503,1.0353,15.2821,-8.4864,20.556,-2.1415,-10.4717
2021-12-14,21.89,78.98,433.3817,376.7692,65.9209,79.6737,60.4838,96.57,145.0275,,,1.44,-0.93,-0.539,30.5221,,0.0,-1.5678,-3.9085,-1.6809,0.0181,-0.0938,,,1.2158,-19.0,20.0,-6.5187,31.5429,cnn,3,5,2,10,0.6667,1,0,1,2,normal,Normal / Mild Pullback,False,17.6379,0.2864,23.2204,3.4094,17.4085,2.0103,15.0421,-9.0241,20.6576,-1.4636,-9.8514
2021-12-15,19.29,74.06,440.1533,385.3584,66.1725,79.9469,60.9546,96.51,146.6101,,,1.47,-0.92,-0.539,30.5221,,-0.61,-0.0297,-1.7179,-1.8768,0.3535,0.221,,,0.6151,-16.0,18.0,-6.8361,37.8,cnn,3,5,2,10,0.6667,0,0,1,1,normal,Normal / Mild Pullback,False,18.4843,-0.2692,21.2184,1.537,16.2127,-0.9431,14.8979,-11.0784,20.3794,-2.9795,-11.2383
2021-12-16,20.57,69.1,436.2718,375.4491,66.1235,79.8583,61.0679,96.04,146.3524,,,1.44,-0.98,-0.539,39.3204,,-1.01,-0.9113,-4.2451,-1.3216,0.3834,0.2578,,,0.2191,-16.0,12.0,-5.2509,33.5714,cnn,3,5,2,10,0.6667,1,0,1,2,normal,Normal / Mild Pullback,False,18.7424,1.2442,20.1664,2.1822,15.3666,-0.0209,14.5656,-8.3144,20.8957,-2.1163,-10.4486
2021-12-17,21.57,72.46,431.6286,373.5759,66.0623,79.8183,59.5859,96.57,144.4111,,,1.41,-0.97,-0.541,39.3204,,2.88,-1.9659,-4.7229,-1.8276,0.3715,0.3188,,,1.0781,-18.0,17.0,-6.0359,32.5143,cnn,3,5,2,10,0.6667,1,0,1,2,normal,Normal / Mild Pullback,False,19.0535,3.7815,17.4541,3.8794,13.6344,-0.735,15.4583,-5.2732,21.3438,-1.0634,-9.4853
2021-12-20,22.87,77.02,427.0389,369.9521,65.9476,79.7294,58.5819,96.55,142.9292,,,1.43,-0.96,-0.541,39.3204,,2.56,-3.0084,-5.6471,-1.7952,0.2782,0.2812,,,0.4996,-11.0,15.0,-6.0828,29.4286,cnn,3,5,2,10,0.6667,1,0,1,2,normal,Normal / Mild Pullback,False,19.3694,4.8112,11.3328,4.9607,11.3514,-0.7099,15.4361,-3.0573,21.4169,-0.7099,-8.5125
2021-12-21,21.01,79.52,434.6227,378.2318,66.2995,80.1221,60.3795,96.49,145.8265,,,1.48,-0.96,-0.541,39.3204,,-0.88,-1.2859,-3.5354,-2.1589,1.199,1.1495,,,-0.0104,-15.0,2.0,-6.1667,34.0286,cnn,3,5,2,10,0.6667,1,0,1,2,normal,Normal / Mild Pullback,False,20.4943,3.1141,9.6942,1.1489,14.4683,-3.5222,14.3323,-3.7056,21.2176,-3.5222,-10.1088
2021-12-22,18.63,76.85,438.9684,382.838,66.4754,80.3592,60.8442,96.08,146.8508,,,1.46,-1.01,-0.541,39.3204,,-0.66,-0.2989,-2.3607,-2.9603,1.609,1.5903,,,-0.4249,-21.0,-6.0,-7.7225,39.5429,cnn,3,5,2,10,0.6667,0,0,1,1,normal,Normal / Mild Pullback,False,20.8104,1.811,10.6932,0.0535,13.6201,-6.3525,14.9793,-4.6867,21.1031,-6.3525,-10.9987
2021-12-23,17.96,77.29,441.6997,385.7243,66.6666,80.5962,61.3791,96.02,147.8473,,,1.5,-0.97,-0.541,33.871,,-2.61,0.0,-1.6245,-2.9532,1.9249,1.9374,,,-0.8468,-14.0,0.0,-7.0058,50.4857,cnn,3,5,2,10,0.6667,0,0,0,0,normal,Normal / Mild Pullback,False,20.9042,0.9265,11.1351,-0.9584,13.2869,-6.5363,14.8298,-4.1677,21.2091,-6.9316,-11.5491
2021-12-27,17.68,80.12,447.9507,392.0993,66.7354,80.6407,62.2734,96.09,149.7389,,,1.48,-1.02,-0.548,33.871,,-3.89,0.0,0.0,-2.6639,2.7703,2.7778,,,0.0,0.0,5.0,-4.2456,56.4,cnn,3,5,2,10,0.6667,0,0,0,0,normal,Normal / Mild Pullback,False,19.6233,0.0943,5.5836,-2.462,10.3381,-8.9658,13.621,-6.722,21.1284,-8.9658,-12.7834
2021-12-28,17.54,77.52,447.5847,390.282,66.7048,80.6111,62.3173,96.2,149.9696,,,1.49,-1.01,-0.548,33.871,,-5.33,-0.0817,-0.4635,-2.5881,2.0901,2.1177,,,-0.1453,-3.0,1.0,-3.1267,62.9714,cnn,3,5,2,10,0.6667,0,0,0,0,normal,Normal / Mild Pullback,False,19.2801,0.1426,5.5392,-1.4931,11.8646,-9.1199,13.5701,-5.2385,21.3852,-9.1199,-12.7121
2021-12-29,16.95,78.0,448.1572,390.2237,66.5978,80.4555,62.4313,95.93,150.4124,,,1.55,-0.98,-0.548,33.871,,-4.06,0.0,-0.4783,-3.0708,2.3547,2.3786,,,-0.0625,12.0,9.0,-2.4681,64.0286,cnn,3,5,2,10,0.6667,0,0,0,0,normal,Normal / Mild Pullback,False,17.6167,-1.9058,14.8356,-1.3529,11.9789,-9.6842,13.38,-4.8973,21.4135,-9.6842,-12.8236
2021-12-30,17.33,77.62,446.9183,389.0576,66.5672,80.411,62.1419,95.97,150.1726,,,1.52,-1.06,-0.548,30.5439,,-1.3,-0.2764,-0.7757,-2.6442,2.2933,2.223,,,-0.0833,9.0,-5.0,-2.4467,63.9714,cnn,3,5,2,10,0.6667,0,0,0,0,normal,Normal / Mild Pullback,False,16.9945,-1.7263,14.9756,-2.4425,13.5397,-7.1846,17.0226,-3.9553,21.4707,-9.4338,-12.5819
2021-12-31,17.22,77.1,445.7919,386.628,66.5519,80.4407,62.1244,95.67,150.1726,,,1.52,-1.04,-0.556,30.5439,,-0.74,-0.5278,-1.3954,-2.1278,1.5206,1.5554,,,-0.4785,8.0,-1.0,-3.9914,62.5429,cnn,3,5,2,10,0.6667,0,0,0,0,normal,Normal / Mild Pullback,False,16.4512,-1.8675,14.9523,-2.156,13.6164,-5.2741,18.6703,-2.5215,21.6304,-9.205,-12.361
2022-01-03,16.6,84.08,448.373,390.35,66.5213,80.3888,63.2818,96.24,150.3017,,,1.63,-0.97,-0.556,30.5439,,-1.08,0.0,-0.4461,-2.5913,1.4739,1.4994,,,0.1248,28.0,11.0,-0.913,65.2286,cnn,3,5,2,10,0.6667,0,0,0,0,normal,Normal / Mild Pullback,False,15.9855,-2.5539,12.8063,-4.442,14.8649,-5.1831,18.7312,-3.6811,21.6229,-9.7277,-12.8656
2022-01-04,16.91,83.11,448.2229,385.2869,66.353,80.2406,65.0706,96.29,151.5105,,,1.66,-0.91,-0.556,30.5439,,-0.63,-0.0335,-1.7374,-1.7236,0.7719,0.936,,,0.0,23.0,10.0,0.5461,64.2571,cnn,3,5,2,10,0.6667,0,0,0,0,normal,Normal / Mild Pullback,False,15.6565,-1.6333,16.3058,-5.4026,14.929,-4.2299,19.2259,-5.1318,21.8368,-9.6974,-12.8364
2022-01-05,19.73,78.68,439.616,373.4506,65.8405,79.6256,64.6497,96.19,149.176,,,1.71,-0.82,-0.556,30.5439,,2.78,-1.9531,-4.7561,-1.5173,-0.536,-0.4478,,,-0.1868,23.0,17.0,3.6521,51.0286,cnn,3,5,2,10,0.6667,0,0,0,0,normal,Normal / Mild Pullback,False,15.8209,0.5636,7.989,-4.618,13.2694,-4.6501,19.8031,-3.0003,21.5046,-7.9295,-11.1299
2022-01-06,19.61,77.73,439.2031,373.1881,65.8482,79.6405,67.0961,96.25,149.5082,,,1.73,-0.73,-0.556,33.3333,,2.28,-2.0452,-4.823,-1.4743,-0.5015,-0.4477,,,0.3754,21.0,27.0,8.173,52.1429,cnn,3,5,2,10,0.6667,0,0,0,0,normal,Normal / Mild Pullback,False,15.7996,-0.7287,13.4827,-6.4025,15.0298,-4.1116,19.9577,-2.0774,21.5839,-7.8429,-11.0463
2022-01-07,18.76,74.69,437.4666,369.1455,65.6799,79.4256,67.7537,95.74,149.2683,,,1.76,-0.72,-0.562,33.3333,,1.54,-2.4324,-5.8541,-1.0491,-0.308,-0.2282,,,-0.5505,27.0,26.0,10.1496,49.2571,cnn,3,5,2,10,0.6667,0,0,0,0,normal,Normal / Mild Pullback,False,15.6704,-0.2939,13.3286,-5.632,15.9696,-4.04,19.9502,-2.9305,21.7205,-7.4771,-10.6932
2022-01-10,19.4,78.12,436.9223,369.3885,65.7334,79.433,67.6485,95.99,148.5209,,,1.78,-0.7,-0.562,33.3333,,2.8,-2.5539,-5.7921,-1.4562,-0.4571,-0.4405,,,-0.0625,30.0,26.0,10.8999,51.1429,cnn,3,5,2,10,0.6667,0,0,0,0,normal,Normal / Mild Pullback,False,15.2908,-1.9377,18.1843,-6.6679,16.0499,-3.1299,20.2801,-3.7814,21.8082,-7.3618,-10.5819
2022-01-11,18.41,77.85,440.9019,374.9374,66.0394,79.8331,67.8852,95.62,149.9234,,,1.75,-0.79,-0.562,33.3333,,1.5,-1.6663,-4.3769,-1.0109,0.0062,0.0424,,,-0.7267,33.0,19.0,12.1049,56.1143,cnn,3,5,2,10,0.6667,0,0,0,0,normal,Normal / Mild Pullback,False,15.2931,-3.8318,14.262,-7.7424,13.7057,-2.5993,20.7482,-4.1694,21.747,-8.198,-11.389
2022-01-12,17.62,74.55,442.0939,376.4243,66.1465,79.9591,68.0694,95.0,150.0434,,,1.74,-0.74,-0.562,33.3333,,-2.11,-1.4004,-3.9977,-0.9444,0.3422,0.3581,,,-1.6258,30.0,19.0,10.3236,55.9429,cnn,3,5,2,10,0.6667,0,0,0,0,normal,Normal / Mild Pullback,False,15.0513,-5.1526,10.7974,-8.4455,12.5102,-4.607,21.5165,-4.6833,21.739,-8.4455,-11.628
2022-01-13,20.31,72.57,436.0024,367.0075,65.9094,79.7294,68.4727,94.79,149.3513,,,1.7,-0.73,-0.562,38.29,,0.7,-2.759,-6.3993,0.1624,-0.3976,-0.2721,,,-1.7822,23.0,19.0,13.4035,52.1714,cnn,3,5,2,10,0.6667,1,0,0,1,normal,Normal / Mild Pullback,False,14.8898,-5.7154,12.6149,-4.8608,20.4838,-5.1816,22.0457,-5.0036,21.8361,-7.1664,-10.3933
2022-01-14,19.19,76.59,436.1808,369.2913,65.8482,79.6553,69.0777,95.17,149.0929,,,1.78,-0.66,-0.562,38.29,,0.43,-2.7192,-5.8169,-0.4219,-0.4164,-0.2542,,,-0.9059,34.0,32.0,13.1398,55.8,cnn,3,5,2,10,0.6667,0,0,0,0,normal,Normal / Mild Pullback,False,14.557,-5.3538,15.0094,-3.1869,23.4289,-5.5302,22.0164,-5.3943,21.8423,-7.2043,-10.4299
2022-01-18,22.79,84.63,428.4562,360.0981,65.5269,79.2478,67.6134,95.73,146.7216,,,1.87,-0.59,-0.562,38.29,,3.39,-4.442,-8.1615,-0.0991,-0.8105,-0.7148,,,-0.8698,46.0,38.0,14.3123,53.7143,cnn,3,5,2,10,0.6667,1,0,0,1,normal,Normal / Mild Pullback,False,15.4338,-4.8238,13.8819,-0.7755,22.3582,-2.2761,22.2322,-2.5856,21.6954,-5.5313,-8.8151
2022-01-19,23.85,80.14,424.0073,356.1429,65.4657,79.1737,65.7721,95.51,145.1991,,,1.83,-0.57,-0.562,38.29,,5.44,-5.4343,-9.1702,-0.4852,-0.7308,-0.697,,,-1.0772,40.0,39.0,13.0764,44.8286,cnn,3,5,2,10,0.6667,2,0,0,2,normal,Normal / Mild Pullback,False,15.4119,-4.0664,14.7944,1.2396,22.2035,-1.14,21.9688,-2.7892,21.7407,-4.5401,-7.8583
2022-01-20,25.59,80.96,419.3143,351.5171,65.3433,78.9959,64.0447,95.74,143.3536,,,1.83,-0.5,-0.562,46.7249,,7.97,-6.4809,-10.35,-0.344,-1.4422,-1.4056,,,-0.7773,35.0,46.0,9.9427,39.1429,cnn,3,5,2,10,0.6667,3,0,2,5,normal,Normal / Mild Pullback,False,14.2847,-3.4717,14.7007,-0.0336,24.9193,-2.169,22.9287,-1.6608,21.6274,-3.4717,-6.8271
2022-01-21,28.85,81.03,411.0829,341.7701,65.351,78.9737,62.7908,95.64,141.259,,,1.75,-0.59,-0.556,46.7249,,8.54,-8.3168,-12.8358,0.4524,-1.6914,-1.7242,,,-0.458,29.0,42.0,10.1998,26.7286,cnn,3,5,2,10,0.6667,3,0,2,5,normal,Normal / Mild Pullback,False,14.91,0.9064,22.2414,2.4476,22.3764,-0.8562,21.9519,1.9276,21.4907,-1.5389,-4.9614
2022-01-24,29.9,83.77,412.8287,343.3346,65.2822,78.8922,63.6676,95.92,142.3202,,,1.75,-0.63,-0.556,46.7249,,10.71,-7.9274,-12.4368,1.6858,-2.0766,-2.1143,,,-0.1041,25.0,34.0,10.9828,23.1286,cnn,3,5,2,10,0.6667,4,0,3,7,panic,Panic Pullback,False,14.7596,2.2895,25.0961,1.687,22.519,-2.3349,22.1751,1.4213,21.4762,-2.3349,-5.3633
2022-01-25,31.16,84.57,407.7885,335.3756,65.091,78.6773,63.615,95.95,140.9731,,,1.78,-0.63,-0.556,46.7249,,8.37,-9.0515,-14.4667,1.9162,-2.4642,-2.4348,,,-0.1457,30.0,39.0,12.2153,20.8857,cnn,3,5,2,10,0.6667,3,0,3,6,panic,Panic Pullback,False,13.5328,4.2535,20.2301,3.7908,21.2774,-2.8817,22.6327,1.1395,21.5529,-2.8817,-4.1936
2022-01-26,31.96,85.75,406.7653,334.851,64.8691,78.4106,63.2643,96.49,139.8381,,,1.85,-0.53,-0.556,46.7249,,8.11,-9.2797,-14.6004,1.7359,-2.752,-2.7298,,,0.3015,36.0,48.0,11.7072,19.5143,cnn,3,5,2,10,0.6667,3,0,3,6,panic,Panic Pullback,False,13.4824,5.531,17.8218,5.5748,21.5971,-1.1721,23.3611,-1.3882,22.2996,-2.6374,-3.9526
2022-01-27,30.49,85.62,404.7568,331.4788,64.5861,78.0475,61.9315,97.26,139.0538,,,1.81,-0.59,-0.556,52.9412,,4.9,-9.7277,-15.4605,1.0353,-3.0206,-2.9929,,,1.3864,26.0,39.0,9.8362,18.6,cnn,3,5,2,10,0.6667,2,1,4,7,normal,Normal / Mild Pullback,False,13.2939,3.5618,29.4861,4.1926,24.2233,1.5096,24.5987,-0.3243,22.3111,-2.1542,-3.476
2022-01-28,27.66,85.29,414.8091,341.877,64.7697,78.2253,62.2647,97.27,141.4344,,,1.78,-0.66,-0.542,52.9412,,-1.19,-7.4857,-12.8086,0.4022,-2.7002,-2.7181,,,1.3546,26.0,40.0,7.9536,23.8571,cnn,3,5,2,10,0.6667,2,0,4,6,normal,Normal / Mild Pullback,False,17.0122,1.5273,25.0906,-0.3371,24.0048,-1.2038,22.9491,-5.5566,22.5089,-4.5254,-5.8151
2022-01-31,24.83,85.14,422.2803,352.8097,64.785,78.2179,62.782,96.54,143.612,,,1.79,-0.65,-0.542,52.9412,,-5.07,-5.8194,-10.0203,0.1653,-2.6549,-2.7632,,,0.9094,27.0,39.0,6.6853,29.2,cnn,3,5,2,10,0.6667,1,0,3,4,normal,Normal / Mild Pullback,False,18.6754,-0.589,21.4441,-2.4205,21.7605,-4.4298,22.4276,-6.9667,22.1809,-6.2146,-7.4815
2022-02-01,21.96,85.22,425.1336,355.21,65.0422,78.6418,63.729,96.39,144.7285,,,1.81,-0.62,-0.542,52.9412,,-9.2,-5.1831,-9.4082,0.9468,-2.2235,-2.1732,,,0.1559,18.0,35.0,6.2117,30.8,cnn,3,5,2,10,0.6667,1,0,3,4,normal,Normal / Mild Pullback,False,18.7363,-0.4438,21.8056,-1.5123,23.2979,-3.3248,23.39,-5.2569,22.7655,-6.844,-8.1025
2022-02-02,22.09,84.85,429.2634,358.0963,65.142,78.7162,63.5624,95.94,145.6697,,,1.78,-0.63,-0.542,52.9412,,-9.87,-4.262,-8.672,0.2111,-1.8251,-1.8998,,,-0.3635,12.0,28.0,1.9967,28.8,cnn,3,5,2,10,0.6667,1,0,3,4,normal,Normal / Mild Pullback,False,19.2299,0.0415,23.4964,-2.3505,22.5308,-4.7316,23.0217,-9.636,23.8665,-7.7402,-9.636
2022-02-03,24.35,85.74,419.1736,343.5777,64.5585,78.1064,63.1941,95.38,143.8242,,,1.82,-0.56,-0.542,43.6567,,-6.14,-6.5123,-12.3748,1.2589,-1.9471,-1.908,,,-0.8421,11.0,26.0,2.5156,26.0571,cnn,3,5,2,10,0.6667,1,0,2,3,normal,Normal / Mild Pullback,False,19.7902,0.6091,19.9521,-2.1361,21.9673,-3.2311,21.7306,-6.9038,23.4659,-5.5195,-7.4608
2022-02-04,23.22,87.68,421.1446,347.9118,64.3052,77.7643,64.4042,95.48,143.6951,,,1.93,-0.48,-0.523,43.6567,,-4.44,-6.0727,-11.2695,0.3741,-2.3432,-2.3558,,,-0.8,20.0,25.0,0.1039,27.6,cnn,3,5,2,10,0.6667,1,0,2,3,normal,Normal / Mild Pullback,False,19.9426,-1.8364,24.4021,-3.2249,21.7068,-6.5233,23.7703,-6.9147,23.4646,-6.5233,-7.8939
2022-02-07,22.86,87.44,419.7931,345.1131,64.2592,77.6974,64.7111,95.4,143.7873,,,1.92,-0.48,-0.523,43.6567,,-1.97,-6.3742,-11.9832,0.5929,-2.1631,-2.176,,,-0.3551,16.0,24.0,-0.4697,27.9143,cnn,3,5,2,10,0.6667,1,0,2,3,normal,Normal / Mild Pullback,False,19.9348,-1.8423,24.4014,-3.9552,22.0313,-6.9333,23.8176,-3.7712,24.3144,-6.9333,-7.5974
2022-02-08,21.44,82.72,423.247,348.9904,64.1901,77.6156,66.3157,95.64,145.1068,,,1.96,-0.46,-0.523,43.6567,,-0.52,-5.6038,-10.9944,0.4759,-2.3479,-2.288,,,-0.3646,18.0,24.0,1.1972,28.9429,cnn,3,5,2,10,0.6667,1,0,2,3,normal,Normal / Mild Pullback,False,20.2623,-1.0733,27.2629,-6.4288,21.8687,-5.218,25.8149,-7.9488,25.3067,-7.6928,-8.3515
2022-02-09,19.96,81.76,429.4417,356.3858,64.5279,77.9948,65.7545,95.49,147.5612,,,1.94,-0.48,-0.523,43.6567,,-2.13,-4.2222,-9.1083,0.972,-2.2889,-2.3027,,,-0.136,19.0,31.0,-0.5539,32.6571,cnn,3,5,2,10,0.6667,0,0,2,2,normal,Normal / Mild Pullback,False,20.736,-2.391,23.4931,-6.3907,21.9798,-7.007,25.0035,-9.8182,25.1042,-9.0243,-9.8182
2022-02-10,23.91,88.52,421.7265,348.3199,63.6758,77.0207,65.5966,95.55,145.236,,,2.03,-0.42,-0.523,35.4701,,-0.44,-5.9429,-11.1654,1.0586,-3.7352,-3.6749,,,0.579,29.0,32.0,1.0214,33.6,cnn,3,5,2,10,0.6667,1,2,1,4,normal,Normal / Mild Pullback,False,21.4992,-2.7286,24.8189,-2.575,25.0501,-6.5098,24.6628,-11.1086,25.6738,-7.36,-11.1086
2022-02-11,27.36,94.03,413.4106,337.2707,63.4531,76.6934,65.053,96.08,143.3168,,,1.92,-0.51,-0.498,35.4701,,4.14,-7.7976,-13.9833,1.9994,-3.7267,-3.8078,,,1.3609,22.0,22.0,0.1975,28.4857,cnn,3,5,2,10,0.6667,2,2,1,5,normal,Normal / Mild Pullback,False,22.0182,-1.4144,21.5301,-0.8695,23.1346,-5.3263,23.9367,-9.111,25.4127,-5.4965,-9.3205
2022-02-14,28.33,102.28,412.0591,337.6885,63.3457,76.6042,64.5445,96.37,142.1726,,,1.98,-0.5,-0.498,35.4701,,5.47,-8.0991,-13.8768,1.8104,-3.8004,-3.8304,,,1.2609,20.0,16.0,-1.0928,25.6857,cnn,3,5,2,10,0.6667,3,2,1,6,normal,Normal / Mild Pullback,False,21.9909,-2.1525,22.272,-2.0592,24.2523,-2.927,25.462,-10.2615,25.5823,-5.1866,-10.2615
2022-02-15,25.7,94.0,418.7043,346.0847,63.4531,76.6785,66.2718,95.99,144.3409,,,2.05,-0.43,-0.498,35.4701,,4.26,-6.617,-11.7354,2.4429,-3.1648,-3.2421,,,0.2716,18.0,16.0,0.2987,29.9714,cnn,3,5,2,10,0.6667,2,2,1,5,normal,Normal / Mild Pullback,False,22.2167,-5.4136,14.3515,-1.8404,24.739,-2.3493,26.0819,-11.7779,25.3127,-6.6913,-11.7779
2022-02-16,24.29,92.74,419.1736,345.9974,63.8063,77.1025,66.3946,95.7,144.8208,,,2.03,-0.43,-0.498,35.4701,,4.33,-6.5123,-11.7577,3.1525,-2.5349,-2.616,,,0.1989,20.0,14.0,2.1106,32.0857,cnn,3,5,2,10,0.6667,1,0,1,2,normal,Normal / Mild Pullback,False,21.9499,-4.0976,22.7041,-2.4384,24.7233,-1.2382,26.5202,-9.7698,25.8491,-6.7958,-11.8767
2022-02-17,28.11,96.17,410.2194,335.7061,63.5376,76.7752,64.3691,95.8,142.2187,,,1.97,-0.46,-0.498,43.1925,,4.2,-8.5094,-14.3824,3.0574,-2.7635,-2.8111,,,0.0627,14.0,4.0,2.7349,32.4571,cnn,3,5,2,10,0.6667,2,0,2,4,normal,Normal / Mild Pullback,False,22.8922,0.1579,27.2405,-1.1188,22.646,2.0228,25.6045,-8.1744,25.5209,-4.7614,-9.9531
2022-02-18,27.75,94.36,407.5633,331.8773,63.6297,76.8794,64.4831,96.04,141.6835,,,1.92,-0.49,-0.468,43.1925,,0.39,-9.1017,-15.3589,3.0504,-2.6339,-2.6519,,,0.4182,17.0,10.0,3.582,29.5143,cnn,3,5,2,10,0.6667,2,0,2,4,normal,Normal / Mild Pullback,False,21.9279,0.5527,26.7597,-3.4083,26.8626,2.6577,25.4579,-5.6748,25.8838,-4.1407,-9.3663
2022-02-22,28.81,95.54,403.1894,328.5439,63.4838,76.7232,64.1586,96.03,140.2717,,,1.94,-0.51,-0.468,43.1925,,0.48,-10.0772,-16.209,3.3542,-2.7547,-2.7493,,,0.1147,19.0,12.0,3.1804,28.7714,cnn,3,5,2,10,0.6667,2,0,2,4,normal,Normal / Mild Pullback,False,22.1558,0.0954,28.1931,-3.1008,26.6667,4.9856,25.2879,-8.4952,27.0948,-3.1008,-8.4952
2022-02-23,31.02,95.15,396.0374,320.1282,63.3687,76.5968,63.0275,96.19,138.1034,,,1.99,-0.54,-0.468,43.1925,,5.32,-11.6723,-18.3553,3.9895,-2.6459,-2.6444,,,0.2501,21.0,9.0,2.0163,18.8143,cnn,3,5,2,10,0.6667,3,0,3,6,panic,Panic Pullback,False,22.6063,3.7777,25.0851,1.294,28.9927,5.5051,24.8179,-7.4132,26.897,-1.3509,-7.4132
2022-02-24,30.32,100.75,401.9974,330.886,63.8216,77.0801,61.8964,97.14,139.4228,,,1.96,-0.59,-0.468,53.6697,,6.03,-10.3431,-15.6117,3.8259,-1.6149,-1.6968,,,0.6736,11.0,-6.0,-1.0018,21.2286,cnn,3,5,2,10,0.6667,3,0,4,7,panic,Panic Pullback,False,23.3358,1.7301,25.3095,-0.6584,28.0579,5.5077,24.8195,-8.7461,26.6868,-2.8135,-8.7859
2022-02-25,27.59,93.34,410.867,336.017,64.1824,77.5114,64.7461,96.62,143.1691,,,1.97,-0.57,-0.439,53.6697,,-0.52,-8.3649,-14.3031,5.0682,-0.6251,-0.6869,,,-0.658,16.0,2.0,2.9901,28.1429,cnn,3,5,2,10,0.6667,2,0,3,5,normal,Normal / Mild Pullback,False,24.5875,-1.2747,19.9693,-4.0388,25.5611,3.7342,23.7936,-9.0456,26.5722,-4.9115,-10.755
2022-02-28,30.15,100.4,409.8159,337.0179,64.2285,77.5635,65.132,96.71,142.3295,,,1.83,-0.79,-0.439,53.6697,,2.4,-8.5994,-14.0478,4.8608,-0.8357,-0.846,,,-0.5757,5.0,-13.0,5.8795,25.4714,cnn,3,5,2,10,0.6667,2,0,3,5,normal,Normal / Mild Pullback,False,22.9108,-3.9393,27.8556,-4.4958,25.5918,4.74,23.8037,-9.5084,26.6008,-4.6676,-10.5261
2022-03-01,33.32,118.26,403.5742,331.8578,64.049,77.25,61.572,97.41,139.8842,,,1.72,-0.9,-0.439,53.6697,,4.51,-9.9914,-15.3638,3.7459,-1.1361,-1.2375,,,0.9012,-7.0,-25.0,2.6184,22.9714,cnn,3,5,2,10,0.6667,2,0,4,6,normal,Normal / Mild Pullback,False,22.3797,-3.1932,27.108,-0.8861,27.9016,7.6757,23.095,-7.2969,26.5305,-3.1932,-9.1423
2022-03-02,30.74,110.28,410.9986,337.4262,64.2031,77.4963,64.3165,97.39,142.8646,,,1.86,-0.85,-0.439,53.6697,,-0.28,-8.3356,-13.9437,3.7044,-1.2901,-1.4566,,,1.0375,5.0,-23.0,4.3927,17.8286,cnn,3,5,2,10,0.6667,2,0,4,6,normal,Normal / Mild Pullback,False,23.3555,-2.3933,32.0197,-0.5184,28.6635,5.0777,22.6802,-7.1527,26.5811,-4.9419,-10.7836
2022-03-03,30.48,115.18,408.9523,332.6061,64.0105,77.3022,63.9131,97.79,142.5693,,,1.86,-0.83,-0.439,41.4365,,0.16,-8.7919,-15.173,3.7025,-1.737,-1.7963,,,1.9283,8.0,-20.0,5.5458,21.7286,cnn,3,5,2,10,0.6667,2,0,3,5,normal,Normal / Mild Pullback,False,22.9922,-2.3479,32.0201,1.2302,29.2314,3.9781,23.4345,-4.3974,27.0758,-4.4663,-10.3372
2022-03-04,31.98,131.82,405.6298,327.786,63.5944,76.7647,61.4054,98.65,141.7112,,,1.74,-0.93,-0.412,41.4365,,4.39,-9.533,-16.4023,4.3093,-1.4935,-1.7177,,,3.4284,-8.0,-37.0,0.4138,18.1714,cnn,3,5,2,10,0.6667,3,1,3,7,panic,Panic Pullback,False,21.726,-2.7998,32.4967,3.1772,29.0837,5.1269,23.1284,-4.1551,27.0511,-3.6837,-9.6027
2022-03-07,36.45,140.03,393.6721,315.6969,63.0396,76.0406,58.7573,99.29,137.7896,,,1.78,-0.99,-0.412,41.4365,,6.3,-12.1999,-19.4855,4.5114,-1.9681,-2.2165,,,3.9904,-15.0,-51.0,-2.4012,16.9,cnn,3,5,2,10,0.6667,5,1,3,9,extreme,Extreme Panic,False,23.7176,-0.5794,24.9644,6.2801,22.7751,9.2481,19.7615,-2.0427,26.4068,-0.7582,-6.857
2022-03-08,35.13,133.37,390.6874,314.2294,62.8162,75.8166,59.2308,99.06,136.8023,,,1.86,-1.04,-0.412,41.4365,,1.81,-12.8656,-19.8597,4.5953,-2.2456,-2.4206,,,3.8365,-6.0,-56.0,-1.6499,16.6714,cnn,3,5,2,10,0.6667,4,1,3,8,extreme,Extreme Panic,False,23.7671,2.3832,28.6213,8.3452,21.5493,8.6922,20.2504,0.5854,26.6519,0.1802,-6.1454
2022-03-09,32.45,110.9,401.1621,325.5411,63.3401,76.3915,61.3352,97.97,139.6997,,,1.94,-0.9,-0.412,41.4365,,1.71,-10.5294,-16.9748,4.3238,-1.3241,-1.5771,,,2.4362,-2.0,-44.0,-2.4185,18.0286,cnn,3,5,2,10,0.6667,2,0,3,5,normal,Normal / Mild Pullback,False,25.8089,1.9208,26.5608,4.1573,21.1858,4.7957,19.0302,-3.6486,26.2899,-2.4356,-8.596
2022-03-10,30.23,105.31,399.3506,321.9261,62.8085,75.8092,61.3791,98.51,139.4321,,,1.98,-0.88,-0.412,45.7778,,-0.25,-10.9334,-17.8968,4.4281,-2.6646,-2.8023,,,3.1626,4.0,-40.0,0.3794,17.9571,cnn,3,5,2,10,0.6667,2,1,3,6,normal,Normal / Mild Pullback,False,25.0001,3.6641,25.9309,6.207,21.2296,5.8015,18.8744,-2.9169,26.2876,-1.9931,-8.1814
2022-03-11,30.75,99.03,394.2729,315.2498,62.3539,75.212,61.3966,99.12,137.965,,,2.0,-0.94,-0.392,45.7778,,-1.23,-12.0659,-19.5995,4.5664,-2.0759,-2.3483,,,3.7363,-3.0,-52.0,0.1144,19.0571,cnn,3,5,2,10,0.6667,2,1,3,6,normal,Normal / Mild Pullback,False,24.6646,6.1492,18.9333,8.1001,18.5248,6.8775,18.0894,-0.7233,26.2397,-0.7309,-6.9989
2022-03-14,31.77,105.08,391.3913,309.1956,61.6142,74.3535,61.721,99.06,137.4575,,,2.14,-0.79,-0.392,45.7778,,-4.68,-12.7086,-21.1435,5.4381,-2.898,-3.0511,,,3.1016,22.0,-28.0,0.2158,17.5,cnn,3,5,2,10,0.6667,2,2,3,7,normal,Normal / Mild Pullback,False,23.9482,6.8994,14.5761,9.6706,16.5358,5.8242,19.1729,-1.0797,26.2923,2.1991,-6.3142
2022-03-15,29.83,101.03,399.9982,318.8941,62.0765,74.8238,61.9052,99.07,139.672,,,2.15,-0.69,-0.392,45.7778,,-5.3,-10.789,-18.6701,4.0899,-2.0035,-2.3242,,,2.8017,17.0,-19.0,-1.1972,21.8571,cnn,3,5,2,10,0.6667,2,0,3,5,normal,Normal / Mild Pullback,False,25.4872,5.8232,12.5244,8.6383,15.1545,3.1634,17.9301,-5.5102,26.3366,2.2174,-8.33
2022-03-16,26.67,100.57,408.8678,330.7208,62.9472,75.8988,63.8517,98.38,142.3109,,,2.19,-0.61,-0.392,45.7778,,-5.78,-8.8108,-15.6538,4.0316,-0.7973,-1.0169,,,2.4898,14.0,-18.0,-1.3338,25.2571,cnn,3,5,2,10,0.6667,2,0,2,4,normal,Normal / Mild Pullback,False,26.12,2.1943,17.4342,5.6253,14.6311,2.0814,16.6887,-10.2403,26.5336,0.9255,-10.3186
2022-03-17,25.67,91.76,413.9832,334.7246,63.3787,76.3915,63.159,98.01,144.101,,,2.2,-0.71,-0.392,49.7797,,-4.56,-7.6699,-14.6327,3.9994,-0.6702,-0.9221,,,2.4138,17.0,-28.0,-3.6805,33.6286,cnn,3,5,2,10,0.6667,2,0,2,4,normal,Normal / Mild Pullback,False,26.5554,2.453,18.2469,2.7146,17.376,-0.4353,16.7786,-14.7154,27.4171,-0.4353,-14.7154
2022-03-18,23.87,91.77,418.5175,341.5757,63.5867,76.6677,63.0363,98.23,145.0238,,,2.14,-0.72,-0.379,49.7797,,-6.88,-6.6586,-12.8854,3.2765,0.0773,-0.1401,,,2.5365,17.0,-26.0,-4.0122,38.4286,cnn,3,5,2,10,0.6667,1,0,2,3,normal,Normal / Mild Pullback,False,25.6487,1.8379,17.4742,1.8897,16.7695,-1.4735,16.2625,-15.8936,27.2713,-1.514,-15.8936
2022-03-21,23.53,101.94,418.3951,340.626,62.8547,75.9062,62.6962,98.5,144.6198,,,2.32,-0.58,-0.379,49.7797,,-8.24,-6.6859,-13.1276,3.3233,-1.218,-1.2658,,,2.5614,40.0,-9.0,-5.2883,40.9714,cnn,3,5,2,10,0.6667,1,0,1,2,normal,Normal / Mild Pullback,False,25.4992,2.5923,17.2107,2.7926,17.0334,0.1463,17.3181,-14.6695,27.4899,-1.4852,-15.8689
2022-03-22,22.94,105.38,423.2909,347.3203,63.1783,76.2646,63.7447,98.49,145.8336,,,2.38,-0.53,-0.379,49.7797,,-6.89,-5.594,-11.4203,2.9277,-0.4813,-0.5977,,,2.5617,44.0,-2.0,-5.3635,44.5429,cnn,3,5,2,10,0.6667,1,0,1,2,normal,Normal / Mild Pullback,False,25.3223,2.6602,17.3741,0.3203,17.8449,-1.0854,16.771,-18.4479,28.0465,-2.6246,-18.4479
2022-03-23,23.57,105.72,417.8396,342.3288,62.978,75.9287,61.4803,98.62,143.7488,,,2.32,-0.62,-0.379,49.7797,,-3.1,-6.8098,-12.6933,2.9178,-0.6166,-0.8722,,,2.5263,33.0,-8.0,-7.5445,45.2,cnn,3,5,2,10,0.6667,1,0,1,2,normal,Normal / Mild Pullback,False,24.8602,3.3574,13.0243,0.6129,17.2893,-1.2934,16.9928,-17.2059,27.9974,-1.3542,-17.384
2022-03-24,21.67,113.14,424.1382,349.9376,63.109,76.0928,62.0794,98.79,145.4259,,,2.34,-0.58,-0.379,35.4497,,-4.0,-5.4051,-10.7528,2.3308,-1.1166,-1.2808,,,1.6986,38.0,1.0,-4.9399,46.9143,cnn,3,5,2,10,0.6667,1,0,0,1,normal,Normal / Mild Pullback,False,24.8618,0.2553,17.7977,-0.3818,15.6189,-5.4274,18.4989,-16.3821,28.3423,-5.4274,-18.6108
2022-03-25,20.81,125.27,426.2095,349.6457,62.6544,75.645,63.2513,98.81,146.4173,,,2.48,-0.47,-0.373,35.4497,,-3.06,-4.9431,-10.8273,2.3566,-2.3807,-2.408,,,2.2666,51.0,10.0,-5.8254,49.3714,cnn,3,5,2,10,0.6667,2,0,0,2,normal,Normal / Mild Pullback,False,23.8226,0.0508,17.5396,-1.131,15.3655,-5.3414,18.5516,-16.9393,28.2962,-5.887,-19.0064
2022-03-28,19.63,129.28,429.2412,355.0555,63.0473,76.0481,62.6257,99.09,146.8528,,,2.46,-0.49,-0.373,35.4497,,-3.9,-4.267,-9.4475,1.8166,-1.8389,-1.9538,,,2.461,63.0,30.0,-8.1993,51.2571,cnn,3,5,2,10,0.6667,1,1,0,2,normal,Normal / Mild Pullback,False,23.8276,0.1952,17.9272,-3.5073,16.5284,-8.732,20.4125,-16.7175,28.3424,-8.732,-19.5784
2022-03-29,18.9,117.92,434.5512,361.166,63.8255,76.9737,63.8063,98.4,149.2897,,,2.41,-0.45,-0.373,35.4497,,-4.04,-3.0827,-7.8891,1.9836,-0.3489,-0.3576,,,1.0163,69.0,45.0,-3.7584,52.7143,cnn,3,5,2,10,0.6667,0,0,0,0,normal,Normal / Mild Pullback,False,23.1188,-2.2793,16.1693,-5.0395,13.9836,-9.5938,19.636,-15.1197,29.0409,-9.8472,-20.5612
2022-03-30,19.33,112.98,431.868,357.1767,63.6329,76.8095,61.8416,97.79,148.1501,,,2.35,-0.51,-0.373,35.4497,,-4.24,-3.6811,-8.9066,2.3355,-0.8881,-0.8862,,,0.4107,49.0,34.0,-8.4944,52.8,cnn,3,5,2,10,0.6667,0,1,0,1,normal,Normal / Mild Pullback,False,22.7034,-2.6553,16.6322,-3.3551,16.2287,-6.7342,22.3214,-14.9185,29.0329,-9.2871,-20.0676
2022-03-31,20.56,106.88,425.221,352.7497,63.4017,76.5184,60.705,98.31,146.1301,,,2.32,-0.52,-0.373,27.5362,,-1.11,-5.1636,-10.0356,1.6662,-0.951,-1.014,,,0.5317,46.0,31.0,-8.6534,59.2,cnn,3,5,2,10,0.6667,1,1,0,2,normal,Normal / Mild Pullback,False,23.4515,-0.6355,15.0702,-3.0666,15.6657,-8.7769,25.1132,-15.3542,29.1485,-8.7769,-18.8181
2022-04-01,19.63,108.34,426.4261,352.0783,63.3971,76.5544,60.1235,98.63,146.6027,,,2.39,-0.41,-0.371,27.5362,,-1.18,-4.8948,-10.2068,1.3148,-0.3101,-0.2741,,,-0.0203,65.0,52.0,-6.8626,59.8,cnn,3,5,2,10,0.6667,0,0,0,0,normal,Normal / Mild Pullback,False,23.1411,-1.1812,14.6258,-3.3008,15.4544,-8.4871,25.2623,-15.6622,29.1281,-9.0347,-19.0475
2022-04-04,18.57,108.37,430.0791,359.3271,63.8768,77.0939,59.8063,98.99,146.9177,,,2.42,-0.38,-0.371,27.5362,,-1.06,-4.0801,-8.3581,0.352,1.328,1.3852,,,-0.3021,64.0,61.0,-6.831,61.6571,cnn,3,5,2,10,0.6667,0,0,0,0,normal,Normal / Mild Pullback,False,19.8521,-3.6953,13.9455,-2.5744,17.4002,-8.8485,25.0309,-17.0579,29.0506,-9.8074,-19.7351
2022-04-05,21.03,116.37,424.6467,351.3485,63.049,76.1497,58.9693,99.47,145.3518,,,2.54,-0.3,-0.371,27.5362,,2.13,-5.2917,-10.393,0.316,0.3706,0.4393,,,0.4139,68.0,74.0,-8.4032,47.9143,cnn,3,5,2,10,0.6667,1,1,0,2,normal,Normal / Mild Pullback,False,20.335,-2.8246,13.2871,-1.4013,16.4665,-4.8711,27.656,-15.1083,29.1129,-8.6535,-18.7083
2022-04-06,22.1,123.92,420.4005,343.7202,62.5539,75.5352,58.0883,99.6,144.6198,,,2.61,-0.22,-0.371,27.5362,,2.77,-6.2387,-12.3385,1.2002,-1.2413,-1.121,,,1.6638,67.0,68.0,-9.6277,46.4,cnn,3,5,2,10,0.6667,2,1,0,3,normal,Normal / Mild Pullback,False,19.0783,-0.7189,17.0738,-1.8947,17.3711,-7.3255,30.0554,-14.089,29.0875,-7.7309,-17.8872
2022-04-07,21.55,122.67,422.5189,344.5375,62.4533,75.3703,57.3482,99.75,145.0645,,,2.66,-0.16,-0.371,41.3793,,0.99,-5.7662,-12.13,0.9689,-0.5654,-0.579,,,1.2588,68.0,72.0,-11.6905,46.8286,cnn,3,5,2,10,0.6667,2,1,1,4,normal,Normal / Mild Pullback,False,18.9189,-2.4467,17.4284,-5.065,21.1194,-8.3406,29.8799,-14.231,29.0711,-8.3406,-18.2989
2022-04-08,21.16,124.86,421.3891,339.7213,62.0742,74.9281,57.2601,99.8,145.3703,,,2.72,-0.15,-0.368,41.3793,,1.53,-6.0182,-13.3584,1.646,-0.4486,-0.3774,,,0.686,72.0,79.0,-12.7388,46.0857,cnn,3,5,2,10,0.6667,2,1,1,4,normal,Normal / Mild Pullback,False,18.14,-2.1449,17.8162,-4.2586,21.8174,-11.0374,31.4944,-12.713,29.2896,-11.0374,-18.0799
2022-04-11,24.37,129.87,414.1866,331.6843,61.6487,74.396,57.4627,99.93,143.9619,,,2.79,-0.12,-0.368,41.3793,,5.8,-7.6246,-15.4081,1.4685,0.056,0.0572,,,0.8783,65.0,67.0,-12.0232,43.4,cnn,3,5,2,10,0.6667,3,1,1,5,normal,Normal / Mild Pullback,False,19.2066,1.1638,18.2783,-5.4146,24.5126,-9.2812,31.3204,-11.2682,29.1239,-9.4904,-16.6553
2022-04-12,24.26,117.79,412.6519,330.2832,62.1207,74.9281,56.9341,100.29,143.4801,,,2.72,-0.14,-0.368,41.3793,,3.23,-7.9668,-15.7654,1.7226,0.0711,0.1394,,,1.2315,57.0,55.0,-10.8504,42.0571,cnn,3,5,2,10,0.6667,1,1,1,3,normal,Normal / Mild Pullback,False,17.9441,1.4648,17.7761,-4.7959,24.8667,-10.3904,31.5636,-11.9556,29.187,-10.3904,-16.3454
2022-04-13,21.82,116.33,417.3782,336.9968,62.492,75.3778,57.7358,99.88,145.1016,,,2.7,-0.1,-0.368,41.3793,,-0.28,-6.9127,-14.0532,1.5208,-0.7232,-0.6865,,,1.5247,51.0,51.0,-11.422,41.8,cnn,3,5,2,10,0.6667,1,1,1,3,normal,Normal / Mild Pullback,False,16.6739,-1.1843,19.6481,-3.4964,28.0793,-11.4976,30.9852,-13.7229,29.0818,-11.4976,-17.2926
2022-04-14,22.7,119.66,412.1811,329.2906,62.0742,74.8831,56.9957,100.32,144.1102,,,2.83,-0.06,-0.368,48.4163,,1.15,-8.0718,-16.0186,2.0977,-2.0582,-1.9745,,,2.3569,63.0,65.0,-9.3638,39.8571,cnn,3,5,2,10,0.6667,1,1,2,4,normal,Normal / Mild Pullback,False,16.759,-2.6839,26.447,-5.8909,32.7683,-8.2391,32.6068,-13.0938,29.0123,-10.3817,-16.2498
2022-04-18,22.17,122.32,412.3505,329.5436,61.9737,74.7932,57.1896,100.78,143.8044,,,2.85,-0.07,-0.361,48.4163,,1.01,-8.0341,-15.954,2.0086,-2.5367,-2.445,,,2.5959,71.0,65.0,-7.9183,37.6,cnn,3,5,2,10,0.6667,2,0,2,4,normal,Normal / Mild Pullback,False,16.2412,-2.1599,27.4513,-5.3634,33.1953,-8.649,32.5597,-13.3405,29.0067,-10.4185,-16.2842
2022-04-19,21.37,122.74,419.007,336.9092,61.9195,74.7407,59.2513,100.96,146.3525,,,2.93,0.0,-0.361,48.4163,,-3.0,-6.5495,-14.0755,1.6464,-1.4879,-1.5355,,,2.4975,61.0,58.0,-5.6327,39.6286,cnn,3,5,2,10,0.6667,2,0,2,4,normal,Normal / Mild Pullback,False,17.3076,-6.5028,25.0314,-6.4399,31.5753,-8.2509,32.9576,-13.0879,29.0916,-11.8416,-17.6142
2022-04-20,20.32,125.12,418.6963,331.9955,62.1129,74.9281,59.6213,100.39,147.2883,,,2.85,-0.07,-0.361,48.4163,,-3.94,-6.6188,-15.3287,2.0405,-1.6863,-1.7524,,,1.9291,47.0,46.0,-5.4422,43.3143,cnn,3,5,2,10,0.6667,2,0,1,3,normal,Normal / Mild Pullback,False,16.7591,-6.1703,26.263,-3.5191,36.5643,-11.8842,35.4077,-13.7415,29.115,-11.8842,-17.553
2022-04-21,22.68,130.69,412.4354,325.1263,61.6874,74.4559,58.3966,100.58,145.1572,,,2.9,-0.12,-0.361,43.8679,,0.86,-8.0151,-17.0806,1.8079,-2.0492,-1.9396,,,1.9874,58.0,50.0,-3.7712,38.9429,cnn,3,5,2,10,0.6667,2,0,2,4,normal,Normal / Mild Pullback,False,16.9772,-2.3399,37.1381,-5.5358,39.815,-11.0944,35.2569,-10.0661,29.5954,-11.0944,-16.3014
2022-04-22,28.21,128.12,401.1184,316.6125,61.3161,74.0363,57.1719,101.22,141.2007,,,2.9,-0.08,-0.351,43.8679,,5.51,-10.5391,-19.2519,2.3959,-2.8409,-2.7027,,,2.4598,56.0,50.0,-2.62,31.6286,cnn,3,5,2,10,0.6667,4,0,2,6,normal,Normal / Mild Pullback,False,18.4184,-3.2955,41.4006,-3.4504,37.8789,-8.5461,34.3392,-6.9394,29.1356,-8.5861,-13.94
2022-04-25,27.02,131.63,403.444,320.6797,61.8344,74.5234,57.2336,101.75,141.627,,,2.81,-0.1,-0.351,43.8679,,4.85,-10.0205,-18.2147,2.1819,-1.3087,-1.4827,,,2.9754,33.0,37.0,-4.4079,29.9714,cnn,3,5,2,10,0.6667,3,0,2,5,normal,Normal / Mild Pullback,False,18.4713,-3.2741,41.4427,-7.0803,40.0684,-7.3721,35.1335,-6.5337,29.1937,-9.113,-14.4361
2022-04-26,33.52,129.27,391.7599,308.5757,61.4708,74.0962,55.4715,102.3,138.2357,,,2.77,-0.08,-0.351,43.8679,,12.15,-12.6263,-21.3016,3.4888,-2.5005,-2.5666,,,3.2395,31.0,41.0,-2.9493,17.9,cnn,3,5,2,10,0.6667,5,1,3,9,extreme,Extreme Panic,False,20.285,0.0673,36.4161,-4.088,38.306,-5.3377,33.8605,-4.6391,28.6485,-6.4023,-11.8842
2022-04-27,31.6,130.11,392.8615,308.2059,61.1691,73.7515,55.4363,102.95,138.4951,,,2.82,-0.06,-0.351,43.8679,,11.28,-12.3807,-21.396,3.6586,-4.162,-4.1862,,,4.624,41.0,39.0,-3.8981,16.2714,cnn,3,5,2,10,0.6667,5,3,3,11,extreme,Extreme Panic,False,19.5004,2.8255,42.3124,-5.8763,38.5102,-4.7691,34.0569,-4.791,28.6418,-6.6648,-12.1312
2022-04-28,29.99,128.74,402.7849,319.1521,61.5095,74.1112,56.2557,103.62,140.9042,,,2.85,-0.12,-0.351,59.3607,,7.31,-10.1675,-18.6043,2.7596,-3.3369,-3.513,,,5.9618,50.0,39.0,-2.4643,24.2571,cnn,3,5,2,10,0.6667,4,4,4,12,normal,Normal / Mild Pullback,False,22.2401,-3.2725,46.7092,-8.2911,34.6705,-5.2593,33.5519,-8.2353,28.2184,-8.9643,-14.2961
2022-04-29,33.4,128.4,387.8997,304.7907,60.7514,73.1519,54.4847,102.96,136.6234,,,2.89,0.01,-0.336,59.3607,,5.19,-13.4873,-22.267,3.7912,-4.1803,-4.3995,,,4.7299,57.0,53.0,-1.6112,14.3286,cnn,3,5,2,10,0.6667,4,3,5,12,extreme,Extreme Panic,False,24.9376,-0.1602,38.0812,-2.4952,33.9586,0.7913,32.1655,-2.2397,27.725,-5.4709,-11.0073
2022-05-02,32.34,135.17,390.2347,309.8795,60.7553,73.1023,55.2512,103.74,136.9941,,,2.99,0.18,-0.336,59.3607,,5.32,-12.9665,-20.9691,2.3146,-4.1672,-4.5093,,,5.181,60.0,59.0,0.4189,13.2714,cnn,3,5,2,10,0.6667,4,4,5,13,normal,Normal / Mild Pullback,False,25.0865,-3.935,43.4955,-3.4718,33.6251,-0.374,32.1615,-1.6058,27.82,-6.0365,-11.5398
2022-05-03,29.25,126.46,392.0236,310.2103,61.0737,73.5087,56.0178,103.47,138.1245,,,2.97,0.14,-0.336,59.3607,,-4.27,-12.5675,-20.8848,3.2638,-4.3883,-4.6505,,,4.5257,55.0,52.0,2.7579,30.4857,cnn,3,5,2,10,0.6667,3,3,3,9,panic,Panic Pullback,False,24.8542,-4.1525,43.1099,-1.9357,35.5688,-1.6307,32.2279,-0.6269,27.9672,-6.4653,-11.9434
2022-05-04,25.42,121.99,403.9618,320.6992,61.695,74.2688,57.5508,102.59,141.9698,,,2.93,0.07,-0.336,59.3607,,-6.18,-9.905,-18.2097,2.6054,-2.1476,-2.4699,,,3.1366,39.0,37.0,2.5918,22.4,cnn,3,5,2,10,0.6667,3,1,4,8,panic,Panic Pullback,False,27.5452,-8.4627,26.3545,-8.6701,35.6036,-2.7199,31.0359,-3.8493,27.2587,-9.2295,-14.5458
2022-05-05,31.2,122.72,389.6039,304.5475,60.5999,72.9292,55.8856,103.75,137.6983,,,3.05,0.18,-0.336,52.8634,,1.21,-13.1072,-22.329,3.0888,-3.1236,-3.45,,,4.1667,44.0,40.0,3.813,13.1286,cnn,3,5,2,10,0.6667,3,3,5,11,extreme,Extreme Panic,False,29.8794,-5.1884,22.3078,-5.8844,32.2302,-0.7902,28.8178,-0.9636,26.2678,-5.8844,-11.3965
2022-05-06,30.19,121.42,387.2784,300.8987,60.2582,72.5303,55.1808,103.66,136.4381,,,3.12,0.26,-0.319,52.8634,,-3.21,-13.6259,-23.2596,2.5285,-3.5148,-3.768,,,3.9198,46.0,42.0,4.9762,12.2429,cnn,3,5,2,10,0.6667,3,3,5,11,extreme,Extreme Panic,False,29.711,-2.3387,33.374,-5.2779,32.3954,0.1094,28.7636,1.1913,26.4338,-5.3192,-10.8645
2022-05-09,34.75,125.22,374.8788,289.1255,59.6214,71.725,54.423,103.65,132.389,,,3.05,0.3,-0.319,52.8634,,2.41,-16.3913,-26.2622,2.5457,-3.9514,-4.2749,,,3.8577,33.0,45.0,6.8375,8.1857,cnn,3,5,2,10,0.6667,3,3,5,11,extreme,Extreme Panic,False,31.2974,0.4822,22.9078,-0.314,30.516,4.4127,26.2036,4.4677,25.5397,-2.1875,-7.9162
2022-05-10,32.99,126.76,375.7449,292.638,59.9631,72.0336,53.7799,103.92,132.0462,,,2.99,0.34,-0.319,52.8634,,3.74,-16.1982,-25.3664,1.3719,-2.7343,-3.1755,,,3.9928,20.0,46.0,3.166,7.4,cnn,3,5,2,10,0.6667,3,2,5,10,extreme,Extreme Panic,False,31.1134,2.3128,26.8264,-1.303,30.6861,3.0394,26.6119,4.0508,25.5423,-2.413,-8.1285
2022-05-11,32.56,118.05,369.7758,283.9588,59.6058,71.6648,52.8812,103.85,130.3413,,,2.91,0.21,-0.319,52.8634,,7.14,-17.5294,-27.5799,2.1615,-4.0483,-4.3553,,,3.5497,19.0,35.0,3.6512,4.0286,cnn,3,5,2,10,0.6667,3,3,5,11,extreme,Extreme Panic,False,31.3625,-0.2266,41.109,1.1763,29.8745,2.2126,27.4553,5.6076,25.3084,-0.8377,-6.6455
2022-05-12,31.77,118.73,369.3897,283.2875,59.5826,71.5519,52.8812,104.85,130.8972,,,2.84,0.25,-0.319,49.0347,,0.57,-17.6155,-27.7511,2.793,-4.6557,-5.0756,,,4.976,14.0,35.0,3.4906,3.2,cnn,3,5,2,10,0.6667,2,4,4,10,normal,Normal / Mild Pullback,False,30.7863,-0.7341,41.314,3.3058,31.2409,-0.6474,29.5191,5.2982,25.3253,-0.7341,-6.5479
2022-05-13,28.87,114.61,378.221,293.7861,59.6525,71.6422,53.3658,104.56,133.8901,,,2.93,0.24,-0.3,49.0347,,-1.32,-15.6459,-25.0735,2.4627,-3.9014,-4.328,,,4.2265,10.0,30.0,2.0382,11.2857,cnn,3,5,2,10,0.6667,2,3,4,9,normal,Normal / Mild Pullback,False,32.4232,-3.0095,35.2771,3.3705,31.3566,-6.6514,31.0632,4.9996,25.2227,-6.6514,-8.73
2022-05-16,27.47,117.95,376.6864,290.3806,59.567,71.4992,52.7578,104.19,133.4175,,,2.88,0.2,-0.3,49.0347,,-7.28,-15.9882,-25.9421,2.1627,-3.8833,-4.4042,,,3.3836,3.0,27.0,0.985,11.7429,cnn,3,5,2,10,0.6667,2,3,4,9,normal,Normal / Mild Pullback,False,32.3797,-0.7923,39.4997,3.2093,31.469,-6.5535,31.0627,5.4273,25.2029,-6.5535,-8.3581
2022-05-17,26.1,119.46,384.435,297.9019,59.5126,71.439,54.6874,103.36,136.2435,,,2.98,0.27,-0.3,49.0347,,-6.89,-14.26,-24.0239,1.9456,-3.8871,-4.4176,,,2.3772,5.0,27.0,0.5977,15.2,cnn,3,5,2,10,0.6667,2,2,3,7,normal,Normal / Mild Pullback,False,32.7863,-3.534,34.364,0.311,30.3373,-7.1317,30.5065,5.0512,25.0953,-8.437,-10.2052
2022-05-18,30.96,114.86,368.9378,283.2778,59.0234,70.8444,53.3482,103.81,131.1196,,,2.89,0.17,-0.3,49.0347,,-1.6,-17.7163,-27.7536,2.1535,-4.9741,-5.4501,,,3.4067,4.0,24.0,1.5463,6.6,cnn,3,5,2,10,0.6667,2,4,4,10,normal,Normal / Mild Pullback,False,35.1718,1.4061,17.3653,6.5151,20.8486,-6.4334,29.3821,9.9149,23.5276,-6.4334,-6.4334
2022-05-19,29.35,115.05,366.6782,281.7599,59.4194,71.3411,52.705,102.72,130.8231,,,2.84,0.25,-0.3,50.3876,,-2.42,-18.2203,-28.1407,2.3131,-3.6766,-4.1834,,,2.1277,-6.0,37.0,1.516,13.7143,cnn,3,5,2,10,0.6667,2,2,5,9,extreme,Extreme Panic,False,35.0154,4.0697,18.6663,5.4126,23.1195,-5.6539,29.4241,10.8089,23.4726,-5.8568,-5.8568
2022-05-20,29.43,111.1,366.8383,280.8842,59.3806,71.2734,52.8459,103.15,130.8231,,,2.78,0.23,-0.281,50.3876,,0.56,-18.1846,-28.364,2.8251,-3.1565,-3.7317,,,1.9067,-12.0,31.0,1.071,12.6571,cnn,3,5,2,10,0.6667,2,2,5,9,extreme,Extreme Panic,False,34.0986,6.578,20.1988,5.6874,23.0037,-3.3211,31.0263,9.9743,23.5411,-5.8979,-5.8979
2022-05-23,28.48,110.19,373.7018,285.5547,59.6136,71.4841,54.1411,102.08,132.667,,,2.86,0.26,-0.281,50.3876,,1.01,-16.6538,-27.1729,1.8801,-3.5915,-4.0783,,,0.3243,5.0,36.0,2.1254,17.8857,cnn,3,5,2,10,0.6667,2,2,4,8,normal,Normal / Mild Pullback,False,34.9012,4.0336,22.9307,4.7415,22.0014,-5.2687,30.0937,8.2683,23.2768,-7.6262,-7.6262
2022-05-24,29.45,111.15,370.8491,279.4832,59.9709,71.8303,53.7358,101.86,131.8423,,,2.76,0.21,-0.281,50.3876,,3.35,-17.2901,-28.7213,2.365,-2.4401,-3.058,,,-0.4301,-1.0,29.0,2.3333,16.0,cnn,3,5,2,10,0.6667,2,1,4,7,normal,Normal / Mild Pullback,False,33.6433,3.9859,23.1282,4.3997,22.5668,-3.6043,30.3472,7.635,23.4043,-6.9156,-6.9156
2022-05-25,28.37,105.69,374.1256,283.3945,60.8795,72.9216,54.5816,102.06,133.3619,,,2.75,0.19,-0.281,50.3876,,-2.59,-16.5593,-27.7238,2.8416,-0.4734,-1.1252,,,-0.8645,-7.0,25.0,3.3891,17.5714,cnn,3,5,2,10,0.6667,2,0,4,6,normal,Normal / Mild Pullback,False,33.8374,5.0381,24.4628,1.0242,26.4353,-1.4105,32.3762,4.4708,23.7878,-7.7309,-7.7309
2022-05-26,27.5,102.49,381.6011,291.2465,61.726,74.028,55.7799,101.83,136.1787,,,2.75,0.13,-0.281,53.4972,,-1.85,-14.8921,-25.7212,2.6633,0.352,-0.1123,,,-1.7275,-10.0,25.0,4.6586,24.1143,cnn,3,5,2,10,0.6667,2,0,4,6,normal,Normal / Mild Pullback,False,33.3167,1.2904,28.4263,-3.8267,28.1412,-3.7111,31.4659,2.1764,23.4611,-9.5384,-9.5384
2022-05-27,25.72,98.48,390.9691,300.7528,62.2774,74.7204,56.6521,101.67,139.3012,,,2.74,0.11,-0.259,53.4972,,-3.71,-12.8027,-23.2968,2.202,2.5119,2.1441,,,-1.2529,-15.0,10.0,3.1617,29.5429,cnn,3,5,2,10,0.6667,2,0,3,5,normal,Normal / Mild Pullback,False,32.0044,-0.8356,21.3344,-9.6951,28.2523,-7.9386,30.5406,0.0474,22.9361,-11.7059,-11.7059
2022-05-31,26.19,107.12,388.7753,299.9549,61.7416,74.2237,56.6257,101.75,137.9948,,,2.85,0.21,-0.259,53.4972,,-2.29,-13.292,-23.5003,1.599,1.6234,1.534,,,-1.9183,-14.0,3.0,2.8723,40.0571,cnn,3,5,2,10,0.6667,2,0,2,4,normal,Normal / Mild Pullback,False,32.0089,0.6805,22.2644,-9.4592,28.4005,-7.4945,30.5572,2.0323,23.0829,-11.2077,-11.2077
2022-06-01,25.69,109.38,385.6307,297.7365,61.5131,73.9561,55.8944,102.55,136.5308,,,2.94,0.29,-0.259,53.4972,,-3.76,-13.9933,-24.0661,1.1526,0.7195,0.6087,,,-0.8891,-3.0,15.0,1.4339,40.6,cnn,3,5,2,10,0.6667,2,0,2,4,normal,Normal / Mild Pullback,False,32.0845,0.398,23.0921,-7.4196,30.8917,-7.4978,30.5579,-0.6175,24.1021,-10.4837,-10.4837
2022-06-02,24.72,99.27,392.9745,305.8902,61.7704,74.1753,57.0398,101.77,138.9306,,,2.92,0.26,-0.259,37.0614,,-3.65,-12.3555,-21.9866,0.9647,0.1223,-0.1259,,,-0.7993,-1.0,19.0,1.8832,44.8286,cnn,3,5,2,10,0.6667,1,0,0,1,normal,Normal / Mild Pullback,False,30.8506,-3.8214,22.0174,-12.1565,29.4592,-8.2664,29.8694,-3.1196,23.8097,-12.1565,-12.1565
2022-06-03,24.79,97.73,386.5252,297.9311,61.3104,73.6008,56.3438,102.14,137.2906,,,2.96,0.22,-0.236,37.0614,,-2.71,-13.7938,-24.0164,1.997,1.1724,0.921,,,-1.5518,-9.0,4.0,1.6228,35.4571,cnn,3,5,2,10,0.6667,1,0,1,2,normal,Normal / Mild Pullback,False,28.698,-5.0519,26.6529,-10.4983,30.3054,-6.5597,29.5834,-2.5844,23.6778,-10.6908,-10.6908
2022-06-06,25.07,102.26,387.7021,298.9234,60.8505,73.1246,56.6081,102.44,137.7909,,,3.04,0.28,-0.236,37.0614,,-0.65,-13.5314,-23.7633,1.7921,0.9828,0.8194,,,-1.1769,-8.0,2.0,2.4745,42.8,cnn,3,5,2,10,0.6667,2,0,0,2,normal,Normal / Mild Pullback,False,28.6377,-8.9342,29.7237,-8.5237,34.801,-6.5287,29.5932,-3.6191,23.712,-10.9619,-10.9619
2022-06-07,24.02,102.61,391.421,301.5019,60.9908,73.2229,57.075,102.32,139.1067,,,2.98,0.25,-0.236,37.0614,,-2.17,-12.7019,-23.1057,1.5622,2.2968,2.0884,,,-1.2832,-7.0,-5.0,0.4408,45.6286,cnn,3,5,2,10,0.6667,1,0,0,1,normal,Normal / Mild Pullback,False,26.1258,-10.0712,22.707,-9.5571,33.5592,-6.0301,29.9592,-4.2353,23.6309,-11.8079,-11.8079
2022-06-08,23.96,105.29,387.1654,299.3322,60.4684,72.5728,56.1059,102.54,137.1423,,,3.03,0.28,-0.236,37.0614,,-1.73,-13.6511,-23.6591,0.8597,0.8427,0.7486,,,-1.3279,4.0,-6.0,1.2477,48.1143,cnn,3,5,2,10,0.6667,1,0,0,1,normal,Normal / Mild Pullback,False,26.5402,-7.7866,34.0347,-7.6667,34.9826,-5.0754,29.8238,-4.2035,23.6248,-10.8385,-10.8385
2022-06-09,26.09,105.29,377.9574,291.3147,59.985,71.9757,54.2997,103.22,134.029,,,3.04,0.29,-0.236,46.875,,1.37,-15.7047,-25.7038,1.5558,0.6362,0.4338,,,-0.6066,13.0,8.0,0.4597,47.0571,cnn,3,5,2,10,0.6667,2,0,1,3,normal,Normal / Mild Pullback,False,27.3667,-8.6663,36.0496,-2.4101,38.6954,-3.8736,28.9441,-2.2399,23.1289,-8.6663,-8.6663
2022-06-10,27.75,114.23,366.9984,281.0398,58.9637,70.6982,52.6433,104.15,130.3783,,,3.15,0.39,-0.211,46.875,,2.96,-18.1489,-28.3243,2.0671,-1.0386,-1.193,,,-0.6676,31.0,14.0,0.1988,40.0,cnn,3,5,2,10,0.6667,2,0,1,3,normal,Normal / Mild Pullback,False,29.3988,-5.7362,36.7801,0.1202,35.7161,-1.8792,27.2282,2.488,22.6151,-5.939,-5.939
2022-06-13,34.02,139.21,353.0641,267.9725,56.9913,68.2718,51.1631,105.08,125.1339,,,3.43,0.69,-0.211,46.875,,8.95,-21.2566,-31.657,1.8209,-4.4612,-4.7045,,,0.4973,50.0,45.0,2.7038,25.0857,cnn,3,5,2,10,0.6667,4,2,2,8,normal,Normal / Mild Pullback,False,30.8488,0.4507,35.1482,1.9452,31.0661,1.4577,23.395,7.2292,21.124,-2.2267,-2.2267
2022-06-14,32.69,144.09,352.0002,268.4591,57.3655,68.8161,51.542,105.52,124.4853,,,3.49,0.89,-0.211,46.875,,8.67,-21.4939,-31.5329,2.0586,-3.6959,-3.7527,,,1.2765,61.0,69.0,4.5469,20.5286,cnn,3,5,2,10,0.6667,4,2,3,9,panic,Panic Pullback,False,30.8474,0.5717,35.074,2.17,30.9875,1.5172,23.3835,9.2242,21.3051,-1.9312,-1.9312
2022-06-15,29.62,135.93,357.0184,275.163,58.4804,70.0406,51.9561,105.16,125.6806,,,3.33,0.63,-0.211,46.875,,5.66,-20.3747,-29.8231,1.8442,-1.7346,-1.9574,,,1.7415,35.0,36.0,2.3014,29.2571,cnn,3,5,2,10,0.6667,4,0,2,6,normal,Normal / Mild Pullback,False,30.2782,0.13,34.1727,-0.0845,30.5881,2.0025,23.8036,8.8463,21.2287,-3.3096,-3.3096
2022-06-16,32.95,138.1,345.2025,264.0611,57.5526,68.8765,50.0882,103.63,121.233,,,3.28,0.66,-0.211,58.3333,,6.86,-23.01,-32.6545,1.9362,-2.4919,-2.7777,,,-0.1734,39.0,49.0,0.3449,17.7,cnn,3,5,2,10,0.6667,4,0,4,8,panic,Panic Pullback,False,29.2046,6.8499,22.7688,4.4284,24.4316,4.6229,20.3605,7.6771,22.0887,0.2156,0.2156
2022-06-17,31.13,133.75,345.9467,267.272,57.7319,69.2696,50.8548,104.7,121.511,,,3.25,0.67,-0.188,58.3333,,3.38,-22.844,-31.8356,2.0967,-2.84,-2.9037,,,1.9276,41.0,42.0,2.2718,16.9286,cnn,3,5,2,10,0.6667,3,0,4,7,panic,Panic Pullback,False,29.2409,6.2128,24.9012,4.4006,24.4386,7.2186,22.1255,7.8555,22.0943,2.3315,2.3315
2022-06-21,30.19,138.91,354.6554,274.0151,57.6929,69.0353,51.6748,104.44,123.6098,,,3.31,0.7,-0.188,58.3333,,-3.83,-20.9017,-30.1159,1.6511,-2.8422,-3.1402,,,1.2506,53.0,47.0,1.1428,19.7286,cnn,3,5,2,10,0.6667,3,1,4,8,panic,Panic Pullback,False,30.8707,1.4877,30.4866,2.1809,21.5929,5.2524,20.682,4.0126,21.6862,-0.1813,-0.1813
2022-06-22,28.95,129.94,354.0125,273.6154,57.6773,69.0731,51.7191,104.2,123.5446,,,3.16,0.62,-0.188,58.3333,,-3.74,-21.0451,-30.2178,1.5865,-3.2481,-3.3728,,,2.0768,30.0,36.0,0.8395,26.8857,cnn,3,5,2,10,0.6667,3,2,3,8,panic,Panic Pullback,False,29.9334,1.5892,30.3963,3.8997,22.3443,6.5173,20.7814,3.4066,21.7476,0.7639,0.7639
2022-06-23,29.05,125.98,357.4827,277.6904,58.0905,69.5644,51.0099,104.43,124.5694,,,3.09,0.59,-0.188,59.3381,,-0.57,-20.2711,-29.1785,1.8533,-3.1354,-3.1546,,,2.5231,33.0,38.0,-1.5235,26.7429,cnn,3,5,2,10,0.6667,3,2,3,8,panic,Panic Pullback,False,30.1782,-0.2143,30.6047,2.8064,22.1887,4.5046,21.0792,3.1969,21.7149,-0.2143,-0.2143
2022-06-24,27.23,127.0,368.8484,287.2051,58.5038,70.033,52.7918,104.19,128.6217,,,3.13,0.57,-0.172,59.3381,,-5.72,-17.7363,-26.7519,1.5026,-3.9024,-3.9612,,,2.087,38.0,38.0,-1.8954,30.8571,cnn,3,5,2,10,0.6667,3,2,3,8,panic,Panic Pullback,False,32.2655,-2.2662,17.9889,-1.4997,16.4337,1.4074,18.0604,-1.1311,20.8807,-3.2891,-3.2891
2022-06-27,26.95,133.22,367.4396,285.0994,58.1451,69.7005,52.712,103.94,128.5565,,,3.2,0.65,-0.172,59.3381,,-4.18,-18.0505,-27.289,1.9899,-5.8013,-5.8458,,,2.0721,45.0,52.0,-1.8579,30.7714,cnn,3,5,2,10,0.6667,3,4,3,10,normal,Normal / Mild Pullback,False,31.3536,-1.7062,18.5879,-1.997,16.8251,0.5919,18.5496,-2.4833,21.1718,-2.9183,-2.9183
2022-06-28,28.36,135.22,359.9317,276.4134,57.5058,68.7707,52.4017,104.51,126.6002,,,3.2,0.72,-0.172,59.3381,,-1.83,-19.7249,-29.5042,2.3503,-7.6618,-7.9626,,,2.7934,46.0,61.0,0.4735,28.1429,cnn,3,5,2,10,0.6667,3,4,3,10,normal,Normal / Mild Pullback,False,30.4097,0.683,10.7537,-0.4781,13.5005,5.3566,18.8916,-1.2854,20.8186,-0.8932,-1.2854
2022-06-29,28.16,130.43,359.6385,276.6668,57.4201,68.6497,51.9585,105.11,125.8269,,,3.1,0.74,-0.172,59.3381,,-0.79,-19.7903,-29.4396,1.7675,-6.9994,-7.5096,,,3.3022,25.0,53.0,-0.8083,26.5429,cnn,3,5,2,10,0.6667,3,5,3,11,defensive,Systemic Stress,False,30.4227,2.2743,14.0204,-0.6389,13.5361,6.765,19.1585,-2.8602,21.0973,-0.8124,-2.8602
2022-06-30,28.71,135.5,356.7167,273.2353,57.3889,68.5666,51.4975,104.69,125.0444,,,2.98,0.65,-0.172,46.697,,-0.34,-20.442,-30.3148,2.616,-6.7047,-7.2874,,,2.0868,4.0,36.0,-0.3985,24.3714,cnn,3,5,2,10,0.6667,3,4,3,10,normal,Normal / Mild Pullback,False,30.4234,3.0272,10.3312,2.0888,15.9392,9.2087,19.0516,-3.0334,21.1282,0.175,-3.0334
2022-07-01,26.7,144.17,360.4896,275.0387,57.9363,69.1614,52.3574,105.14,126.5722,,,2.88,0.54,-0.166,46.697,,-0.53,-19.6005,-29.8548,2.5777,-6.2071,-6.7595,,,3.3114,-4.0,28.0,0.0626,24.5714,cnn,3,5,2,10,0.6667,3,5,3,11,defensive,Systemic Stress,False,29.7237,0.7843,14.9844,0.1863,15.9431,7.7458,19.0788,-4.2932,21.0061,-0.8735,-4.2932
2022-07-05,27.54,156.16,361.1704,279.7473,57.8815,69.1007,52.5347,106.5,126.2741,,,2.82,0.52,-0.166,46.697,,0.59,-19.4487,-28.654,1.6337,-5.5927,-6.1143,,,4.2687,-14.0,30.0,-0.2148,22.1714,cnn,3,5,2,10,0.6667,3,5,3,11,defensive,Systemic Stress,False,29.4298,-0.2959,16.6927,2.6992,20.7952,6.8332,19.4236,-2.594,21.4056,-1.0603,-4.4736
2022-07-06,26.73,151.14,362.3902,281.5411,57.6622,68.8348,52.1446,107.1,126.3021,,,2.93,0.64,-0.166,46.697,,-1.63,-19.1766,-28.1965,1.5124,-5.2395,-5.8665,,,4.549,-11.0,36.0,-1.4508,22.8286,cnn,3,5,2,10,0.6667,3,5,3,11,defensive,Systemic Stress,False,29.4394,-1.1533,16.5259,3.0059,20.8773,8.1409,19.9033,-4.9497,21.8038,-1.3933,-4.9497
2022-07-07,26.08,149.71,367.8177,287.5658,58.6019,69.9515,52.7031,107.13,128.1372,,,3.01,0.68,-0.166,52.809,,-2.08,-17.9661,-26.66,0.9834,-3.9167,-4.4677,,,4.7009,3.0,43.0,-1.7344,27.6,cnn,3,5,2,10,0.6667,3,3,3,9,panic,Panic Pullback,False,29.8097,-2.8484,7.0238,2.5193,20.2472,6.4732,19.53,-7.8004,21.7596,-2.8484,-7.8004
2022-07-08,24.64,145.25,367.5152,287.9265,58.6489,70.0958,52.5436,107.01,127.6622,,,3.09,0.72,-0.169,52.809,,-4.07,-18.0336,-26.568,-0.0609,-3.009,-3.4131,,,4.3593,6.0,44.0,-1.342,31.3429,cnn,3,5,2,10,0.6667,2,3,3,8,normal,Normal / Mild Pullback,False,29.6679,-0.9108,19.2149,1.6518,21.0691,6.3807,19.5558,-5.2883,22.4733,-2.7684,-7.7245
2022-07-11,26.17,147.72,363.3169,281.7751,58.32,69.7084,52.0205,108.02,126.4884,,,2.99,0.67,-0.169,52.809,,-0.53,-18.97,-28.1368,0.1284,-2.7758,-3.15,,,4.6503,-5.0,38.0,-0.3369,30.3714,cnn,3,5,2,10,0.6667,3,2,3,8,panic,Panic Pullback,False,28.8,-0.5934,18.3151,2.9513,19.7785,7.4851,18.8659,-1.2252,23.2633,-1.6449,-6.6582
2022-07-12,27.29,148.11,360.1019,279.0454,58.555,69.9667,52.0028,108.07,125.8829,,,2.96,0.64,-0.169,52.809,,-0.25,-19.687,-28.833,0.5539,-0.6933,-1.0347,,,3.7638,-19.0,25.0,0.6751,30.3143,cnn,3,5,2,10,0.6667,3,1,3,7,panic,Panic Pullback,False,27.117,3.004,25.051,2.6416,20.3317,8.0141,18.5117,-0.5753,23.1974,-0.7667,-5.8248
2022-07-13,26.82,136.1,358.2108,278.4702,58.4923,69.83,51.1251,107.96,125.1842,,,2.91,0.6,-0.169,52.809,,0.09,-20.1088,-28.9797,-0.0451,2.6338,2.2823,,,2.7408,-52.0,-9.0,-1.51,27.2857,cnn,3,5,2,10,0.6667,3,0,3,6,panic,Panic Pullback,False,23.4032,4.2077,23.0619,5.8628,22.7544,10.865,19.1095,-1.0815,23.2695,-0.2429,-5.3277
2022-07-14,26.4,137.76,357.3408,279.4646,58.3827,69.6324,50.3805,108.54,124.1967,,,2.96,0.62,-0.169,46.5257,,0.32,-20.3028,-28.7261,-0.3398,1.7732,1.1863,,,2.862,-53.0,-27.0,-3.7144,26.5143,cnn,3,5,2,10,0.6667,3,0,2,5,normal,Normal / Mild Pullback,False,23.3914,5.5251,21.0339,7.4515,22.4916,11.1349,19.0006,-3.6066,23.9692,1.0691,-5.0972
2022-07-15,24.23,129.85,364.1678,284.534,59.1266,70.5897,52.0648,108.06,126.5536,,,2.93,0.57,-0.183,46.5257,,-0.41,-18.7802,-27.4332,-0.5067,1.1051,0.7839,,,2.7577,-40.0,-6.0,-1.758,33.2857,cnn,3,5,2,10,0.6667,2,0,2,4,normal,Normal / Mild Pullback,False,23.8192,2.5861,23.533,6.9743,21.9455,10.8976,18.8112,-6.1359,23.661,-0.8257,-6.8763
2022-07-18,25.3,127.69,361.161,282.1261,58.555,69.8983,52.3751,107.37,126.0039,,,2.96,0.59,-0.183,46.5257,,-0.87,-19.4508,-28.0473,-0.8223,1.7417,1.4835,,,3.609,-32.0,-7.0,-0.0547,35.8857,cnn,3,5,2,10,0.6667,3,1,2,6,normal,Normal / Mild Pullback,False,20.4887,3.5659,20.9495,7.5455,21.0694,12.2817,18.137,-5.9538,23.639,2.3406,-6.101
2022-07-19,24.5,124.7,370.9193,290.8022,59.3303,70.8479,53.9974,106.68,129.6185,,,3.01,0.62,-0.183,46.5257,,-2.79,-17.2744,-25.8345,-0.7102,2.7686,2.2785,,,1.8911,-24.0,-5.0,-0.969,39.3143,cnn,3,5,2,10,0.6667,2,0,2,4,normal,Normal / Mild Pullback,False,22.2813,-0.3518,15.2785,4.0253,19.019,9.5419,16.4041,-8.7301,22.9271,-0.3518,-8.7301
2022-07-20,23.88,122.9,373.2832,295.4135,59.5887,71.205,54.7421,107.08,130.4848,,,3.04,0.66,-0.183,46.5257,,-2.94,-16.7472,-24.6585,-0.6982,3.286,3.1429,,,2.5278,-27.0,-4.0,0.6494,44.0857,cnn,3,5,2,10,0.6667,2,0,1,3,normal,Normal / Mild Pullback,False,20.8164,1.5883,24.337,4.9852,19.8838,8.0756,16.8984,-6.9146,23.5626,-0.9828,-9.308
2022-07-21,23.11,121.15,377.0844,299.6541,60.2935,72.1166,54.8308,106.91,131.5002,,,2.91,0.58,-0.183,42.1918,,-3.29,-15.8994,-23.577,-0.6598,4.5359,4.4062,,,2.6008,-25.0,-4.0,-0.4702,48.2,cnn,3,5,2,10,0.6667,2,0,1,3,normal,Normal / Mild Pullback,False,20.9111,1.8255,24.8103,3.8567,19.8223,7.2971,16.7379,-9.9528,23.8608,-1.981,-10.2223
2022-07-22,23.03,123.7,373.5857,294.3996,60.2152,72.0179,54.2634,106.73,130.7363,,,2.77,0.43,-0.201,42.1918,,-1.2,-16.6797,-24.9171,-0.8242,3.6575,3.5269,,,2.2024,-32.0,-16.0,1.7929,42.4286,cnn,3,5,2,10,0.6667,2,0,1,3,normal,Normal / Mild Pullback,False,21.212,4.2775,22.6486,4.6521,18.7509,6.8466,17.2256,-6.7739,24.4427,-1.063,-9.3815
2022-07-25,23.36,128.27,374.0396,292.7228,60.1995,71.9798,55.1765,106.48,131.0624,,,2.81,0.45,-0.201,42.1918,,-1.94,-16.5785,-25.3447,-0.6048,2.8986,2.7799,,,2.1979,-32.0,-12.0,3.0667,42.2,cnn,3,5,2,10,0.6667,2,0,1,3,normal,Normal / Mild Pullback,False,18.1231,3.8426,23.6536,4.4038,18.9064,4.4948,19.2748,-5.793,24.58,-1.1831,-9.4914
2022-07-26,24.69,128.55,369.6144,286.9711,59.7766,71.4861,54.751,107.19,130.0377,,,2.81,0.45,-0.201,42.1918,,0.19,-17.5654,-26.8116,0.5703,2.806,2.5619,,,3.1268,-39.0,-20.0,3.257,42.0,cnn,3,5,2,10,0.6667,2,1,1,4,normal,Normal / Mild Pullback,False,18.6082,4.3925,21.0749,5.2342,17.3594,5.49,18.6383,-5.3407,24.5088,2.5966,-8.4078
2022-07-27,23.24,117.28,379.2119,299.0984,60.4345,72.223,55.7527,106.45,132.5622,,,2.78,0.36,-0.201,42.1918,,-0.64,-15.4249,-23.7187,-0.7496,5.0928,5.0199,,,1.8563,-42.0,-36.0,0.9854,46.6286,cnn,3,5,2,10,0.6667,1,0,1,2,normal,Normal / Mild Pullback,False,19.016,3.3438,16.6969,4.7252,15.8595,3.1493,16.5575,-8.5101,23.9197,1.2543,-10.7259
2022-07-28,22.33,119.93,383.9682,302.023,61.0531,73.0282,55.7616,106.35,134.6582,,,2.68,0.2,-0.201,40.099,,-0.78,-14.3641,-22.9728,-0.1009,6.3272,6.378,,,1.1797,-42.0,-54.0,0.5194,48.4857,cnn,3,5,2,10,0.6667,1,0,1,2,normal,Normal / Mild Pullback,False,19.2797,1.9947,16.3815,3.428,15.359,3.3098,16.7019,-7.4476,24.3209,0.49,-11.8318
2022-07-29,21.33,116.36,389.5659,307.531,61.2333,73.2182,56.5417,105.9,135.86,,,2.67,0.14,-0.219,40.099,,-1.7,-13.1157,-21.5681,-1.019,6.6989,6.784,,,1.1558,-31.0,-51.0,0.5369,52.4,cnn,3,5,2,10,0.6667,1,0,1,2,normal,Normal / Mild Pullback,False,19.1719,0.3592,13.6278,3.6676,15.863,-1.6214,20.3397,-7.6613,24.2615,-1.6214,-13.0987
2022-08-01,22.84,120.5,388.4122,307.3457,61.2521,73.354,56.5861,105.45,135.5991,,,2.6,0.09,-0.219,40.099,,-0.52,-13.373,-21.6153,-0.6636,5.7233,6.0619,,,0.2948,-28.0,-45.0,0.307,59.0857,cnn,3,5,2,10,0.6667,2,0,1,3,normal,Normal / Mild Pullback,False,19.2035,0.5405,13.3786,4.4039,15.4346,-1.9816,20.4326,-5.9081,24.5122,-1.9816,-12.8406
2022-08-02,23.93,129.23,385.8498,306.4295,60.9691,72.9877,55.93,106.24,134.6396,,,2.75,0.27,-0.219,40.099,,-0.76,-13.9445,-21.849,-1.2699,5.3344,5.6251,,,-0.2441,-7.0,-25.0,-0.3464,57.3714,cnn,3,5,2,10,0.6667,2,0,1,3,normal,Normal / Mild Pullback,False,19.549,0.8063,12.5257,5.3031,14.2925,-2.4139,20.6528,-5.9968,24.5222,-2.4139,-12.2618
2022-08-03,21.95,122.04,391.892,314.7743,61.5037,73.6287,56.5417,106.51,136.037,,,2.73,0.23,-0.219,40.099,,-1.29,-12.5969,-19.7208,-1.4678,6.6621,6.9644,,,-0.5509,-20.0,-41.0,0.2696,60.2571,cnn,3,5,2,10,0.6667,2,0,1,3,normal,Normal / Mild Pullback,False,20.0289,1.3367,16.2143,2.9436,14.2153,-4.6495,19.7783,-7.9404,24.2919,-4.6495,-13.6145
2022-08-04,21.44,120.57,391.6272,316.2463,61.6688,73.8195,56.0985,105.69,135.7482,,,2.68,0.22,-0.219,38.8889,,-0.89,-12.6559,-19.3453,-1.8478,5.2334,5.5295,,,-1.3442,-33.0,-46.0,-0.0289,61.5143,cnn,3,5,2,10,0.6667,2,0,0,2,normal,Normal / Mild Pullback,False,19.6579,1.4052,16.1338,3.3127,14.076,-4.2857,19.8678,-5.6866,24.8218,-4.5851,-13.5561
2022-08-05,21.15,122.58,390.9654,313.6629,61.3543,73.5143,56.7722,106.62,135.8972,,,2.83,0.37,-0.232,38.8889,,-0.18,-12.8036,-20.0042,-1.0902,4.6129,4.8768,,,-0.3645,-26.0,-35.0,1.5672,63.3143,cnn,3,5,2,10,0.6667,2,0,0,2,normal,Normal / Mild Pullback,False,19.6839,3.2965,18.1117,2.0969,16.3176,-5.1346,20.0886,-6.2093,24.8548,-5.1346,-13.4098
2022-08-08,21.29,124.12,390.5115,312.6491,61.4094,73.6134,56.7456,106.44,136.2792,,,2.77,0.29,-0.232,38.8889,,-1.55,-12.9048,-20.2628,-0.9961,5.2973,5.6019,,,-1.4627,-22.0,-38.0,1.4868,64.7429,cnn,3,5,2,10,0.6667,2,0,0,2,normal,Normal / Mild Pullback,False,18.9999,3.8427,17.0654,0.0872,20.0475,-5.3827,20.0846,-6.5112,24.8641,-5.3827,-13.3091
2022-08-09,21.77,125.12,388.9608,309.1103,60.9534,73.0487,56.9407,106.37,135.4873,,,2.8,0.33,-0.232,38.8889,,-2.16,-13.2506,-21.1653,-1.7014,4.096,4.405,,,-1.5731,-16.0,-31.0,1.3714,64.4571,cnn,3,5,2,10,0.6667,2,0,0,2,normal,Normal / Mild Pullback,False,18.6489,4.4609,14.9273,0.2431,19.9742,-3.2989,21.3584,-8.494,25.3526,-5.0055,-12.9635
2022-08-10,19.74,115.26,397.1305,317.7378,61.8654,74.1477,58.1995,105.2,138.3845,,,2.78,0.35,-0.232,38.8889,,-2.21,-11.4286,-18.965,-1.5645,5.7667,6.1832,,,-2.5565,-13.0,-25.0,2.681,65.1143,cnn,3,5,2,10,0.6667,0,0,0,0,normal,Normal / Mild Pullback,False,19.2539,1.5857,13.8343,-1.5048,16.5703,-4.6692,19.9199,-11.2993,24.985,-6.9597,-14.754
2022-08-11,20.2,111.11,397.1305,315.9344,61.5116,73.7813,59.0062,105.09,138.9994,,,2.87,0.4,-0.232,36.6559,,-1.24,-11.4286,-19.4249,-1.1796,5.3593,5.9583,,,-3.1786,-9.0,-22.0,5.3865,65.8286,cnn,3,5,2,10,0.6667,1,0,0,1,normal,Normal / Mild Pullback,False,19.1446,1.881,13.5693,-0.1143,18.3304,-3.1882,20.8931,-10.0226,25.2045,-6.9597,-14.754
2022-08-12,19.53,106.28,403.8535,322.0857,62.0619,74.4605,59.9105,105.63,141.2444,,,2.84,0.37,-0.239,36.6559,,-1.62,-9.9291,-17.8561,-1.3143,4.9644,5.4837,,,-2.2488,-9.0,-20.0,3.7614,68.0286,cnn,3,5,2,10,0.6667,0,0,0,0,normal,Normal / Mild Pullback,False,18.952,-1.1613,12.1844,-5.1019,22.6356,-3.7766,20.2839,-10.6741,25.0194,-8.5085,-16.1731
2022-08-15,19.95,113.82,405.5176,324.6887,61.9519,74.3155,60.2207,106.55,141.5518,,,2.79,0.35,-0.239,36.6559,,-1.34,-9.558,-17.1922,-1.7819,5.8012,6.3195,,,-0.7637,-17.0,-24.0,2.4029,66.8286,cnn,3,5,2,10,0.6667,0,0,0,0,normal,Normal / Mild Pullback,False,18.2792,-3.6165,16.2169,-6.1162,22.0276,-8.3384,25.1173,-10.5607,25.0338,-8.884,-16.5171
2022-08-16,19.69,116.83,406.312,323.9283,61.661,74.0332,60.7615,106.5,141.9617,,,2.82,0.38,-0.239,36.6559,,-2.08,-9.3808,-17.3862,-2.0707,3.9283,4.4959,,,-0.1687,-19.0,-24.0,2.7248,67.9429,cnn,3,5,2,10,0.6667,0,0,0,0,normal,Normal / Mild Pullback,False,16.5129,-4.0377,14.873,-7.3284,21.6241,-8.1685,25.1875,-12.5746,25.3189,-9.0621,-16.6803
2022-08-17,19.9,117.7,403.4279,320.2335,61.0242,73.2624,60.0523,106.57,140.6296,,,2.89,0.43,-0.239,36.6559,,0.16,-10.024,-18.3285,-2.2535,2.4089,2.8895,,,-0.4763,-15.0,-23.0,1.5034,67.1429,cnn,3,5,2,10,0.6667,0,0,0,0,normal,Normal / Mild Pullback,False,17.0079,-3.0423,17.0128,-7.3761,21.6224,-8.562,25.2981,-7.1109,27.7507,-8.562,-16.0847
2022-08-18,19.56,120.26,404.6005,321.0036,61.1185,73.3311,60.2385,107.48,141.0768,,,2.88,0.36,-0.239,37.1528,,-0.64,-9.7625,-18.1321,-1.7819,1.3682,1.6841,,,0.5332,-3.0,-22.0,2.391,66.3714,cnn,3,5,2,10,0.6667,1,0,0,1,normal,Normal / Mild Pullback,False,16.8493,-1.9585,21.8842,-7.3547,21.6542,-9.5226,25.167,-6.4837,27.8277,-9.5226,-16.3279
2022-08-19,20.6,123.81,399.1635,314.745,60.4974,72.5603,59.2544,108.17,139.2136,,,2.98,0.43,-0.237,37.1528,,1.07,-10.9751,-19.7282,-1.8991,0.4687,0.7532,,,1.3492,21.0,0.0,2.2006,63.7143,cnn,3,5,2,10,0.6667,2,0,0,2,normal,Normal / Mild Pullback,False,17.3283,-3.9869,30.8445,-7.083,21.4804,-7.579,25.3423,-6.0162,27.7513,-8.2902,-15.1882
2022-08-22,23.8,135.89,390.8519,306.4586,59.8134,71.7132,57.8538,109.05,136.3071,,,3.03,0.46,-0.237,37.1528,,3.85,-12.8289,-21.8416,-2.1655,-0.6414,-0.3704,,,2.4136,22.0,1.0,0.342,60.3143,cnn,3,5,2,10,0.6667,2,0,0,2,normal,Normal / Mild Pullback,False,19.3411,-2.5934,28.6656,-5.4651,20.1022,-6.697,24.7085,-3.199,27.5008,-6.697,-13.3846
2022-08-23,24.11,133.85,389.9062,306.2052,59.9628,71.8659,57.5258,108.62,135.9531,,,3.05,0.47,-0.237,37.1528,,4.42,-13.0398,-21.9062,-2.2922,0.3115,0.5312,,,1.3341,24.0,2.0,-0.4001,57.4286,cnn,3,5,2,10,0.6667,2,0,0,2,normal,Normal / Mild Pullback,False,18.7091,-3.4291,28.7816,-3.5334,23.3116,-8.1023,25.2057,-3.7045,27.537,-8.1023,-13.1746
2022-08-24,22.82,133.13,391.1544,307.0924,60.0335,71.9727,57.4016,108.68,136.6332,,,3.11,0.49,-0.237,37.1528,,2.92,-12.7614,-21.6799,-1.9618,-0.6634,-0.3465,,,2.0949,33.0,13.0,-0.1859,57.5143,cnn,3,5,2,10,0.6667,2,0,0,2,normal,Normal / Mild Pullback,False,16.5856,-4.4697,27.3614,-3.2127,23.6397,-9.165,25.0894,-4.3055,27.5297,-9.165,-13.4516
2022-08-25,21.78,126.33,396.6766,312.5223,60.5996,72.5756,58.2616,108.47,138.7385,,,3.03,0.43,-0.237,42.3823,,2.22,-11.5298,-20.2951,-1.4637,-0.7429,-0.6198,,,1.9934,35.0,23.0,1.136,58.2571,cnn,3,5,2,10,0.6667,2,0,1,3,normal,Normal / Mild Pullback,False,16.7322,-5.504,22.1504,-3.0774,23.9343,-11.9302,24.4034,-5.2092,27.3808,-11.9302,-14.6565
2022-08-26,25.56,122.95,383.2494,299.7126,59.6011,71.4232,56.8431,108.8,134.267,,,3.04,0.47,-0.225,42.3823,,4.96,-14.5244,-23.5621,-1.047,-2.6654,-2.4515,,,2.7384,37.0,33.0,2.19,55.7429,cnn,3,5,2,10,0.6667,3,0,1,4,normal,Normal / Mild Pullback,False,20.2435,-3.2247,9.1019,1.3965,17.1697,-9.7465,22.1055,-2.245,26.4821,-9.7465,-11.6665
2022-08-29,26.21,130.14,380.7154,296.7588,59.3732,71.1256,55.9566,108.84,133.4845,,,3.12,0.54,-0.225,42.3823,,2.41,-15.0896,-24.3154,-0.8263,-3.0676,-3.0378,,,3.2148,52.0,45.0,0.8869,54.2857,cnn,3,5,2,10,0.6667,3,3,1,7,normal,Normal / Mild Pullback,False,20.3379,-2.9481,9.3096,-2.367,28.7258,-9.3777,22.1161,-0.27,26.5973,-9.3777,-11.0785
2022-08-30,26.21,127.69,376.5359,293.4539,58.9172,70.5685,55.9123,108.77,132.0778,,,3.11,0.56,-0.225,42.3823,,2.1,-16.0217,-25.1583,-1.2447,-3.3655,-3.3145,,,2.3814,36.0,29.0,2.4411,49.8,cnn,3,5,2,10,0.6667,3,2,1,6,normal,Normal / Mild Pullback,False,20.5583,-0.108,17.9531,-0.9066,28.4405,-6.5689,23.6009,1.4724,26.5282,-8.3718,-10.0915
2022-08-31,25.87,124.84,373.6709,291.7479,58.5948,70.1259,55.4868,108.7,131.1276,,,3.15,0.67,-0.225,42.3823,,3.05,-16.6607,-25.5934,-1.2625,-4.7297,-4.7575,,,2.0561,42.0,44.0,2.9195,52.0857,cnn,3,5,2,10,0.6667,3,2,1,6,normal,Normal / Mild Pullback,False,19.6765,1.3159,17.0563,-1.2804,28.7524,-7.8191,24.3932,2.2275,26.4776,-7.8191,-9.4021
2022-09-01,25.56,126.58,374.8433,291.8747,58.7497,70.2563,55.1676,109.69,131.2394,,,3.26,0.81,-0.225,50.411,,3.78,-16.3992,-25.561,-1.4831,-4.7336,-4.8269,,,3.7847,58.0,59.0,2.744,49.3714,cnn,3,5,2,10,0.6667,3,3,2,8,normal,Normal / Mild Pullback,False,19.7647,2.568,19.3643,-2.34,28.798,-9.5285,24.5642,0.2816,26.684,-9.5285,-9.6855
2022-09-02,25.47,120.72,370.8908,287.7511,58.7102,70.2793,54.7598,109.53,130.2892,,,3.2,0.73,-0.204,50.411,,-0.09,-17.2807,-26.6127,-0.8284,-4.3097,-4.4004,,,2.7293,37.0,36.0,1.676,42.4571,cnn,3,5,2,10,0.6667,3,2,2,7,normal,Normal / Mild Pullback,False,19.9882,4.7751,13.5288,-0.5338,28.8005,-6.1503,26.8018,1.1762,26.5946,-8.5643,-8.7231
2022-09-06,26.91,133.54,369.4915,285.6843,58.5522,70.1182,53.8733,110.21,129.9259,,,3.33,0.85,-0.204,50.411,,0.7,-17.5928,-27.1398,-0.8403,-4.6527,-4.7481,,,3.5419,56.0,56.0,0.3392,40.6286,cnn,3,5,2,10,0.6667,3,3,2,8,normal,Normal / Mild Pullback,False,19.9855,0.5988,41.095,-1.3032,29.3048,-2.8758,29.3433,4.7586,27.3186,-8.218,-8.3774
2022-09-07,24.64,133.12,376.1293,291.4556,59.3975,71.0313,54.9105,109.84,132.7765,,,3.27,0.82,-0.204,50.411,,-1.57,-16.1124,-25.6679,-0.6329,-2.5525,-2.7618,,,3.2622,47.0,49.0,-0.2755,39.6286,cnn,3,5,2,10,0.6667,2,1,3,6,normal,Normal / Mild Pullback,False,21.2739,-0.7994,38.6598,-4.7362,28.2066,-4.8119,28.4467,2.8341,27.0882,-9.8378,-9.9943
2022-09-08,23.61,124.14,378.5878,292.9665,59.6582,71.3229,56.0896,109.71,133.9223,,,3.29,0.88,-0.204,53.271,,-2.26,-15.5641,-25.2826,-0.1921,-3.5676,-3.8097,,,4.2871,51.0,53.0,1.095,40.3714,cnn,3,5,2,10,0.6667,2,3,2,7,normal,Normal / Mild Pullback,False,19.8051,-2.5626,38.382,-6.1499,27.5095,-6.4057,28.371,2.0484,27.0606,-10.4233,-10.5788
2022-09-09,22.79,121.54,384.4693,299.3714,59.8953,71.6298,56.7811,109.0,135.7668,,,3.33,0.91,-0.179,53.271,,-2.77,-14.2524,-23.6491,-0.148,-2.6276,-2.9161,,,3.7206,46.0,51.0,-0.6021,43.8,cnn,3,5,2,10,0.6667,2,1,2,5,normal,Normal / Mild Pullback,False,20.7891,-4.7851,33.7991,-9.1339,25.0216,-10.4082,28.7837,-1.3204,27.1361,-11.7936,-11.9467
2022-09-12,23.87,123.07,388.6014,302.9297,60.077,71.8677,57.3485,108.33,137.0338,,,3.37,0.95,-0.179,53.271,,-1.6,-13.3308,-22.7416,0.1719,-3.1983,-3.4822,,,2.5561,53.0,58.0,-0.5194,47.6,cnn,3,5,2,10,0.6667,2,2,2,6,normal,Normal / Mild Pullback,False,20.1673,-5.067,32.7144,-10.9895,22.3422,-12.0377,28.1451,-3.777,27.1949,-12.7315,-12.883
2022-09-13,27.27,128.87,371.704,286.3179,58.7102,70.2486,55.5311,109.82,131.612,,,3.42,0.98,-0.179,53.271,,0.36,-17.0994,-26.9782,0.821,-5.2327,-5.4725,,,3.069,63.0,63.0,0.6011,36.6286,cnn,3,5,2,10,0.6667,3,5,3,11,defensive,Systemic Stress,False,24.8375,-1.8907,14.2786,-7.1807,13.1005,-8.6213,24.3015,0.4261,25.6187,-8.7644,-8.9228
2022-09-14,26.16,125.35,373.1224,288.5894,58.7971,70.3023,55.6729,109.66,131.6027,,,3.41,0.95,-0.179,53.271,,1.52,-16.783,-26.3989,0.4169,-4.6446,-5.0394,,,2.9671,59.0,57.0,-0.2246,41.8857,cnn,3,5,2,10,0.6667,3,3,2,8,normal,Normal / Mild Pullback,False,24.9075,-3.9685,15.1373,-5.7141,18.232,-9.269,24.109,0.8281,25.6566,-9.269,-9.269
2022-09-15,26.27,124.07,368.8863,283.7833,58.4258,69.888,56.3201,109.74,130.5593,,,3.45,1.02,-0.179,45.993,,2.66,-17.7278,-27.6246,1.5474,-4.258,-4.606,,,2.9746,56.0,59.0,2.5669,40.6571,cnn,3,5,2,10,0.6667,3,2,1,6,normal,Normal / Mild Pullback,False,25.0202,-3.6817,14.871,-6.6235,19.6499,-5.8051,26.3245,1.2241,25.5937,-8.2271,-8.2271
2022-09-16,26.3,124.95,366.0721,282.048,58.6233,70.0645,55.8059,109.76,129.2551,,,3.45,1.07,-0.151,45.993,,3.51,-18.3555,-28.0672,1.1756,-4.0826,-4.4546,,,2.1213,57.0,71.0,2.392,35.2857,cnn,3,5,2,10,0.6667,3,2,2,7,normal,Normal / Mild Pullback,False,24.8944,-4.5674,16.3088,-7.3607,20.1376,-7.244,27.2379,3.4729,25.7014,-7.5215,-7.5215
2022-09-19,25.76,133.79,368.9109,284.2444,58.8445,70.3637,56.7583,109.74,130.219,,,3.49,1.15,-0.151,45.993,,1.89,-17.7223,-27.507,1.297,-2.7322,-3.0273,,,1.4514,51.0,72.0,3.6424,36.3143,cnn,3,5,2,10,0.6667,3,1,2,6,normal,Normal / Mild Pullback,False,25.0633,-6.2386,6.5722,-5.6466,25.4565,-5.5926,28.8947,3.4539,25.6992,-8.2332,-8.2332
2022-09-20,27.16,134.66,364.6764,281.9787,58.244,69.6501,56.571,110.22,128.1228,,,3.57,1.17,-0.151,45.993,,-0.11,-18.6668,-28.0849,0.7517,-2.6238,-2.8768,,,1.0729,54.0,71.0,4.8014,36.1143,cnn,3,5,2,10,0.6667,3,0,2,5,normal,Normal / Mild Pullback,False,24.4338,-5.392,9.9536,-1.5934,30.965,-3.3742,29.1458,3.986,25.6173,-7.1676,-7.1676
2022-09-21,27.99,130.54,358.315,276.9296,58.0702,69.5043,55.9022,110.64,125.9985,,,3.51,1.13,-0.151,45.993,,1.83,-20.0855,-29.3726,0.5061,-3.1563,-3.286,,,1.8597,46.0,66.0,5.7455,27.2143,cnn,3,5,2,10,0.6667,3,2,2,7,normal,Normal / Mild Pullback,False,24.9351,-1.8177,22.0878,-0.0795,29.6791,-2.3557,28.6209,3.2433,25.8762,-5.5195,-5.5195
2022-09-22,27.35,131.93,355.3052,273.5212,57.7225,69.0209,54.6271,111.35,124.1924,,,3.7,1.29,-0.151,60.8696,,1.08,-20.7568,-30.2418,-0.6245,-3.8495,-4.1013,,,2.4568,59.0,80.0,4.7684,24.4857,cnn,3,5,2,10,0.6667,3,2,5,10,extreme,Extreme Panic,False,24.8246,-3.0543,25.3961,-0.2726,29.8469,-2.3542,28.6204,2.8887,25.9367,-4.7191,-4.7191
2022-09-23,29.92,137.28,349.3521,269.0678,56.9878,68.1462,53.771,113.19,122.1055,,,3.69,1.32,-0.126,60.8696,,3.62,-22.0845,-31.3776,-0.1003,-5.9601,-6.1032,,,4.3514,66.0,89.0,4.7947,21.6857,cnn,3,5,2,10,0.6667,3,5,5,13,defensive,Systemic Stress,False,24.1337,-2.927,25.0629,-1.4023,32.0876,1.7231,29.3181,3.7546,25.7532,-3.0955,-3.0955
2022-09-26,32.26,153.61,345.8962,267.9545,56.3162,67.3558,53.3073,114.1,120.3368,,,3.88,1.56,-0.126,60.8696,,6.5,-22.8553,-31.6616,-0.7543,-5.5115,-5.6948,,,4.8713,84.0,109.0,3.9069,17.6286,cnn,3,5,2,10,0.6667,4,5,5,14,defensive,Systemic Stress,False,21.8901,0.6313,33.1646,-1.1776,31.9382,3.9966,29.2885,4.9346,25.6593,-2.1273,-2.1273
2022-09-27,32.6,158.12,345.0131,268.0619,56.1977,67.1947,52.6742,114.11,119.9531,,,3.97,1.64,-0.126,60.8696,,5.44,-23.0522,-31.6342,-0.9783,-5.3482,-5.5267,,,4.842,85.0,110.0,3.875,16.5143,cnn,3,5,2,10,0.6667,4,5,5,14,defensive,Systemic Stress,False,21.8984,4.0151,38.6288,-1.5521,32.0405,5.9277,29.6383,6.7763,25.8093,-1.8768,-1.8768
2022-09-28,30.18,158.99,351.8018,273.3943,57.2011,68.2613,53.5838,112.6,122.7418,,,3.72,1.39,-0.126,60.8696,,2.19,-21.5382,-30.2742,-0.2088,-2.9126,-3.2695,,,3.5212,61.0,83.0,2.5733,17.0286,cnn,3,5,2,10,0.6667,3,2,5,10,extreme,Extreme Panic,False,23.4066,1.7704,37.5881,-3.7703,29.8134,3.101,29.1798,3.2219,25.7112,-3.7703,-3.7703
2022-09-29,31.84,148.14,344.453,265.5129,56.6639,67.7165,52.7099,112.25,120.421,,,3.76,1.57,-0.126,60.8076,,4.49,-23.1771,-32.2843,0.3086,-3.2954,-3.4358,,,3.2659,61.0,90.0,3.0532,13.2571,cnn,3,5,2,10,0.6667,3,3,6,12,extreme,Extreme Panic,False,24.1932,2.8694,33.7316,0.8765,31.5163,4.7383,28.0737,6.0306,25.332,-1.7173,-1.7173
2022-09-30,31.62,141.89,339.1265,261.0107,56.4032,67.4095,52.5048,112.12,119.1109,,,3.83,1.68,-0.107,60.8076,,1.7,-24.3651,-33.4325,0.8201,-3.9941,-4.052,,,2.2153,57.0,87.0,5.1967,16.4571,cnn,3,5,2,10,0.6667,3,2,5,10,extreme,Extreme Panic,False,24.3707,1.5706,39.4874,0.126,32.8048,8.9143,28.1975,7.2712,25.1185,-0.1736,-0.1736
2022-10-03,30.1,152.94,348.0799,267.1341,57.1424,68.1,53.7086,111.75,122.433,,,3.67,1.43,-0.107,60.8076,,-2.16,-22.3682,-31.8708,1.2588,-2.6704,-3.1009,,,2.0268,47.0,70.0,4.5078,20.3857,cnn,3,5,2,10,0.6667,3,1,5,9,extreme,Extreme Panic,False,26.6537,-1.7976,34.0236,0.0573,32.6544,5.3463,27.2465,3.2131,24.7267,-2.7413,-2.7413
2022-10-04,29.07,151.21,358.8657,275.533,58.373,69.5659,56.0627,110.07,126.6536,,,3.62,1.38,-0.107,60.8076,,-3.53,-19.9627,-29.7288,1.3726,-0.306,-0.7878,,,-0.127,29.0,53.0,7.1453,27.8857,cnn,3,5,2,10,0.6667,3,0,4,7,panic,Panic Pullback,False,29.2548,-5.3523,16.017,-1.8097,28.8867,1.7329,25.2476,1.9131,24.201,-5.6645,-5.6645
2022-10-05,28.55,152.01,358.0302,275.3866,58.1428,69.3267,55.599,111.07,126.1576,,,3.76,1.54,-0.107,60.8076,,-1.63,-20.149,-29.7661,0.7981,-2.1125,-2.3998,,,1.1198,49.0,72.0,6.3724,29.7143,cnn,3,5,2,10,0.6667,3,0,4,7,panic,Panic Pullback,False,28.3557,-5.4443,15.6968,-2.278,29.0095,-0.5887,26.9096,1.8818,24.2025,-5.4443,-5.4443
2022-10-06,30.52,153.29,354.3367,273.2184,57.9681,69.103,55.064,112.26,124.7539,,,3.83,1.61,-0.107,54.755,,-1.32,-20.9728,-30.3191,0.7458,-2.833,-3.1125,,,2.3243,54.0,73.0,4.8904,23.1429,cnn,3,5,2,10,0.6667,3,1,4,8,panic,Panic Pullback,False,28.2893,-1.9373,30.8672,-2.0873,28.8739,-0.5868,26.9086,2.5104,24.1192,-4.4587,-4.4587
2022-10-07,31.36,148.46,344.453,262.8077,57.2614,68.3315,53.8067,112.8,121.7967,,,3.89,1.62,-0.099,54.755,,-0.26,-23.1771,-32.9742,1.7368,-4.3974,-4.6047,,,3.4862,56.0,71.0,5.7704,19.6714,cnn,3,5,2,10,0.6667,3,3,4,10,panic,Panic Pullback,False,28.6816,-1.4223,28.3855,3.1699,27.4996,3.7377,25.2252,6.2659,23.407,-1.7173,-1.7173
2022-10-10,32.45,148.46,341.8229,260.1806,56.5628,67.4674,53.6907,113.14,120.9732,,,3.89,1.62,-0.099,54.755,,2.35,-23.7637,-33.6442,1.8392,-5.8496,-6.1228,,,4.4401,52.0,67.0,6.4341,19.4,cnn,3,5,2,10,0.6667,3,5,4,12,defensive,Systemic Stress,False,28.0507,1.8888,34.0005,5.2358,27.1209,5.5358,25.1041,5.8614,23.4803,-0.9611,-0.9611
2022-10-11,33.63,155.57,339.6582,256.6061,56.7374,67.6757,53.4589,113.22,120.4304,,,3.93,1.62,-0.099,54.755,,4.56,-24.2465,-34.5558,1.6273,-3.3601,-3.6626,,,3.096,51.0,64.0,5.3511,16.8857,cnn,3,5,2,10,0.6667,3,3,4,10,panic,Panic Pullback,False,24.3673,3.7429,33.0236,7.5977,26.7823,6.7815,24.8879,8.9791,23.8455,-0.3299,-0.3299
2022-10-12,33.57,160.72,338.5378,256.5183,56.8327,67.8069,53.343,113.32,119.8034,,,3.91,1.62,-0.099,54.755,,5.02,-24.4964,-34.5782,1.2685,-3.3409,-3.5496,,,3.3376,50.0,67.0,5.6032,15.9429,cnn,3,5,2,10,0.6667,5,3,4,12,extreme,Extreme Panic,False,24.1798,3.3487,33.8965,7.1405,27.335,4.9277,26.242,9.2778,23.8288,0.3001,0.3001
2022-10-13,31.94,155.08,347.4722,262.5342,56.9597,67.938,55.706,112.36,122.6857,,,3.97,1.63,-0.099,55.9271,,1.42,-22.5038,-33.0439,1.0072,-2.5092,-2.7902,,,2.3875,52.0,61.0,5.0053,19.3714,cnn,3,5,2,10,0.6667,3,0,4,7,panic,Panic Pullback,False,26.4193,-0.153,30.0427,3.8282,25.6693,7.8476,30.9148,7.2147,23.3038,-2.2789,-2.2789
2022-10-14,32.02,152.89,339.5537,254.6432,56.7771,67.6911,54.85,113.31,119.9718,,,4.0,1.59,-0.1,55.9271,,0.66,-24.2698,-35.0564,1.3171,-3.1491,-3.3874,,,3.2343,55.0,52.0,5.963,16.4571,cnn,3,5,2,10,0.6667,3,3,4,10,panic,Panic Pullback,False,27.3154,4.6585,25.8854,8.7772,22.4996,11.4308,29.2867,11.1026,22.8622,2.1754,2.1754
2022-10-17,31.37,150.42,348.2793,263.0518,57.4758,68.5166,56.2857,112.04,122.5828,,,4.02,1.57,-0.1,55.9271,,-1.08,-22.3238,-32.9119,0.5763,-2.3259,-2.6251,,,2.0959,53.0,42.0,5.0418,23.4,cnn,3,5,2,10,0.6667,3,0,4,7,panic,Panic Pullback,False,28.9965,3.285,22.074,5.286,21.5544,7.7149,28.6891,8.7135,22.3309,-0.3844,-0.3844
2022-10-18,30.5,145.79,352.3714,265.1321,57.8807,69.0027,56.25,112.13,124.3983,,,4.01,1.6,-0.1,55.9271,,-3.13,-21.4111,-32.3814,0.7519,-0.6237,-0.9296,,,1.7329,44.0,43.0,2.9048,28.8,cnn,3,5,2,10,0.6667,3,0,3,6,panic,Panic Pullback,False,29.2368,3.7157,22.8767,3.6079,21.7,7.3721,28.5939,7.8678,22.2344,-1.5412,-1.5412
2022-10-19,30.76,147.73,349.8743,264.1652,57.325,68.3932,55.0818,112.98,122.929,,,4.14,1.72,-0.1,55.9271,,-2.81,-21.968,-32.628,-0.133,-1.2834,-1.5986,,,2.115,63.0,59.0,0.9096,29.4286,cnn,3,5,2,10,0.6667,3,0,3,6,panic,Panic Pullback,False,28.7167,3.6689,23.057,1.7286,25.779,7.3135,28.6215,8.4387,22.1757,-0.8385,-0.8385
2022-10-20,29.98,155.61,346.9406,262.8174,57.0074,67.9766,53.2003,112.88,121.5627,,,4.24,1.73,-0.1,56.2147,,-1.96,-22.6223,-32.9717,0.2323,-1.239,-1.5131,,,1.374,54.0,44.0,-0.2638,39.0857,cnn,3,5,2,10,0.6667,3,0,3,6,panic,Panic Pullback,False,28.7162,3.9873,21.8173,1.5325,26.0086,7.8898,28.3871,7.6292,22.369,1.5325,1.5325
2022-10-21,29.69,156.95,355.3717,268.9799,57.5552,68.4858,53.8959,112.01,124.3421,,,4.21,1.69,-0.11,56.2147,,-2.33,-20.742,-31.4,-0.2305,0.9957,0.4984,,,-1.0425,52.0,37.0,-1.4656,43.7429,cnn,3,5,2,10,0.6667,3,0,2,5,normal,Normal / Mild Pullback,False,29.4248,3.9354,21.5857,0.5504,24.0382,5.8083,27.3713,4.3107,21.9228,-0.8763,-0.8763
2022-10-24,29.85,154.02,359.7202,271.9391,57.5949,68.6709,54.8143,111.99,125.7271,,,4.25,1.66,-0.11,56.2147,,-1.52,-19.7721,-30.6453,0.2198,2.2705,1.9525,,,-1.8493,37.0,10.0,-1.1246,47.2286,cnn,3,5,2,10,0.6667,3,0,2,5,normal,Normal / Mild Pullback,False,29.3851,1.9373,23.3924,0.2851,23.7152,4.1492,27.2307,4.9695,22.1006,-2.0746,-2.0746
2022-10-25,28.46,147.78,365.4644,277.5645,58.1507,69.2804,55.608,110.95,128.1415,,,4.1,1.59,-0.11,56.2147,,-2.04,-18.491,-29.2107,0.434,3.4752,3.104,,,-2.7693,13.0,-5.0,-0.338,51.3714,cnn,3,5,2,10,0.6667,3,0,2,5,normal,Normal / Mild Pullback,False,29.7276,-0.1039,21.1531,-0.7586,22.3349,3.8917,27.0779,4.5593,22.0012,-3.6137,-3.6137
2022-10-26,27.28,140.2,362.711,271.4312,58.3095,69.4501,55.5455,109.7,128.3942,,,4.04,1.6,-0.11,56.2147,,-3.48,-19.1051,-30.7749,1.4448,1.9377,1.7417,,,-2.5755,32.0,21.0,0.5433,53.8,cnn,3,5,2,10,0.6667,3,0,2,5,normal,Normal / Mild Pullback,False,29.2747,-1.8716,27.813,-2.0653,24.3639,5.34,26.8809,5.24,21.9367,-2.8821,-2.8821
2022-10-27,27.39,142.78,360.7741,266.4896,58.7382,70.0133,55.5634,110.59,128.5159,,,3.96,1.51,-0.11,45.6647,,-2.59,-19.5371,-32.0352,2.6197,3.6608,3.3919,,,-1.4788,20.0,-6.0,0.6448,54.5714,cnn,3,5,2,10,0.6667,3,0,1,4,normal,Normal / Mild Pullback,False,28.1842,-2.3606,28.2145,3.8712,36.8608,5.8819,26.7408,5.8446,21.8988,-2.3606,-2.3606
2022-10-28,25.75,144.6,369.3571,274.6443,59.1908,70.5456,56.9366,110.67,131.1829,,,4.02,1.51,-0.125,45.6647,,-3.94,-17.6228,-29.9554,2.4636,4.9424,4.6523,,,-1.2933,19.0,-17.0,-0.4346,57.1143,cnn,3,5,2,10,0.6667,3,0,1,4,normal,Normal / Mild Pullback,False,28.3161,-3.2569,22.5878,2.4395,35.4124,1.7711,26.3759,4.5213,21.4931,-4.6296,-4.6296
2022-10-31,25.88,147.92,366.6892,271.4507,58.3015,69.4733,57.0258,111.53,130.6027,,,4.1,1.58,-0.125,45.6647,,-3.97,-18.2178,-30.7699,2.4664,2.0286,2.0166,,,-0.1969,43.0,15.0,0.7879,64.0571,cnn,3,5,2,10,0.6667,3,0,1,4,normal,Normal / Mild Pullback,False,27.3547,-1.6209,25.2724,2.307,35.517,2.3355,26.2225,5.5236,21.4306,-3.9357,-3.9357
2022-11-01,25.81,148.42,365.0846,268.6771,58.6523,69.9161,57.0615,111.48,130.9209,,,4.07,1.56,-0.125,45.6647,,-2.65,-18.5757,-31.4773,2.759,0.4784,0.5034,,,1.281,45.0,18.0,0.0477,63.5143,cnn,3,5,2,10,0.6667,3,0,1,4,normal,Normal / Mild Pullback,False,25.3171,-0.6553,25.9426,3.6331,35.4284,6.0231,28.1691,4.6576,21.5833,-3.5135,-3.5135
2022-11-02,25.86,141.17,355.9224,259.4677,58.1182,69.2647,55.6169,111.35,127.7298,,,4.1,1.57,-0.125,45.6647,,-1.42,-20.6191,-33.826,3.0253,-0.0422,-0.0895,,,0.2521,34.0,3.0,0.6245,55.2857,cnn,3,5,2,10,0.6667,3,0,1,4,normal,Normal / Mild Pullback,False,26.9491,-0.1974,23.3241,5.4899,32.348,8.6723,26.1669,8.9302,21.0622,-1.0297,-1.0297
2022-11-03,25.3,136.28,352.2575,254.399,57.7038,68.8537,55.2067,112.93,127.084,,,4.14,1.74,-0.125,32.8904,,-2.09,-21.4365,-35.1187,3.5324,-0.456,-0.3608,,,0.5968,31.0,13.0,0.8509,55.5143,cnn,3,5,2,10,0.6667,3,0,0,3,normal,Normal / Mild Pullback,False,26.9481,6.3825,42.3993,6.2613,31.5553,9.6763,25.6899,11.2332,20.9989,0.8409,0.8409
2022-11-04,24.55,128.44,357.3275,258.4911,58.1023,69.2724,56.5086,110.88,129.0586,,,4.17,1.69,-0.142,32.8904,,-1.2,-20.3057,-34.0751,3.1908,1.4685,1.3771,,,-1.7021,28.0,7.0,1.2376,56.5143,cnn,3,5,2,10,0.6667,2,0,0,2,normal,Normal / Mild Pullback,False,25.3059,5.8881,42.3956,5.2292,31.2223,6.1751,26.6337,11.2512,21.003,-0.5899,-0.5899
2022-11-07,24.35,128.33,360.7457,261.333,58.0943,69.2724,56.8385,110.12,130.088,,,4.22,1.69,-0.142,32.8904,,-1.53,-19.5434,-33.3503,3.1072,2.7078,2.6754,,,-2.6693,33.0,7.0,0.3098,59.6571,cnn,3,5,2,10,0.6667,2,0,0,2,normal,Normal / Mild Pullback,False,25.1774,3.9926,44.7838,3.8531,31.3989,3.6531,27.2134,9.0258,21.0929,-1.5318,-1.5318
2022-11-08,25.54,126.33,362.692,263.2375,58.0385,69.1329,56.6691,109.62,130.8647,,,4.14,1.64,-0.142,32.8904,,-0.27,-19.1093,-32.8646,3.3663,2.2932,2.1532,,,-3.1796,21.0,2.0,-0.7272,57.9429,cnn,3,5,2,10,0.6667,3,0,0,3,normal,Normal / Mild Pullback,False,24.9554,4.3167,44.7311,4.6859,31.7666,2.9215,27.2057,7.778,21.1329,-2.0602,-2.0602
2022-11-09,26.09,124.4,355.2198,257.1629,57.3451,68.3109,55.7952,110.55,128.5159,,,4.12,1.7,-0.142,32.8904,,0.23,-20.7758,-34.4138,3.5495,0.9016,0.7433,,,-2.4444,21.0,8.0,-0.315,54.0,cnn,3,5,2,10,0.6667,3,0,0,3,normal,Normal / Mild Pullback,False,26.2918,5.6986,40.0354,7.5615,28.4389,5.9097,25.9689,11.4844,20.7577,5.0865,1.1385
2022-11-10,23.53,111.69,374.7405,276.1385,59.1305,70.4434,58.3991,108.21,135.4035,,,3.82,1.43,-0.142,47.0383,,-1.77,-16.4222,-29.5743,3.6546,3.811,3.6878,,,-3.6935,-15.0,-20.0,-2.794,60.3429,cnn,3,5,2,10,0.6667,1,0,1,2,normal,Normal / Mild Pullback,False,31.2215,-0.114,13.877,1.9357,12.0799,-0.3572,18.001,4.5215,17.9117,-0.3876,-4.1299
2022-11-11,22.52,111.69,378.3675,281.2266,59.3377,70.6916,57.9889,106.29,136.7043,,,3.82,1.43,-0.159,47.0383,,-2.03,-15.6132,-28.2767,3.6189,4.5098,4.4325,,,-6.1954,-18.0,-16.0,-5.1226,63.7429,cnn,3,5,2,10,0.6667,1,0,1,2,normal,Normal / Mild Pullback,False,29.6171,-0.6223,11.929,-0.6524,14.1947,0.1104,18.4116,2.6221,17.917,-1.3425,-5.0489
2022-11-14,23.73,119.99,375.1489,278.7657,58.8993,70.141,57.1685,106.66,135.2163,,,3.88,1.51,-0.159,47.0383,,-0.62,-16.3311,-28.9043,3.3462,2.4767,2.3707,,,-4.8019,-14.0,-6.0,-5.7063,62.6857,cnn,3,5,2,10,0.6667,1,0,1,2,normal,Normal / Mild Pullback,False,29.0198,-0.1341,10.4577,0.0278,13.5306,1.7336,18.3002,3.7441,17.8227,-0.4961,-4.2343
2022-11-15,24.54,128.62,378.3485,282.6232,59.4174,70.9164,57.5519,106.4,136.489,,,3.8,1.45,-0.159,47.0383,,-1.0,-15.6175,-27.9205,3.4426,2.6548,2.7734,,,-5.1101,-21.0,-15.0,-4.7103,66.9143,cnn,3,5,2,10,0.6667,2,0,1,3,normal,Normal / Mild Pullback,False,28.9263,0.3538,13.2344,2.3062,20.4368,0.2284,18.2404,4.0743,17.8945,-1.3375,-5.0441
2022-11-16,24.11,130.83,375.4622,278.7657,59.2898,70.7225,56.6156,106.28,135.0385,,,3.67,1.38,-0.159,47.0383,,-1.98,-16.2612,-28.9043,3.1484,3.4276,3.4058,,,-5.9303,-47.0,-34.0,-4.2203,65.0857,cnn,3,5,2,10,0.6667,2,0,1,3,normal,Normal / Mild Pullback,False,28.9538,1.7625,11.2326,3.0168,19.7792,-1.4717,20.1211,4.8261,17.8121,-1.4717,-4.3142
2022-11-17,23.93,132.18,374.3133,278.1503,59.0348,70.3969,55.7774,106.69,134.2524,,,3.77,1.49,-0.159,40.2135,,0.4,-16.5174,-29.0612,2.6783,3.5565,3.5605,,,-5.4837,-47.0,-24.0,-2.8229,61.4857,cnn,3,5,2,10,0.6667,2,0,1,3,normal,Normal / Mild Pullback,False,28.7199,2.0521,10.3325,3.2138,19.6387,-2.3361,20.4957,5.4893,17.8007,-2.3361,-4.0205
2022-11-18,23.12,129.33,376.0128,278.1601,59.1623,70.583,56.1341,106.93,135.2537,,,3.82,1.57,-0.172,40.2135,,0.6,-16.1384,-29.0588,2.8457,2.7923,3.0622,,,-4.5353,-39.0,-12.0,-1.5646,60.3429,cnn,3,5,2,10,0.6667,2,0,1,3,normal,Normal / Mild Pullback,False,27.7019,-0.0303,17.5734,0.8989,22.3153,-3.602,20.5366,3.5666,18.0377,-3.602,-4.4543
2022-11-21,22.36,132.13,374.6457,275.2986,59.1384,70.5209,56.4373,107.84,135.1976,,,3.83,1.52,-0.172,40.2135,,-1.37,-16.4433,-29.7885,3.0055,2.6799,2.694,,,-3.7057,-42.0,-14.0,-1.1411,60.9714,cnn,3,5,2,10,0.6667,2,0,1,3,normal,Normal / Mild Pullback,False,27.5703,0.1622,17.3784,-0.1926,23.5675,-3.1178,20.555,3.6849,18.0278,-3.2502,-4.1056
2022-11-22,21.29,133.53,379.6873,279.2638,59.5688,71.0715,57.0526,107.22,136.9944,,,3.76,1.44,-0.172,40.2135,,-3.25,-15.3189,-28.7773,2.9073,2.4386,2.5853,,,-3.3619,-34.0,-15.0,-1.2454,60.8,cnn,3,5,2,10,0.6667,2,0,1,3,normal,Normal / Mild Pullback,False,27.4177,1.9455,27.3677,-1.6854,22.3209,-2.9749,20.7034,0.2557,18.3259,-4.5349,-5.3789
2022-11-23,20.35,136.2,382.0799,282.0666,59.9036,71.467,57.0436,106.08,137.5652,,,3.71,1.39,-0.172,40.2135,,-3.76,-14.7853,-28.0625,2.6434,2.7338,2.9041,,,-3.2999,-33.0,-21.0,-2.509,64.2571,cnn,3,5,2,10,0.6667,2,0,1,3,normal,Normal / Mild Pullback,False,27.2153,1.2325,27.4289,-1.5357,22.4857,-4.9579,20.9686,-0.5094,18.2817,-5.1327,-5.9715
2022-11-25,20.5,129.6,381.9945,280.211,59.784,71.2964,57.4717,105.96,138.0331,,,3.68,1.36,-0.18,40.2332,,-3.43,-14.8043,-28.5357,2.9725,1.7804,1.8326,,,-4.1866,-28.0,-15.0,-2.3115,63.0857,cnn,3,5,2,10,0.6667,2,0,1,3,normal,Normal / Mild Pullback,False,27.074,1.1384,27.4939,-2.2494,22.6616,-4.3898,21.1618,0.0422,18.315,-5.1115,-5.9504
2022-11-28,22.21,131.73,375.8989,276.0994,59.1544,70.5597,56.1876,106.68,135.5719,,,3.69,1.43,-0.18,40.2332,,-0.91,-16.1638,-29.5843,3.0111,-0.0616,0.0199,,,-3.6053,-33.0,-8.0,-3.033,59.7429,cnn,3,5,2,10,0.6667,2,0,1,3,normal,Normal / Mild Pullback,False,26.699,0.9295,28.3877,0.7679,22.6125,-3.2226,20.5383,0.5785,18.1463,-3.5728,-4.4253
2022-11-29,21.89,131.23,375.2533,274.0095,59.4094,70.8854,56.5264,106.82,136.0024,,,3.75,1.5,-0.18,40.2332,,-0.47,-16.3078,-30.1173,3.1715,1.9003,2.0326,,,-4.2231,-35.0,-8.0,-3.1379,58.1714,cnn,3,5,2,10,0.6667,2,0,1,3,normal,Normal / Mild Pullback,False,26.5449,-0.3542,30.7574,1.7053,22.8047,-4.2609,20.8978,1.0946,18.1548,-4.2609,-4.2609
2022-11-30,20.58,127.27,387.074,286.5004,60.3021,71.9865,57.5341,105.95,139.2684,,,3.68,1.34,-0.18,40.2332,,-0.71,-13.6714,-26.9317,2.3216,2.8129,2.9614,,,-4.9605,-39.0,-22.0,-4.8998,73.9714,cnn,3,5,2,10,0.6667,2,0,1,3,normal,Normal / Mild Pullback,False,28.5119,-3.5616,13.3309,-2.031,16.0766,-5.5139,18.5092,-2.3549,16.9934,-7.1847,-7.1847
2022-12-01,19.84,119.77,386.7892,286.8521,60.5254,72.1784,57.1328,104.73,139.4649,,,3.53,1.17,-0.18,40.4255,,-0.51,-13.735,-26.842,2.1426,4.1418,4.2067,,,-5.9452,-57.0,-40.0,-5.4721,75.6,cnn,3,5,2,10,0.6667,0,0,1,1,normal,Normal / Mild Pullback,False,26.5637,-2.7345,16.8698,-4.3571,19.6535,-5.6934,18.4929,-2.6578,17.008,-7.1163,-7.1163
2022-12-02,19.06,118.62,386.3429,285.7094,60.4773,72.1784,57.0258,104.55,139.3807,,,3.51,1.08,-0.185,40.4255,,-1.44,-13.8345,-27.1334,1.9867,4.8065,4.8287,,,-7.4205,-63.0,-66.0,-5.8182,68.1429,cnn,3,5,2,10,0.6667,0,0,1,1,normal,Normal / Mild Pullback,False,26.0916,-3.3496,16.4249,-5.3771,19.885,-5.982,18.4858,-1.7874,17.0899,-7.009,-7.009
2022-12-05,20.75,126.5,379.3929,280.9142,59.9011,71.5155,54.1723,105.29,136.6855,,,3.6,1.21,-0.185,40.4255,,-1.46,-15.3845,-28.3564,2.0238,3.0958,3.2381,,,-5.0415,-57.0,-48.0,-9.71,65.0857,cnn,3,5,2,10,0.6667,2,1,1,4,normal,Normal / Mild Pullback,False,27.0204,-0.1602,18.3629,-4.4608,18.7264,-3.5205,17.9605,1.6157,16.9956,-5.3055,-5.3055
2022-12-06,22.17,129.09,373.924,275.0935,59.685,71.1802,53.6462,105.58,135.1882,,,3.51,1.2,-0.185,40.4255,,0.28,-16.6043,-29.8408,2.5256,2.738,2.754,,,-4.1228,-71.0,-49.0,-8.943,61.8286,cnn,3,5,2,10,0.6667,2,1,1,4,normal,Normal / Mild Pullback,False,27.5982,2.0669,13.7037,-2.9308,18.0473,-3.2267,17.7053,3.1733,16.7139,-3.9206,-3.9206
2022-12-07,22.68,131.1,373.2879,273.9705,60.0131,71.5311,53.6105,105.1,134.9637,,,3.42,1.16,-0.185,40.4255,,2.1,-16.7461,-30.1273,2.1115,3.4022,3.4691,,,-4.1233,-72.0,-48.0,-8.0826,58.4286,cnn,3,5,2,10,0.6667,2,1,1,4,normal,Normal / Mild Pullback,False,27.5952,1.5871,15.2767,-1.3115,20.161,-0.8388,19.6962,1.7649,17.0264,-3.7568,-3.7568
2022-12-08,22.29,129.54,376.2122,277.2129,60.0611,71.6091,53.7532,104.77,135.8339,,,3.48,1.2,-0.185,41.8182,,2.45,-16.0939,-29.3003,2.3675,4.7363,4.8283,,,-5.2284,-64.0,-50.0,-9.0356,55.6857,cnn,3,5,2,10,0.6667,2,1,1,4,normal,Normal / Mild Pullback,False,26.3826,-1.6682,24.0209,-3.4756,20.4222,-1.6654,19.4552,1.1387,16.9569,-4.5049,-4.5049
2022-12-09,22.83,132.79,373.4018,275.4452,60.0611,71.6481,53.5392,104.81,134.7858,,,3.57,1.31,-0.189,41.8182,,3.77,-16.7207,-29.7512,1.9888,1.5739,1.7102,,,-3.142,-25.0,-12.0,-7.9932,52.0857,cnn,3,5,2,10,0.6667,2,0,1,3,normal,Normal / Mild Pullback,False,18.0776,-2.0977,24.6874,-2.1897,20.781,-0.2305,19.4772,0.0199,17.3216,-3.7862,-3.7862
2022-12-12,25.0,141.93,378.7853,278.9023,60.2932,71.8898,54.0296,105.13,136.7698,,,3.61,1.33,-0.189,41.8182,,4.25,-15.5201,-28.8695,2.2624,1.6104,1.6951,,,-1.0914,-21.0,-10.0,-6.9304,57.2,cnn,3,5,2,10,0.6667,2,0,1,3,normal,Normal / Mild Pullback,False,18.4917,-4.3076,18.3962,-3.9601,18.6242,-0.4045,19.3148,-2.8244,17.3126,-5.1536,-5.1536
2022-12-13,22.55,135.08,381.6526,281.9006,60.9176,72.6697,53.1468,103.98,137.7243,,,3.51,1.27,-0.189,41.8182,,0.38,-14.8806,-28.1048,2.2326,3.4266,3.6053,,,-2.5127,-37.0,-24.0,-8.619,59.1714,cnn,3,5,2,10,0.6667,2,1,1,4,normal,Normal / Mild Pullback,False,18.3772,-4.8965,15.1811,-5.8662,17.8357,-0.7929,19.1562,-3.6919,17.2326,-5.8662,-5.8662
2022-12-14,21.14,120.26,379.2125,279.8106,60.5734,72.2876,52.1659,103.77,136.9101,,,3.49,1.3,-0.189,41.8182,,-1.54,-15.4248,-28.6378,2.7624,1.9456,1.9335,,,-2.4718,-31.0,-15.0,-9.565,60.9429,cnn,3,5,2,10,0.6667,2,1,1,4,normal,Normal / Mild Pullback,False,18.3214,-2.8534,23.5651,-3.5551,21.4791,0.2328,19.0755,-1.47,17.5367,-5.2605,-5.2605
2022-12-15,22.83,111.26,369.9364,270.4155,60.3449,71.9835,51.2118,104.56,133.9061,,,3.44,1.28,-0.189,44.6215,,0.54,-17.4936,-31.0339,2.9374,1.7795,1.7829,,,-1.6184,-23.0,-10.0,-8.1936,60.1429,cnn,3,5,2,10,0.6667,1,1,1,3,normal,Normal / Mild Pullback,False,20.1551,-1.8381,19.0055,-1.3972,17.9641,2.5579,16.6967,0.369,16.8276,-2.8849,-2.8849
2022-12-16,22.62,113.65,365.5688,267.8373,60.023,71.6169,50.7748,104.7,132.2872,,,3.48,1.35,-0.195,44.6215,,-0.21,-18.4677,-31.6915,3.5274,1.674,1.7331,,,-1.8652,-29.0,-14.0,-6.7913,44.1429,cnn,3,5,2,10,0.6667,1,0,1,2,normal,Normal / Mild Pullback,False,20.5286,-0.0939,18.3394,-0.6392,17.1053,2.1447,17.1728,3.3501,17.0088,-1.7246,-1.7246
2022-12-19,22.42,118.32,362.4689,264.0732,59.7173,71.252,51.0407,104.72,131.2047,,,3.57,1.42,-0.195,44.6215,,-2.58,-19.1591,-32.6514,3.5635,0.938,0.9478,,,-2.0668,-25.0,-15.0,-5.6761,39.9714,cnn,3,5,2,10,0.6667,1,0,2,3,normal,Normal / Mild Pullback,False,20.5742,0.3632,17.2898,0.9842,16.9503,2.2683,17.0885,3.0152,17.0955,-0.8842,-0.8842
2022-12-20,21.48,119.92,362.9649,263.8677,59.5644,71.0322,51.2921,103.97,131.3363,,,3.69,1.45,-0.195,44.6215,,-1.07,-19.0485,-32.7039,4.0082,0.7204,0.725,,,-3.5886,-14.0,-7.0,-6.1918,38.3143,cnn,3,5,2,10,0.6667,1,0,2,3,normal,Normal / Mild Pullback,False,20.5901,-1.0196,19.614,-0.3048,18.0584,4.0311,18.1641,3.8637,17.1957,-1.0196,-1.0196
2022-12-21,20.07,115.0,368.3921,267.6953,60.0713,71.6601,52.1454,104.16,133.3659,,,3.68,1.41,-0.195,44.6215,,-1.07,-17.838,-31.7277,4.1259,0.8436,0.8281,,,-2.8539,-8.0,-3.0,-5.7988,38.5429,cnn,3,5,2,10,0.6667,1,0,2,3,normal,Normal / Mild Pullback,False,20.7405,-0.7224,21.2852,0.479,20.1988,3.7284,17.9181,3.6772,17.1361,-2.4778,-2.4778
2022-12-22,21.97,112.05,363.1366,261.1461,59.7012,71.1814,51.9478,104.43,131.9189,,,3.67,1.48,-0.195,52.3077,,-0.86,-19.0102,-33.398,4.122,-0.3378,-0.3997,,,-1.5554,-4.0,9.0,-4.1827,37.0,cnn,3,5,2,10,0.6667,1,0,3,4,normal,Normal / Mild Pullback,False,21.0071,0.4492,18.206,1.8754,18.4728,5.1166,16.9174,3.3848,17.2509,-1.0664,-1.0664
2022-12-23,20.87,113.17,365.2255,261.7335,59.8541,71.4011,52.2891,104.31,132.7645,,,3.75,1.55,-0.206,52.3077,,-1.75,-18.5443,-33.2481,3.9797,0.1172,0.1468,,,-1.5572,7.0,19.0,-4.8403,39.5143,cnn,3,5,2,10,0.6667,1,0,3,4,normal,Normal / Mild Pullback,False,21.1976,-0.5458,17.9081,2.0031,18.5569,4.5546,16.8882,3.0713,17.2232,-1.6323,-1.6323
2022-12-27,21.65,124.89,363.7852,258.033,59.2346,70.6163,52.3429,104.18,132.8491,,,3.84,1.58,-0.206,52.3077,,-0.77,-18.8655,-33.897,3.9738,0.1356,0.0802,,,-2.3435,15.0,15.0,-3.7404,39.9429,cnn,3,5,2,10,0.6667,2,0,3,5,normal,Normal / Mild Pullback,False,20.5803,0.6188,18.6308,3.7021,18.9269,6.1222,16.992,4.1585,17.2415,-1.2428,-1.2428
2022-12-28,22.14,120.07,359.2641,254.6263,58.438,69.5882,51.9747,104.46,130.9416,,,3.88,1.6,-0.206,52.3077,,0.66,-19.8738,-34.7697,3.6201,-1.6352,-1.83,,,-2.2093,13.0,10.0,-3.9602,35.5143,cnn,3,5,2,10,0.6667,2,0,3,5,normal,Normal / Mild Pullback,False,20.9394,0.7221,18.1621,5.3895,16.6729,7.7046,15.9864,5.6664,17.0222,0.7221,0.7221
2022-12-29,21.44,120.25,365.731,260.8329,59.1943,70.5849,52.9537,103.84,133.272,,,3.83,1.56,-0.206,47.619,,1.37,-18.4315,-33.1797,3.2503,-1.837,-1.9471,,,-1.9915,15.0,22.0,-2.5901,37.1429,cnn,3,5,2,10,0.6667,2,0,2,4,normal,Normal / Mild Pullback,False,18.4695,1.2101,21.012,3.9276,15.1216,4.4727,16.0727,3.565,16.6633,-1.0588,-1.0588
2022-12-30,21.67,121.61,364.7676,260.6762,59.2426,70.632,52.7561,103.52,132.727,,,3.88,1.58,-0.223,47.619,,-0.3,-18.6464,-33.2199,3.2641,-2.1194,-2.1426,,,-1.1554,35.0,41.0,-2.0859,36.5143,cnn,3,5,2,10,0.6667,2,0,2,4,normal,Normal / Mild Pullback,False,18.4541,1.4199,20.7487,4.0112,15.0301,6.2887,16.5437,5.3479,16.888,-0.7975,-0.7975
2023-01-03,22.9,129.97,363.232,258.9141,59.3552,70.7732,52.3879,104.52,132.6048,,,3.79,1.53,-0.223,47.619,,2.03,-18.9889,-33.6713,3.6901,-1.8554,-1.9468,,,-0.0287,28.0,45.0,-2.288,36.6,cnn,3,5,2,10,0.6667,2,0,2,4,normal,Normal / Mild Pullback,False,18.4484,2.5629,19.86,2.8019,17.7132,7.8725,16.5149,6.4127,16.8844,-0.3781,-0.3781
2023-01-04,22.01,125.78,366.0362,260.1476,60.0391,71.6444,53.0974,104.25,134.6721,,,3.69,1.47,-0.223,47.619,,0.36,-18.3361,-32.4795,4.0514,0.2305,0.1802,,,-0.9877,9.0,26.0,1.5924,39.8571,cnn,3,5,2,10,0.6667,2,0,2,4,normal,Normal / Mild Pullback,False,17.9306,3.0644,20.5566,1.2716,18.1399,8.6043,16.8968,7.0858,17.0393,-1.1413,-1.1413
2023-01-05,22.46,119.53,361.8585,256.0751,59.9184,71.511,52.0915,105.04,133.272,,,3.71,1.49,-0.223,41.9872,,0.32,-18.1489,-31.9717,4.0668,0.3912,0.4647,,,-0.5115,20.0,29.0,0.3396,44.1714,cnn,3,5,2,10,0.6667,1,0,1,2,normal,Normal / Mild Pullback,False,17.6789,4.6339,14.2879,4.3492,18.4736,8.6905,16.8017,8.7349,16.8425,2.2352,1.5762
2023-01-06,21.13,113.87,370.1566,263.1432,60.7713,72.5469,53.6183,103.88,136.4668,,,3.55,1.34,-0.245,41.9872,,-0.31,-16.2719,-30.094,3.9795,1.2634,1.42,,,-1.1608,13.0,18.0,0.8606,45.7143,cnn,3,5,2,10,0.6667,1,0,1,2,normal,Normal / Mild Pullback,False,19.7029,2.685,7.733,3.2339,16.1107,5.6045,15.6663,5.7075,16.3045,-0.0567,-0.7009
2023-01-09,21.97,116.67,369.9468,264.8466,60.9886,72.8608,53.1333,103.0,136.5232,,,3.53,1.31,-0.245,41.9872,,0.3,-16.3194,-29.6415,4.281,1.5441,1.748,,,-1.6894,5.0,11.0,0.5209,47.2,cnn,3,5,2,10,0.6667,1,0,1,2,normal,Normal / Mild Pullback,False,19.4645,2.5551,8.3647,3.1816,16.1457,7.0464,16.0236,5.4905,16.3179,0.2011,-0.6446
2023-01-10,20.58,119.52,372.5412,267.0884,60.9162,72.7666,53.5375,103.24,137.5474,,,3.61,1.37,-0.245,41.9872,,-2.32,-15.7326,-29.0459,4.5693,1.4236,1.5611,,,-1.4979,4.0,6.0,0.2278,49.6571,cnn,3,5,2,10,0.6667,1,0,1,2,normal,Normal / Mild Pullback,False,19.4819,0.233,16.6814,2.5014,16.0444,5.1385,16.7454,5.1646,16.2808,-0.4967,-1.3365
2023-01-11,21.09,115.17,377.2531,271.709,61.3184,73.2846,53.8338,103.19,139.22,,,3.54,1.31,-0.245,41.9872,,-0.92,-14.6668,-27.8184,4.4475,1.7004,1.9401,,,-1.8453,-7.0,-2.0,0.0424,54.2286,cnn,3,5,2,10,0.6667,1,0,1,2,normal,Normal / Mild Pullback,False,19.3172,-1.7395,13.201,2.3336,15.7745,2.9253,16.7526,3.9577,16.0964,-1.7395,-2.5688
2023-01-12,18.83,112.34,378.6266,273.1775,61.6644,73.677,54.4985,102.25,139.7462,,,3.43,1.22,-0.245,39.9293,,-3.63,-14.3561,-27.4283,4.8642,1.226,1.3861,,,-1.6638,-8.0,-5.0,3.3628,56.6857,cnn,3,5,2,10,0.6667,0,0,0,0,normal,Normal / Mild Pullback,False,19.1591,-0.2721,20.4559,2.1967,15.7573,2.7912,16.7364,3.6083,16.0845,-2.0959,-2.9222
2023-01-13,18.35,113.55,380.0954,275.057,61.6644,73.7398,54.4356,102.2,140.0751,,,3.49,1.31,-0.27,39.9293,,-2.78,-12.8583,-25.5176,4.389,1.8012,2.0089,,,-1.513,0.0,1.0,4.1085,61.3143,cnn,3,5,2,10,0.6667,0,0,0,0,normal,Normal / Mild Pullback,False,19.0746,0.5345,22.2705,0.5245,17.3547,3.596,17.1153,2.7873,16.0979,-2.4743,-3.2974
2023-01-17,19.36,122.27,379.3991,275.6151,61.4552,73.5279,54.1033,102.39,139.765,,,3.53,1.36,-0.27,39.9293,,-2.61,-13.0179,-25.3665,4.8479,1.8399,2.1456,,,-2.0754,9.0,8.0,3.0112,64.1429,cnn,3,5,2,10,0.6667,1,0,0,1,normal,Normal / Mild Pullback,False,16.7457,0.6109,22.2147,2.1897,18.6421,3.7383,17.0839,4.3437,16.2999,-2.2953,-3.1199
2023-01-18,20.34,112.61,373.4092,272.0321,61.5277,73.5985,52.1723,102.36,137.6132,,,3.37,1.25,-0.27,39.9293,,-0.24,-14.0702,-24.6795,5.1792,2.5067,2.767,,,-2.235,-11.0,-10.0,0.5949,58.4286,cnn,3,5,2,10,0.6667,1,0,0,1,normal,Normal / Mild Pullback,False,17.2127,2.2632,16.6013,4.9324,16.0044,5.7447,15.745,5.7585,15.943,-0.728,-1.5658
2023-01-19,20.52,114.53,370.6908,269.3596,61.1656,73.112,52.2352,102.06,136.1943,,,3.39,1.19,-0.27,33.0709,,-0.57,-14.6957,-25.4195,5.0054,2.4253,2.6104,,,-2.5401,-18.0,-23.0,0.0704,55.4286,cnn,3,5,2,10,0.6667,1,0,0,1,normal,Normal / Mild Pullback,False,17.129,4.1452,13.1332,7.2406,15.0915,5.0535,16.4588,6.9164,15.8586,1.8629,-0.844
2023-01-20,19.85,114.76,377.5964,276.7311,61.2863,73.2924,53.6811,102.01,138.5623,,,3.48,1.25,-0.29,33.0709,,1.02,-13.1066,-23.3784,4.9912,2.8907,3.182,,,-1.8852,-21.0,-20.0,0.6023,58.5429,cnn,3,5,2,10,0.6667,0,0,0,0,normal,Normal / Mild Pullback,False,18.2159,2.4755,9.6788,4.1604,15.9574,2.8746,15.4055,5.0295,15.4412,1.0912,-2.6574
2023-01-23,19.81,114.69,382.1271,282.8789,61.2782,73.1983,54.5344,102.14,140.3194,,,3.52,1.24,-0.29,33.0709,,1.46,-12.064,-21.6762,4.7286,2.0091,2.1465,,,-1.9393,-16.0,-17.0,0.8224,63.6,cnn,3,5,2,10,0.6667,0,0,0,0,normal,Normal / Mild Pullback,False,17.9666,-0.01,13.4102,2.2964,16.0442,-0.3844,16.678,3.7667,15.2675,-0.3844,-3.8115
2023-01-24,19.2,112.76,381.7169,282.3014,61.3184,73.2924,53.8877,101.92,139.9905,,,3.46,1.19,-0.29,33.0709,,-0.16,-12.1584,-21.8361,3.6031,2.7089,2.9658,,,-2.4035,-21.0,-29.0,-1.3149,63.0,cnn,3,5,2,10,0.6667,0,0,0,0,normal,Normal / Mild Pullback,False,16.9759,1.5692,16.8162,3.7456,16.7613,-0.4148,16.6805,3.3113,15.3149,-0.4148,-3.7082
2023-01-25,19.08,107.74,381.8601,281.6749,61.3104,73.2924,54.0135,101.64,140.31,,,3.46,1.17,-0.29,33.0709,,-1.26,-12.1254,-22.0096,3.1485,2.4331,2.6489,,,-2.5597,-29.0,-38.0,-1.202,63.8857,cnn,3,5,2,10,0.6667,0,0,0,0,normal,Normal / Mild Pullback,False,16.9488,2.6102,17.3204,2.5727,18.2906,0.0774,16.7947,3.3528,15.3149,-0.4521,-3.7443
2023-01-26,18.73,104.28,386.0568,287.1668,61.4633,73.4808,54.3907,101.84,141.4376,,,3.49,1.16,-0.29,36.6762,,-1.79,-11.1597,-20.489,3.1532,3.7625,4.0565,,,-2.2461,-35.0,-42.0,-2.0825,68.0286,cnn,3,5,2,10,0.6667,0,0,0,0,normal,Normal / Mild Pullback,False,17.0497,2.9722,18.2176,0.5781,18.4244,-2.0679,16.692,2.336,15.1619,-2.0679,-4.7906
2023-01-27,18.51,100.7,386.9438,290.0253,61.2782,73.2924,54.732,101.93,141.7007,,,3.52,1.19,-0.307,36.6762,,-1.34,-10.9555,-19.6975,2.8182,4.8603,5.3231,,,-2.422,-36.0,-41.0,-2.2279,69.2,cnn,3,5,2,10,0.6667,0,0,0,0,normal,Normal / Mild Pullback,False,16.051,1.6442,21.7963,0.5817,18.4253,-1.9597,16.7259,0.4806,15.5228,-2.2924,-5.0089
2023-01-30,19.94,103.77,382.0889,284.1614,60.9403,72.9079,54.1751,102.28,140.1972,,,3.55,1.26,-0.307,36.6762,,0.13,-12.0728,-21.3211,2.3198,2.9496,3.2911,,,-1.5023,-28.0,-30.0,-2.0733,67.4571,cnn,3,5,2,10,0.6667,0,0,0,0,normal,Normal / Mild Pullback,False,16.1205,2.3066,19.1391,3.0555,17.5662,-1.0809,16.194,1.3264,15.3236,-1.0809,-3.8019
2023-01-31,19.4,99.54,387.7069,288.4198,61.415,73.4808,55.7918,102.1,142.5746,,,3.52,1.28,-0.307,36.6762,,0.2,-10.7799,-20.1421,2.4712,3.667,4.0334,,,-1.3717,-36.0,-30.0,-0.503,70.3429,cnn,3,5,2,10,0.6667,0,0,0,0,normal,Normal / Mild Pullback,False,16.5931,2.1428,18.637,1.5155,16.3709,-2.8882,15.1998,1.8461,15.5626,-2.8882,-5.1958
2023-02-01,17.87,97.33,391.8274,294.5872,62.0602,74.1655,56.5821,101.22,144.0311,,,3.39,1.14,-0.307,36.6762,,-1.21,-9.8317,-18.4344,1.8898,4.5572,4.7931,,,-3.1573,-40.0,-39.0,0.1239,82.1714,cnn,3,5,2,10,0.6667,0,0,0,0,normal,Normal / Mild Pullback,False,16.5613,-0.0365,20.2412,0.7741,15.6309,-3.1621,14.9339,1.6352,15.5099,-3.9094,-6.1928
2023-02-02,18.73,97.76,397.5312,305.16,62.4159,74.6467,58.091,101.75,145.6097,,,3.4,1.18,-0.307,34.5515,,0.0,-8.5191,-15.507,1.4141,3.9587,4.1905,,,-2.3981,-29.0,-29.0,0.7369,75.2,cnn,3,5,2,10,0.6667,0,0,0,0,normal,Normal / Mild Pullback,False,16.9467,-2.325,16.0055,-2.0395,15.1473,-3.0208,15.1493,0.0758,15.2271,-5.2882,-7.5388
2023-02-03,18.33,98.99,393.3058,299.7366,61.761,73.8894,58.1269,102.92,143.8243,,,3.53,1.31,-0.314,34.5515,,-0.18,-9.4915,-17.0086,1.4065,3.0752,3.326,,,-2.0183,-18.0,-18.0,2.6642,76.1429,cnn,3,5,2,10,0.6667,0,0,0,0,normal,Normal / Mild Pullback,False,16.8529,-1.0452,15.6038,-1.2344,14.3802,-1.911,14.7713,0.0141,15.2462,-4.2707,-6.5454
2023-02-06,19.43,105.63,390.9022,297.201,61.3649,73.4556,57.5701,103.62,142.8095,,,3.63,1.38,-0.314,34.5515,,-0.51,-10.0446,-17.7107,1.2522,0.9767,1.2525,,,-0.2503,8.0,4.0,1.672,75.9143,cnn,3,5,2,10,0.6667,0,0,0,0,normal,Normal / Mild Pullback,False,15.6911,0.732,17.6867,-2.6206,17.1997,-2.8207,15.553,-0.0617,15.26,-3.682,-5.9708
2023-02-07,18.66,103.15,396.0146,303.3587,61.5832,73.7395,58.1898,103.43,144.1438,,,3.67,1.36,-0.314,34.5515,,-0.74,-8.8681,-16.0057,0.6063,0.9749,1.206,,,0.4175,14.0,5.0,2.3076,76.3429,cnn,3,5,2,10,0.6667,0,0,0,0,normal,Normal / Mild Pullback,False,16.049,-0.6142,14.4397,-4.0102,14.8972,-3.9187,14.6522,-2.0506,15.0834,-4.9255,-7.1847
2023-02-08,19.63,100.75,391.6843,297.9646,61.3245,73.4556,57.5341,103.41,142.7249,,,3.63,1.29,-0.314,34.5515,,1.76,-9.8646,-17.4993,0.8474,0.6703,0.9467,,,0.1647,2.0,-8.0,2.2129,74.6286,cnn,3,5,2,10,0.6667,0,0,0,0,normal,Normal / Mild Pullback,False,16.7701,0.8109,11.6418,-2.4327,15.0293,-4.6487,15.499,0.8657,15.3938,-4.6487,-6.1585
2023-02-09,20.71,102.45,388.2887,295.3312,60.9283,72.9271,56.6899,103.22,141.4188,,,3.67,1.34,-0.314,25.0,,1.98,-10.6461,-18.2284,0.8055,-0.6363,-0.4879,,,0.0291,13.0,3.0,2.3124,72.6286,cnn,3,5,2,10,0.6667,1,0,0,1,normal,Normal / Mild Pullback,False,16.7768,0.2923,14.6974,-2.6309,15.298,-5.2028,15.9461,1.7748,15.2829,-5.2028,-5.3379
2023-02-10,20.53,109.63,389.1948,293.3929,60.4594,72.3591,56.5731,103.63,141.8511,,,3.74,1.41,-0.31,25.0,,2.2,-10.4375,-18.7651,1.1207,-1.9542,-1.7888,,,1.3496,31.0,19.0,0.9881,72.4857,cnn,3,5,2,10,0.6667,1,0,0,1,normal,Normal / Mild Pullback,False,16.761,-0.1911,14.7358,-2.5267,15.4048,-5.5583,15.8452,1.0926,15.3067,-5.5583,-5.5583
2023-02-13,20.34,110.67,393.7636,298.0919,60.613,72.5642,57.0312,103.35,143.4391,,,3.72,1.41,-0.31,25.0,,0.91,-9.3861,-17.464,0.9779,-1.7051,-1.5943,,,1.1252,23.0,10.0,1.1315,71.8286,cnn,3,5,2,10,0.6667,1,0,0,1,normal,Normal / Mild Pullback,False,17.1412,-3.3283,15.6893,-4.0137,13.2046,-5.1111,16.4952,0.3865,15.1486,-6.6541,-6.6541
2023-02-14,18.91,110.59,393.5824,300.2946,60.6291,72.5721,56.8156,103.23,143.1666,,,3.77,1.46,-0.31,25.0,,0.25,-9.4279,-16.8541,1.1381,-1.3442,-1.2999,,,0.8204,24.0,10.0,1.229,73.2571,cnn,3,5,2,10,0.6667,0,0,0,0,normal,Normal / Mild Pullback,False,17.1093,-3.417,15.4685,-4.3379,13.0521,-5.6611,16.5232,0.2576,15.1528,-6.6111,-6.6111
2023-02-15,18.23,108.64,394.8605,302.5951,60.5321,72.4616,57.4892,103.92,143.8431,,,3.81,1.46,-0.31,25.0,,-1.4,-9.1337,-16.2172,1.5684,-1.618,-1.5447,,,1.524,44.0,21.0,4.2048,73.6571,cnn,3,5,2,10,0.6667,0,0,0,0,normal,Normal / Mild Pullback,False,15.7833,-3.2175,16.3684,-3.906,13.9584,-4.3166,17.9263,-0.1979,15.1405,-6.9134,-6.9134
2023-02-16,20.17,111.01,389.4237,296.9171,60.047,71.8464,56.4743,103.86,142.2175,,,3.86,1.49,-0.31,28.8235,,-0.54,-10.3849,-17.7893,1.5276,-1.8287,-1.731,,,1.7637,47.0,30.0,2.9147,70.7143,cnn,3,5,2,10,0.6667,1,0,0,1,normal,Normal / Mild Pullback,False,16.4876,-2.9147,15.6209,-1.0018,15.922,-4.1152,17.7597,1.5446,14.8783,-5.6138,-5.6138
2023-02-17,20.02,110.11,388.4509,294.8222,60.2815,72.083,56.7617,103.86,141.9168,,,3.82,1.46,-0.295,28.8235,,-0.51,-10.6087,-18.3693,1.2394,-1.6395,-1.6502,,,1.8135,34.0,21.0,2.784,69.4857,cnn,3,5,2,10,0.6667,1,0,0,1,normal,Normal / Mild Pullback,False,15.4207,-2.34,16.9398,-0.6851,15.9188,-2.9508,18.2342,1.1186,14.9364,-5.3774,-5.3774
2023-02-21,22.87,119.62,380.6582,287.8423,59.3517,70.9471,55.4415,104.18,138.8347,,,3.95,1.53,-0.295,28.8235,,2.53,-12.402,-20.302,1.0849,-3.1438,-3.0754,,,1.9973,43.0,29.0,2.0557,65.9143,cnn,3,5,2,10,0.6667,1,2,0,3,normal,Normal / Mild Pullback,False,16.6645,-0.7091,10.0566,-0.2055,14.3679,0.3364,17.5061,4.4413,14.5093,-3.4403,-3.4403
2023-02-22,22.29,118.21,380.1336,288.0575,59.7398,71.4677,55.1721,104.59,138.6656,,,3.93,1.52,-0.295,28.8235,,3.38,-12.5227,-20.2424,1.316,-2.5745,-2.4897,,,2.6197,47.0,33.0,2.8098,64.1714,cnn,3,5,2,10,0.6667,1,0,0,1,normal,Normal / Mild Pullback,False,16.6671,-0.9535,10.2009,0.0953,14.3786,-1.2379,18.5598,5.5929,14.615,-3.3071,-3.3071
2023-02-23,21.14,117.45,382.1557,290.5735,60.33,72.1856,55.3876,104.6,139.1824,,,3.88,1.49,-0.295,38.5882,,2.91,-12.0574,-19.5457,0.7901,-1.5991,-1.5102,,,2.9122,42.0,32.0,2.4647,62.6571,cnn,3,5,2,10,0.6667,1,0,0,1,normal,Normal / Mild Pullback,False,16.78,-0.7113,11.3702,-2.2712,16.7692,-1.4949,18.4722,4.8814,14.5938,-3.8187,-3.8187
2023-02-24,21.67,122.84,378.0734,285.7081,59.9662,71.7675,55.3966,105.21,137.9891,,,3.95,1.57,-0.27,38.5882,,1.5,-12.9968,-20.8929,1.1976,-2.4358,-2.3317,,,3.3091,46.0,41.0,4.0001,60.6571,cnn,3,5,2,10,0.6667,2,1,0,3,normal,Normal / Mild Pullback,False,16.6762,1.9703,13.2119,-2.6414,17.4005,0.2221,18.2502,6.0569,14.395,-2.7802,-2.7802
2023-02-27,20.95,120.03,379.361,287.7541,60.3704,72.225,55.3786,104.67,138.1582,,,3.92,1.56,-0.27,38.5882,,0.93,-12.7005,-20.3264,0.4852,-1.4814,-1.4565,,,2.6881,40.0,37.0,3.2039,61.2286,cnn,3,5,2,10,0.6667,2,0,0,2,normal,Normal / Mild Pullback,False,16.7098,1.6946,13.415,-3.1102,17.0946,0.0687,18.2217,4.5107,14.6027,-3.1102,-3.1102
2023-02-28,20.7,123.6,377.959,287.3821,60.2572,72.0909,55.2888,104.87,137.7542,,,3.92,1.49,-0.27,38.5882,,-2.17,-13.0232,-20.4294,1.2981,-1.1208,-1.1206,,,2.5323,37.0,23.0,3.1709,61.2,cnn,3,5,2,10,0.6667,2,0,0,2,normal,Normal / Mild Pullback,False,16.1811,0.5072,18.8152,-1.1432,19.6952,0.2144,18.1894,4.1384,14.6672,-2.7507,-2.7507
2023-03-01,20.58,121.08,376.5091,285.0718,60.0864,71.8846,54.9565,104.48,137.5004,,,4.01,1.57,-0.27,38.5882,,-1.71,-13.3568,-21.069,1.2833,-2.1633,-2.1723,,,2.3311,49.0,29.0,1.4325,65.9143,cnn,3,5,2,10,0.6667,2,0,0,2,normal,Normal / Mild Pullback,False,15.1789,1.0589,18.32,-1.3832,19.8256,2.0626,18.809,5.4447,14.7255,-2.3763,-2.3763
2023-03-02,19.59,124.12,379.4373,287.4311,60.1596,71.9243,53.5644,105.03,138.581,,,4.08,1.6,-0.27,44.8052,,-1.55,-12.683,-20.4158,1.2358,-3.0624,-3.0219,,,3.7641,69.0,46.0,-2.2421,52.4571,cnn,3,5,2,10,0.6667,1,3,1,5,normal,Normal / Mild Pullback,False,14.9101,-1.5711,22.3309,-0.4273,21.5841,1.8679,18.7305,5.9861,14.8642,-3.1296,-3.1296
2023-03-03,18.49,122.52,385.5227,293.3734,60.7778,72.662,54.229,104.52,140.5261,,,3.97,1.45,-0.239,44.8052,,-3.18,-11.2826,-18.7705,1.1751,-2.6245,-2.6587,,,2.7224,57.0,27.0,-3.7403,55.6857,cnn,3,5,2,10,0.6667,1,0,1,2,normal,Normal / Mild Pullback,False,15.1301,-4.5226,15.2967,-3.145,20.1406,1.6731,18.5387,4.3528,14.5345,-4.6587,-4.6587
2023-03-06,18.61,128.19,385.7897,293.7062,60.7778,72.7176,53.8249,104.35,139.8496,,,3.98,1.49,-0.239,44.8052,,-2.34,-11.2211,-18.6783,0.2663,-1.592,-1.5859,,,1.3894,45.0,18.0,-5.5971,55.2571,cnn,3,5,2,10,0.6667,1,0,1,2,normal,Normal / Mild Pullback,False,14.7521,-4.7247,14.4808,-2.2813,21.0911,1.9899,18.5685,3.7023,14.5912,-4.7247,-4.7247
2023-03-07,19.59,133.33,379.8761,290.1036,60.3467,72.2495,52.0915,105.62,137.5944,,,3.97,1.59,-0.239,44.8052,,-1.11,-12.582,-19.6758,0.1811,-1.6592,-1.6418,,,1.9301,34.0,21.0,-6.8901,48.5143,cnn,3,5,2,10,0.6667,1,0,1,2,normal,Normal / Mild Pullback,False,15.5246,-1.6421,22.1207,0.5429,20.9704,3.0029,17.7205,6.3173,14.3108,-3.2415,-3.2415
2023-03-08,19.11,129.76,380.4961,291.5525,60.062,71.8846,51.822,105.66,137.8857,,,3.98,1.66,-0.239,44.8052,,-1.47,-12.4393,-19.2747,0.3676,-2.4701,-2.5155,,,2.1561,31.0,30.0,-7.3109,49.8286,cnn,3,5,2,10,0.6667,1,0,1,2,normal,Normal / Mild Pullback,False,14.6153,-2.4165,21.7162,-1.332,22.7502,2.5658,17.7799,7.679,14.5693,-3.3992,-3.3992
2023-03-09,22.61,129.28,373.476,286.5011,59.7285,71.4404,47.6188,105.31,134.8412,,,3.93,1.63,-0.239,41.7241,,3.02,-14.0548,-20.6733,0.0212,-2.6025,-2.7434,,,1.8373,30.0,34.0,-13.1987,37.5429,cnn,3,5,2,10,0.6667,2,1,2,5,normal,Normal / Mild Pullback,False,15.4474,1.162,22.4117,0.7944,20.6348,4.9013,16.1621,9.4928,13.9876,-1.5834,-1.5834
2023-03-10,24.8,140.06,368.0869,282.4775,59.7367,71.4166,45.5261,104.58,131.994,,,3.7,1.44,-0.207,41.7241,,6.31,-15.2949,-21.7873,-0.6868,-1.9558,-2.0711,,,1.3176,3.0,10.0,-15.2851,26.8857,cnn,3,5,2,10,0.6667,3,2,2,7,normal,Normal / Mild Pullback,False,15.8898,1.4429,21.1494,2.9412,18.8904,6.5464,14.8947,11.3378,13.5822,-0.1425,-0.1425
2023-03-13,26.52,173.59,367.5623,284.5725,59.4113,71.0517,39.9218,103.6,130.3778,,,3.55,1.31,-0.207,41.7241,,7.91,-15.4157,-21.2073,-1.7052,-1.7335,-1.8068,,,-0.0289,-19.0,-10.0,-25.2801,23.3571,cnn,3,5,2,10,0.6667,5,2,3,10,extreme,Extreme Panic,False,15.7901,2.5646,21.1844,3.2809,18.7511,6.7271,14.8374,11.1111,13.6092,1.0172,1.0172
2023-03-14,23.73,169.65,373.6382,291.1119,59.8424,71.607,40.7571,103.6,132.2101,,,3.64,1.33,-0.207,41.7241,,4.14,-14.0175,-19.3966,-1.9922,-1.2713,-1.3191,,,0.2419,-8.0,-8.0,-24.6861,25.0857,cnn,3,5,2,10,0.6667,3,2,2,7,normal,Normal / Mild Pullback,False,16.4532,2.2215,20.1645,1.3733,17.3702,4.5637,14.199,9.9655,13.2951,-0.6254,-0.6254
2023-03-15,26.14,169.65,371.3013,292.6391,59.6472,71.2818,40.0925,104.65,130.359,,,3.51,1.22,-0.207,41.7241,,7.03,-14.5552,-18.9738,-3.0068,-1.6197,-1.7779,,,1.3756,-26.0,-24.0,-25.1995,22.6857,cnn,3,5,2,10,0.6667,5,2,3,10,extreme,Extreme Panic,False,16.4833,1.1114,24.7686,3.4941,17.9218,6.6194,14.3334,10.8561,13.1939,0.5647,0.5647
2023-03-16,22.99,167.96,377.8158,300.3532,60.0376,71.7498,41.5025,104.42,131.9282,,,3.56,1.34,-0.207,48.3986,,0.38,-13.0561,-16.8379,-3.5041,-0.817,-0.9824,,,0.4811,-25.0,-12.0,-24.5513,32.5714,cnn,3,5,2,10,0.6667,3,2,2,7,normal,Normal / Mild Pullback,False,17.9056,-0.3634,21.0051,2.3051,16.2639,4.525,13.4303,9.933,12.877,-1.1693,-1.1693
2023-03-17,25.51,180.11,373.3981,298.9338,59.6797,71.3214,39.0147,103.71,129.7013,,,3.39,1.29,-0.176,48.3986,,0.71,-14.0727,-17.2309,-4.0393,-0.6117,-0.7306,,,-0.1444,-47.0,-20.0,-27.9511,27.0,cnn,3,5,2,10,0.6667,4,2,2,8,normal,Normal / Mild Pullback,False,17.7413,1.477,18.8573,4.9745,15.1388,6.1412,12.3758,11.967,12.6112,0.5436,0.5436
2023-03-20,24.15,182.64,376.9886,299.9947,59.517,71.1311,39.4522,103.28,131.3832,,,3.47,1.33,-0.176,48.3986,,-2.37,-13.2465,-16.9372,-3.6855,-1.2681,-1.3206,,,-0.5584,-35.0,-13.0,-28.3819,30.4286,cnn,3,5,2,10,0.6667,3,2,2,7,normal,Normal / Mild Pullback,False,18.2145,0.6984,17.9188,4.3709,14.9109,5.1989,12.1487,11.0326,12.5096,-0.414,-0.414
2023-03-21,21.38,162.31,381.9386,304.2794,60.1678,71.9402,41.7255,103.26,133.1398,,,3.59,1.36,-0.176,48.3986,,-2.35,-12.1073,-15.7508,-3.7103,1.3749,1.3998,,,-0.8831,-36.0,-17.0,-24.992,43.4857,cnn,3,5,2,10,0.6667,3,2,1,6,normal,Normal / Mild Pullback,False,17.5094,-0.8298,14.6428,2.4467,14.773,3.8179,11.5217,10.9524,12.4826,-1.7046,-1.7046
2023-03-22,22.26,142.84,375.4279,300.1417,60.2247,72.0195,39.3525,102.35,130.1461,,,3.48,1.2,-0.176,48.3986,,-3.88,-13.6056,-16.8965,-4.5738,0.8117,0.7721,,,-2.1417,-45.0,-32.0,-27.779,41.0286,cnn,3,5,2,10,0.6667,2,2,1,5,normal,Normal / Mild Pullback,False,18.552,2.3565,9.9879,3.9504,10.5699,5.042,9.5277,12.492,11.8958,0.2703,0.2703
2023-03-23,22.61,151.4,376.4428,303.7009,59.9888,71.7815,38.2566,102.53,129.7116,,,3.38,1.19,-0.176,48.8827,,-0.38,-13.3721,-15.911,-5.2108,-0.5655,-0.5597,,,-1.979,-50.0,-30.0,-29.881,38.3429,cnn,3,5,2,10,0.6667,2,2,2,6,normal,Normal / Mild Pullback,False,18.4651,2.6782,9.8477,4.0746,10.5497,4.8401,9.5457,11.6067,11.9848,0.6181,0.6181
2023-03-24,21.74,173.66,378.9131,304.8186,59.8668,71.5832,39.4159,103.12,130.8166,,,3.38,1.16,-0.157,48.8827,,-3.77,-12.8036,-15.6015,-5.4613,-0.1657,-0.2568,,,-1.9865,-57.0,-41.0,-29.0054,37.7143,cnn,3,5,2,10,0.6667,3,2,2,7,normal,Normal / Mild Pullback,False,18.2405,3.4466,11.6952,3.5022,10.5402,4.2653,9.4253,10.311,12.0276,-0.0379,-0.0379
2023-03-27,20.6,161.67,379.6216,302.7302,59.7204,71.4722,39.7601,102.86,131.6854,,,3.53,1.29,-0.157,48.8827,,-3.55,-12.6406,-16.1798,-4.825,-1.0768,-1.0423,,,-1.7292,-39.0,-27.0,-28.2524,40.2,cnn,3,5,2,10,0.6667,3,2,1,6,normal,Normal / Mild Pullback,False,18.2125,3.647,11.2559,3.3368,10.6372,2.4187,11.4068,10.5025,12.0343,-0.2245,-0.2245
2023-03-28,19.97,155.96,378.7694,301.1223,59.6879,71.4563,39.7239,102.43,131.9498,,,3.55,1.24,-0.157,48.8827,,-1.41,-12.8366,-16.625,-4.4002,-0.9449,-0.8803,,,-2.3267,-37.0,-25.0,-28.3058,39.6,cnn,3,5,2,10,0.6667,1,2,2,5,normal,Normal / Mild Pullback,False,18.1797,3.3039,13.0983,3.1471,10.9403,2.2144,11.5083,9.9138,12.1576,1.4535,1.4535
2023-03-29,19.12,150.58,384.2749,306.6128,60.4362,72.2971,40.1496,102.64,133.9331,,,3.57,1.24,-0.157,48.8827,,-3.14,-11.5697,-15.1047,-4.2138,0.5821,0.5739,,,-1.7611,-44.0,-33.0,-28.4194,41.4571,cnn,3,5,2,10,0.6667,1,2,1,4,normal,Normal / Mild Pullback,False,18.8017,1.5572,12.1551,3.0198,10.5941,2.7557,12.4355,7.8965,11.9113,0.5855,0.5855
2023-03-30,19.02,141.24,386.5249,309.515,60.7941,72.7731,39.3344,102.14,134.5941,,,3.55,1.21,-0.157,45.61,,-3.59,-10.4993,-13.8626,-4.6165,1.0546,1.1801,,,-2.7516,-53.0,-39.0,-27.9126,45.2286,cnn,3,5,2,10,0.6667,1,2,1,4,normal,Normal / Mild Pullback,False,18.7232,1.3599,11.9549,2.1699,10.7818,3.0295,12.5974,8.4444,12.0388,0.1635,0.1635
2023-03-31,18.7,135.93,391.9728,314.6626,61.453,73.6298,39.7239,102.51,136.5773,,,3.48,1.16,-0.152,45.61,,-3.04,-8.8603,-12.43,-5.2958,1.1108,1.3319,,,-1.9231,-49.0,-29.0,-27.9533,49.4857,cnn,3,5,2,10,0.6667,1,2,1,4,normal,Normal / Mild Pullback,False,18.5278,0.0537,6.5667,1.1114,8.6297,1.4949,11.7173,6.9911,11.7476,-1.2287,-1.2287
2023-04-03,18.55,138.17,393.4664,313.8977,61.4055,73.5692,39.3072,102.09,136.6907,,,3.43,1.14,-0.152,45.61,,-2.05,-8.513,-12.6429,-5.6741,1.0328,1.1712,,,-2.1658,-55.0,-35.0,-28.3968,61.4857,cnn,3,5,2,10,0.6667,1,2,1,4,normal,Normal / Mild Pullback,False,18.5563,-0.2993,5.7409,0.7933,8.4978,-0.0268,12.4008,7.0051,11.7489,-1.6036,-1.6036
2023-04-04,19.0,147.75,391.2834,312.8389,61.2258,73.3141,38.4378,101.59,135.3213,,,3.35,1.1,-0.152,45.61,,-0.97,-9.0206,-12.9376,-6.1934,1.4567,1.4735,,,-3.8156,-62.0,-49.0,-28.3622,50.2286,cnn,3,5,2,10,0.6667,1,2,1,4,normal,Normal / Mild Pullback,False,17.7171,-0.1517,4.9808,1.3385,7.7687,-0.1591,12.488,8.8719,11.8622,-1.0546,-1.0546
2023-04-05,19.08,153.9,390.2589,309.7504,60.8826,72.8996,38.0483,101.85,135.038,,,3.3,1.07,-0.152,45.61,,-0.04,-8.098,-11.8396,-6.236,1.3663,1.4119,,,-3.6059,-68.0,-59.0,-28.4156,52.6286,cnn,3,5,2,10,0.6667,1,2,1,4,normal,Normal / Mild Pullback,False,17.7783,1.4402,10.2323,1.0501,8.2889,-0.606,12.7087,9.2833,11.8325,-0.7949,-0.7949
2023-04-06,18.4,147.73,391.7813,311.8387,61.1523,73.2504,38.6099,101.82,135.1324,,,3.3,1.06,-0.152,35.02,,-0.62,-7.2748,-9.4906,-6.5805,2.3838,2.5335,,,-3.314,-63.0,-57.0,-22.7072,55.2571,cnn,3,5,2,10,0.6667,1,2,0,3,normal,Normal / Mild Pullback,False,16.179,0.7991,10.8027,0.7356,8.1352,0.8407,14.2797,8.6967,11.837,-1.1804,-1.1804
2023-04-10,18.97,143.0,392.1834,311.6623,61.0951,73.1069,38.8091,102.58,135.954,,,3.41,1.14,-0.155,35.02,,0.27,-7.1797,-9.5419,-6.0636,2.274,2.3667,,,-1.9124,-29.0,-30.0,-19.9919,57.9143,cnn,3,5,2,10,0.6667,1,2,0,3,normal,Normal / Mild Pullback,False,14.9223,1.0571,10.8705,0.7373,8.1354,0.7641,14.2779,7.735,11.9879,-1.2817,-1.2817
2023-04-11,19.1,139.78,392.2887,309.6621,61.2258,73.3141,38.9178,102.2,136.8418,,,3.43,1.14,-0.155,35.02,,0.55,-6.9058,-8.8482,-5.4887,3.0542,3.1841,,,-1.3514,-12.0,-17.0,-8.6596,58.4857,cnn,3,5,2,10,0.6667,1,1,0,2,normal,Normal / Mild Pullback,False,14.8644,1.0959,10.833,-0.8884,11.7106,0.2953,14.3784,7.4341,12.0112,-1.3082,-1.3082
2023-04-12,19.09,129.68,390.6898,306.9266,61.2094,73.2663,38.4921,101.5,136.1807,,,3.41,1.14,-0.155,35.02,,0.09,-6.7582,-8.923,-5.4166,2.2844,2.3172,,,-2.027,-23.0,-19.0,-9.6791,60.7429,cnn,3,5,2,10,0.6667,1,1,0,2,normal,Normal / Mild Pullback,False,14.2178,1.4925,9.7046,-0.9043,11.7231,1.1763,14.3721,8.1469,11.9634,-0.9043,-0.9043
2023-04-13,17.8,119.95,395.8792,312.9369,61.6262,73.8243,39.0808,101.01,137.229,,,3.45,1.16,-0.155,34.48,,-1.28,-5.5197,-7.1395,-5.9019,3.3179,3.5669,,,-3.4783,-6.0,-6.0,-8.575,63.1714,cnn,3,5,2,10,0.6667,0,1,0,1,normal,Normal / Mild Pullback,False,14.3546,-0.3846,5.3973,-0.2564,14.1282,-0.3241,13.5907,7.4089,11.7532,-2.2033,-2.2033
2023-04-14,17.07,118.84,394.9121,312.3487,61.5118,73.6409,38.32,101.55,136.6056,,,3.52,1.22,-0.166,34.48,,-1.33,-5.7505,-7.314,-6.1373,2.4555,2.6358,,,-2.7485,-4.0,-12.0,-11.6654,65.7143,cnn,3,5,2,10,0.6667,0,1,0,1,normal,Normal / Mild Pullback,False,13.4385,-0.063,5.25,0.8413,14.7097,-0.2109,13.5713,8.5382,11.8103,-1.9638,-1.9638
2023-04-17,16.95,122.69,396.3292,312.6134,61.3484,73.4417,39.4612,102.1,137.5311,,,3.6,1.28,-0.166,34.48,,-2.02,-5.4123,-7.2114,-5.5509,2.796,2.9728,,,-1.5524,21.0,-1.0,-4.7076,67.0857,cnn,3,5,2,10,0.6667,1,0,0,1,normal,Normal / Mild Pullback,False,12.3896,-0.3164,4.353,0.3793,14.6503,-0.2247,13.5665,9.0085,11.878,-2.3143,-2.3143
2023-04-18,16.83,122.78,396.5877,312.633,61.3892,73.5214,38.6099,101.75,137.5406,,,3.58,1.3,-0.166,34.48,,-2.27,-5.3506,-7.2056,-5.4907,3.1456,3.3605,,,-1.4814,11.0,-3.0,-6.9714,65.4857,cnn,3,5,2,10,0.6667,1,0,0,1,normal,Normal / Mild Pullback,False,12.1625,-1.9628,11.4779,-0.8136,15.7739,-0.956,13.7614,8.8696,11.8845,-2.378,-2.378
2023-04-19,16.46,124.02,396.5207,312.4859,61.1441,73.2504,40.1314,101.97,137.5784,,,3.6,1.32,-0.166,34.48,,-2.63,-5.3666,-7.2492,-5.5125,1.6227,1.8212,,,-1.2493,1.0,-4.0,-7.3573,67.2571,cnn,3,5,2,10,0.6667,1,0,0,1,normal,Normal / Mild Pullback,False,11.53,-2.3615,10.9828,-1.4778,16.0547,0.2632,14.4654,9.2661,11.8871,-2.3615,-2.3615
2023-04-20,17.17,120.61,394.3568,310.1033,61.0869,73.2025,39.3797,101.84,136.8229,,,3.54,1.28,-0.166,35.1266,,-0.63,-5.8132,-6.5941,-5.3954,1.4316,1.6426,,,-0.4983,6.0,8.0,-4.7342,64.0571,cnn,3,5,2,10,0.6667,1,0,0,1,normal,Normal / Mild Pullback,False,9.5717,0.1287,20.4528,-1.6388,16.1889,1.7845,14.6778,10.682,11.8585,-1.8258,-1.8258
2023-04-21,16.77,120.84,394.6632,310.4268,61.2748,73.4018,38.8816,101.82,136.8606,,,3.57,1.29,-0.179,35.1266,,-0.3,-4.3091,-4.5212,-5.6227,2.1438,2.2573,,,-0.6925,19.0,10.0,-3.0586,63.5143,cnn,3,5,2,10,0.6667,1,0,0,1,normal,Normal / Mild Pullback,False,9.5901,0.9049,21.2938,0.1043,19.072,1.5575,14.7014,10.842,11.8574,-1.902,-1.902
2023-04-24,16.89,126.28,395.075,309.7798,61.4464,73.6171,38.6823,101.35,137.1156,,,3.52,1.24,-0.179,35.1266,,-0.06,-2.7656,-4.5918,-5.2687,2.6385,2.8412,,,-1.7165,14.0,8.0,-5.8759,63.4857,cnn,3,5,2,10,0.6667,1,0,0,1,normal,Normal / Mild Pullback,False,9.4705,0.698,21.3896,0.0266,19.0653,1.4928,14.7016,9.9919,11.9804,-2.0042,-2.0042
2023-04-25,18.76,137.13,388.8036,303.9362,61.3484,73.4815,37.0521,101.86,134.783,,,3.4,1.15,-0.179,35.1266,,1.93,-4.3091,-6.3915,-5.3369,2.726,2.8114,,,-0.9722,-13.0,-14.0,-9.0117,57.0571,cnn,3,5,2,10,0.6667,1,1,0,2,normal,Normal / Mild Pullback,False,11.4227,1.1722,19.1227,1.1943,17.1247,1.9725,14.0711,11.7661,11.4124,-0.4235,-0.4235
2023-04-26,18.84,130.39,387.1568,305.7794,61.1114,73.1946,37.2785,101.47,133.3759,,,3.43,1.18,-0.179,35.1266,,2.38,-4.7144,-5.8238,-6.1109,2.385,2.4327,,,-0.9372,-12.0,-6.0,-8.189,52.4,cnn,3,5,2,10,0.6667,1,1,0,2,normal,Normal / Mild Pullback,False,11.5242,0.9051,19.7761,2.0996,16.9161,1.6643,14.2598,12.7429,11.3529,0.1904,0.1904
2023-04-27,17.03,122.43,394.8643,314.0939,61.3157,73.4417,37.9759,101.5,135.5668,,,3.53,1.26,-0.179,38.5057,,-0.14,-2.8175,-3.2631,-6.6387,1.4552,1.5831,,,-1.1107,-4.0,2.0,-7.9505,58.3143,cnn,3,5,2,10,0.6667,1,0,0,1,normal,Normal / Mild Pullback,False,12.4725,-1.7652,12.1815,-0.0679,13.7942,0.5431,12.7781,10.844,10.738,-1.7652,-1.7652
2023-04-28,15.78,122.46,398.2346,316.2607,61.5771,73.7286,38.637,101.67,137.0684,,,3.44,1.26,-0.19,38.5057,,-0.99,-1.988,-2.5957,-6.3652,1.2881,1.313,,,-0.4602,-11.0,5.0,-4.6612,59.4286,cnn,3,5,2,10,0.6667,1,0,0,1,normal,Normal / Mild Pullback,False,12.635,-0.7934,18.6235,-1.0435,12.941,0.9833,13.237,9.9228,10.6487,-2.5966,-2.5966
2023-05-01,16.08,128.18,397.8324,315.8979,61.2948,73.4081,37.5502,102.15,136.9456,,,3.59,1.36,-0.19,38.5057,,-0.81,-2.0869,-2.7075,-6.0214,-0.2573,-0.3012,,,-0.3512,11.0,20.0,-6.8642,59.4286,cnn,3,5,2,10,0.6667,1,0,0,1,normal,Normal / Mild Pullback,False,11.7482,-0.6667,18.6707,-0.6017,13.1364,1.1239,13.2253,9.3044,10.7693,-2.4981,-2.4981
2023-05-02,17.78,137.55,393.3611,313.1428,61.2374,73.384,35.1954,101.96,134.8963,,,3.44,1.24,-0.19,38.5057,,-0.98,-3.1874,-3.556,-6.2208,-0.2738,-0.2518,,,-0.1273,1.0,10.0,-10.4368,55.5143,cnn,3,5,2,10,0.6667,1,1,0,2,normal,Normal / Mild Pullback,False,12.4263,0.0219,16.9089,-0.1436,12.2615,1.7062,12.6884,11.6292,10.5639,-1.3898,-1.3898
2023-05-03,18.34,134.5,390.6611,311.0937,61.2046,73.2958,34.5614,101.34,134.1125,,,3.38,1.18,-0.19,38.5057,,-0.5,-3.8519,-4.1871,-6.032,-0.0347,-0.025,,,-0.2461,3.0,8.0,-9.9416,54.6286,cnn,3,5,2,10,0.6667,1,1,0,2,normal,Normal / Mild Pullback,False,12.513,1.1838,15.883,1.7671,13.0111,3.3822,12.6935,12.6147,10.4063,-0.7083,-0.7083
2023-05-04,20.09,140.71,387.894,309.9954,61.024,73.0794,32.6776,101.4,132.8375,,,3.37,1.18,-0.19,44.898,,3.06,-4.533,-4.5253,-5.9145,0.2323,0.2467,,,-0.4418,7.0,11.0,-13.5921,49.6,cnn,3,5,2,10,0.6667,2,1,1,4,normal,Normal / Mild Pullback,False,12.7329,1.7278,14.2418,3.4804,12.5179,5.6253,13.0092,13.0935,10.2837,1.2638,1.2638
2023-05-05,17.19,130.21,395.075,316.5842,61.3523,73.4562,34.7335,101.21,135.0758,,,3.44,1.23,-0.199,44.898,,1.41,-2.7656,-2.4961,-6.1716,0.3271,0.281,,,-0.5991,14.0,17.0,-10.7899,53.8857,cnn,3,5,2,10,0.6667,1,1,1,3,normal,Normal / Mild Pullback,False,14.3251,-0.2521,5.3012,1.4516,9.4885,3.5068,11.7083,9.4932,10.2316,-0.5768,-0.5768
2023-05-08,16.98,135.07,395.1802,317.3686,61.18,73.3119,34.0361,101.37,134.8302,,,3.52,1.29,-0.199,44.898,,0.9,-2.7397,-2.2545,-6.3215,0.139,0.2804,,,-1.1796,11.0,15.0,-12.9638,57.1429,cnn,3,5,2,10,0.6667,1,1,1,3,normal,Normal / Mild Pullback,False,14.3236,0.0654,6.0233,1.4658,9.484,3.7045,11.6964,9.1504,10.268,-0.6033,-0.6033
2023-05-09,17.71,133.93,393.4472,315.3586,61.024,73.1355,33.8912,101.64,134.3297,,,3.53,1.3,-0.199,44.898,,-0.07,-3.1662,-2.8735,-6.3258,-0.3296,-0.2436,,,-0.5479,10.0,16.0,-13.1724,59.5714,cnn,3,5,2,10,0.6667,1,1,1,3,normal,Normal / Mild Pullback,False,14.425,-0.1655,7.2209,0.769,11.1575,3.8011,11.6353,9.1353,10.2714,-0.1655,-0.1655
2023-05-10,16.94,125.6,395.2855,318.7904,61.3933,73.5684,33.5651,101.48,134.3108,,,3.43,1.26,-0.199,44.898,,-1.4,-2.7138,-1.8166,-6.7244,0.3004,0.4123,,,-0.0197,2.0,12.0,-13.8138,59.9714,cnn,3,5,2,10,0.6667,1,1,1,3,normal,Normal / Mild Pullback,False,14.4164,0.5765,11.2405,-0.4263,11.5906,3.9433,11.6889,9.5759,10.358,-0.6297,-0.6297
2023-05-11,16.93,128.21,394.5962,319.8297,61.2948,73.4642,32.7319,102.06,133.6403,,,3.39,1.23,-0.199,41.2214,,-3.16,-2.8834,-1.4965,-6.8938,-0.5376,-0.4879,,,1.0395,-6.0,7.0,-15.9733,59.0571,cnn,3,5,2,10,0.6667,1,2,1,4,normal,Normal / Mild Pullback,False,13.6318,1.7228,12.2368,0.6114,12.4007,4.3118,11.6084,9.29,10.4069,-0.4562,-0.4562
2023-05-12,17.03,120.52,394.0791,318.6824,61.0733,73.1916,32.9402,102.68,133.6497,,,3.46,1.28,-0.206,41.2214,,-0.16,-3.0107,-1.8499,-6.9022,-0.7129,-0.6101,,,1.1127,-6.0,6.0,-13.8575,57.3429,cnn,3,5,2,10,0.6667,1,1,1,3,normal,Normal / Mild Pullback,False,13.6122,1.708,12.2725,2.0482,13.7546,5.3962,11.7832,8.7018,10.5268,-0.3255,-0.3255
2023-05-15,17.12,127.89,395.4388,320.4081,61.0569,73.2077,33.9818,102.43,134.4053,,,3.5,1.31,-0.206,41.2214,,0.14,-2.6761,-1.3184,-6.9307,-0.4752,-0.3186,,,0.3232,-10.0,3.0,-13.6918,57.2571,cnn,3,5,2,10,0.6667,1,1,1,3,normal,Normal / Mild Pullback,False,13.6073,1.3995,12.4518,1.736,13.7522,5.7262,11.864,8.367,10.5201,-0.6682,-0.6682
2023-05-16,17.99,130.3,392.7962,320.7709,60.6301,72.6867,33.4746,102.56,132.507,,,3.54,1.35,-0.206,41.2214,,0.28,-3.3264,-1.2066,-7.6634,-1.2365,-1.1353,,,0.7961,-4.0,5.0,-12.4636,55.2857,cnn,3,5,2,10,0.6667,1,1,1,3,normal,Normal / Mild Pullback,False,13.8028,0.936,14.845,1.8525,13.5666,6.5643,11.3461,9.0324,10.3942,0.2047,0.2047
2023-05-17,16.87,120.78,397.5643,324.6535,60.7942,72.855,35.9381,102.88,134.188,,,3.57,1.35,-0.206,41.2214,,-0.07,-2.1529,-0.0108,-7.457,-0.5722,-0.5397,,,0.8924,-3.0,3.0,-10.6842,60.2571,cnn,3,5,2,10,0.6667,1,1,1,3,normal,Normal / Mild Pullback,False,14.5087,-0.997,12.6591,1.5871,13.0699,6.5915,11.3731,8.3194,10.1928,-0.997,-0.997
2023-05-18,16.05,122.5,401.3942,330.6834,60.8271,72.8871,36.1554,103.58,135.2741,,,3.65,1.42,-0.206,39.7306,,-0.88,-1.2103,0.0,-7.613,-0.4253,-0.4309,,,1.7086,11.0,14.0,-9.7974,64.9143,cnn,3,5,2,10,0.6667,1,1,0,2,normal,Normal / Mild Pullback,False,14.7196,-1.0925,12.1092,2.0728,14.0698,5.2149,11.3395,6.0361,10.389,-1.9417,-1.9417
2023-05-19,16.81,127.51,400.8101,329.9382,60.8927,72.9272,35.5124,103.2,134.9152,,,3.7,1.46,-0.211,39.7306,,-0.22,-1.3541,-0.2254,-7.5774,-0.6236,-0.6466,,,1.3553,13.0,17.0,-10.066,65.4571,cnn,3,5,2,10,0.6667,1,1,0,2,normal,Normal / Mild Pullback,False,14.7439,0.3345,16.23,2.0257,14.1039,4.8215,11.5898,5.4114,10.5179,-1.7988,-1.7988
2023-05-22,17.21,132.29,400.9728,331.0462,61.1635,73.2477,36.6445,103.2,135.123,,,3.72,1.48,-0.211,39.7306,,0.09,-1.314,0.0,-7.6694,-0.4603,-0.5017,,,1.8254,20.0,24.0,-6.6615,67.8571,cnn,3,5,2,10,0.6667,1,0,0,1,normal,Normal / Mild Pullback,False,14.7443,0.3319,16.2303,2.2064,14.0757,4.2421,11.8769,4.5657,10.6619,-1.8386,-1.8386
2023-05-23,18.53,131.7,396.4728,326.8497,60.8435,72.8871,37.0068,103.49,133.6781,,,3.7,1.44,-0.211,39.7306,,0.54,-2.4216,-1.2676,-7.4188,-0.823,-0.809,,,1.6002,30.0,29.0,-2.0542,65.8,cnn,3,5,2,10,0.6667,1,0,0,1,normal,Normal / Mild Pullback,False,14.127,0.908,13.9191,3.009,12.4316,5.8059,10.7802,5.8034,10.3634,-0.7245,-0.7245
2023-05-24,20.03,132.29,393.6004,325.1731,60.4168,72.3741,36.3456,103.89,132.2237,,,3.73,1.48,-0.211,39.7306,,3.16,-3.1285,-1.7741,-7.8291,-1.1367,-1.1209,,,2.3849,30.0,30.0,-4.0986,61.8286,cnn,3,5,2,10,0.6667,2,0,0,2,normal,Normal / Mild Pullback,False,14.3145,2.6102,11.9754,4.3884,11.0854,5.7723,10.8202,7.269,10.281,0.866,0.866
2023-05-25,19.14,139.54,397.0089,333.0856,60.3757,72.302,36.0467,104.21,132.1387,,,3.83,1.58,-0.211,39.6923,,3.09,-2.2896,0.0,-8.8616,-1.533,-1.5518,,,2.6699,30.0,32.0,-5.5927,62.6857,cnn,3,5,2,10,0.6667,1,0,0,1,normal,Normal / Mild Pullback,False,12.8072,3.2003,13.6034,3.6778,10.8668,4.4357,10.855,6.06,10.192,0.7717,0.7717
2023-05-26,17.95,145.37,402.1506,341.5961,60.745,72.7589,36.4905,104.21,133.2436,,,3.8,1.57,-0.213,39.6923,,1.14,-1.0242,0.0,-9.2819,-1.3514,-1.3153,,,2.4983,36.0,31.0,-6.4752,65.7143,cnn,3,5,2,10,0.6667,1,0,0,1,normal,Normal / Mild Pullback,False,13.2712,1.6856,13.1485,3.2808,10.095,4.2308,10.6181,5.8701,10.1091,-0.5167,-0.5167
2023-05-30,17.46,141.36,402.3037,343.1452,61.0076,73.0634,36.4181,104.17,133.0076,,,3.69,1.47,-0.213,39.6923,,0.25,-0.9865,0.0,-9.2984,-0.4686,-0.4695,,,1.9775,10.0,11.0,-4.0929,66.0857,cnn,3,5,2,10,0.6667,1,0,0,1,normal,Normal / Mild Pullback,False,13.2591,1.8682,12.9541,3.9221,10.0844,4.2437,10.6155,4.3631,10.5605,-0.5545,-0.5545
2023-05-31,17.94,136.02,400.0728,341.194,60.8189,72.8069,35.295,104.32,131.846,,,3.64,1.46,-0.213,39.6923,,-0.59,-1.5356,-0.5686,-9.0888,-0.6835,-0.7864,,,2.3146,20.0,22.0,-1.3993,64.1714,cnn,3,5,2,10,0.6667,1,0,0,1,normal,Normal / Mild Pullback,False,12.7287,2.0821,12.0645,4.6261,8.8099,5.2381,10.2377,5.6849,10.5562,0.9501,0.9501
2023-06-01,15.65,124.63,403.874,345.1356,61.1842,73.2938,36.0105,103.56,132.8375,,,3.61,1.45,-0.213,36.8243,,-4.38,-0.6,0.0,-9.1937,-0.0333,-0.0027,,,2.1906,23.0,27.0,0.7842,68.0571,cnn,3,5,2,10,0.6667,1,0,0,1,normal,Normal / Mild Pullback,False,12.7342,1.733,11.3331,4.9263,9.3595,5.4778,10.4704,5.3541,10.4671,1.1213,1.1213
2023-06-02,14.6,120.95,409.7144,347.724,61.4975,73.6647,38.2295,104.02,135.7368,,,3.69,1.51,-0.215,36.8243,,-4.54,0.0,0.0,-8.5787,0.7759,0.8008,,,2.5838,32.0,33.0,10.7594,75.4286,cnn,3,5,2,10,0.6667,1,0,0,1,normal,Normal / Mild Pullback,False,13.0567,0.4627,5.9252,3.0783,8.4942,4.0939,9.521,5.3535,10.4668,-0.3202,-0.3202
2023-06-05,14.73,119.08,408.9293,347.9691,61.448,73.576,37.2423,104.0,135.2741,,,3.69,1.5,-0.215,36.8243,,-3.22,-0.1916,0.0,-8.3766,0.156,0.1631,,,2.7566,25.0,27.0,3.5903,69.4857,cnn,3,5,2,10,0.6667,0,0,0,0,normal,Normal / Mild Pullback,False,11.7373,1.5687,7.5053,2.7403,9.1636,4.1386,9.4987,5.9905,10.4711,-0.1288,-0.1288
2023-06-06,13.96,114.42,409.8197,347.9103,61.547,73.7372,39.0899,104.13,136.1901,,,3.7,1.5,-0.215,36.8243,,-3.5,0.0,-0.0169,-7.3279,0.5999,0.5802,,,2.7227,18.0,21.0,10.7457,73.5143,cnn,3,5,2,10,0.6667,0,0,0,0,normal,Normal / Mild Pullback,False,11.7249,2.0162,7.8021,1.9918,9.9804,3.0987,10.1254,5.6054,10.4798,-0.3458,-0.3458
2023-06-07,13.94,120.5,408.4026,342.0078,61.2089,73.3583,40.385,104.1,137.1912,,,3.79,1.58,-0.215,36.8243,,-4.0,-0.3458,-1.7131,-5.2968,0.3029,0.3046,,,2.4203,26.0,28.0,14.7972,74.4571,cnn,3,5,2,10,0.6667,1,0,0,1,normal,Normal / Mild Pullback,False,11.6639,2.4921,5.2978,2.7152,9.5226,3.1952,10.0696,6.1695,10.4417,0.6049,0.6049
2023-06-08,13.65,115.11,410.873,346.2532,61.5964,73.834,39.905,103.34,137.2479,,,3.73,1.53,-0.215,24.2991,,-2.0,0.0,-0.4931,-5.5973,0.3308,0.361,,,1.8329,30.0,27.0,14.3779,75.7714,cnn,3,5,2,10,0.6667,0,0,0,0,normal,Normal / Mild Pullback,False,11.7176,3.1389,7.5361,1.3257,10.5765,2.8344,9.9398,5.0751,10.4443,0.1794,0.1794
2023-06-09,13.83,115.77,411.6102,347.5769,61.6129,73.842,39.3616,103.56,137.0873,,,3.75,1.55,-0.216,24.2991,,-0.77,0.0,-0.1127,-5.1371,0.519,0.5143,,,1.4697,36.0,32.0,15.2838,76.9714,cnn,3,5,2,10,0.6667,0,0,0,0,normal,Normal / Mild Pullback,False,11.6362,2.6035,9.9612,0.731,10.9099,3.3039,10.0942,4.1818,10.5565,0.731,0.731
2023-06-12,15.01,119.8,415.3442,353.4499,61.547,73.7937,39.0718,103.63,137.9939,,,3.73,1.56,-0.216,24.2991,,0.28,0.0,0.0,-4.8532,0.7756,0.8225,,,0.9252,27.0,28.0,12.5413,78.0571,cnn,3,5,2,10,0.6667,0,0,0,0,normal,Normal / Mild Pullback,False,11.8104,1.1535,11.4696,0.9198,11.341,3.1989,10.0013,2.9282,10.4384,-0.1746,-0.1746
2023-06-13,14.61,118.8,418.0825,356.1658,61.6212,73.8984,39.9775,103.34,139.3255,,,3.84,1.64,-0.216,24.2991,,0.65,0.0,0.0,-4.0608,0.9243,0.9436,,,0.8884,34.0,33.0,11.2722,79.6286,cnn,3,5,2,10,0.6667,0,0,0,0,normal,Normal / Mild Pullback,False,11.8907,-0.0239,11.7277,0.3094,10.894,3.3367,10.1004,2.408,10.3635,-0.8284,-0.8284
2023-06-14,13.88,114.37,418.5804,358.7543,61.6459,73.9549,38.8091,103.01,139.0611,,,3.83,1.62,-0.216,24.2991,,-0.06,0.0,0.0,-4.6732,1.6755,1.7446,,,0.4388,29.0,27.0,8.7946,79.6286,cnn,3,5,2,10,0.6667,0,0,0,0,normal,Normal / Mild Pullback,False,11.3739,0.2177,12.0099,0.585,11.0422,3.1495,10.1316,2.959,10.4391,-0.9464,-0.9464
2023-06-15,14.5,107.34,423.7699,363.0291,61.9428,74.2935,39.5518,102.12,140.6665,,,3.72,1.51,-0.216,22.6981,,0.85,0.0,0.0,-4.776,1.8892,1.9744,,,-0.7387,15.0,16.0,3.2497,80.8857,cnn,3,5,2,10,0.6667,0,0,0,0,normal,Normal / Mild Pullback,False,11.4012,-1.758,6.7698,0.5257,10.8692,2.2401,9.3396,1.1402,10.2126,-2.1594,-2.1594
2023-06-16,13.54,104.43,422.3264,360.7447,61.7861,74.0919,39.0084,102.3,140.5532,,,3.77,1.55,-0.218,22.6981,,-0.29,-0.3406,-0.6293,-3.9963,1.5767,1.653,,,-1.2358,12.0,13.0,2.5433,81.2571,cnn,3,5,2,10,0.6667,0,0,0,0,normal,Normal / Mild Pullback,False,11.368,-1.825,6.7786,0.9853,10.6455,3.3518,9.4339,1.6042,10.1867,-1.825,-1.825
2023-06-20,13.88,104.43,420.1353,360.2282,61.6212,73.8984,38.5047,102.54,139.2747,,,3.74,1.52,-0.218,22.6981,,-1.13,-0.8577,-0.7715,-3.7938,1.1963,1.3318,,,-0.6395,4.0,6.0,3.4387,80.1143,cnn,3,5,2,10,0.6667,0,0,0,0,normal,Normal / Mild Pullback,False,11.6178,-0.231,12.0778,1.361,10.1954,4.1219,9.0804,3.0148,10.2623,-1.313,-1.313
2023-06-21,13.2,110.84,417.9826,355.3192,61.4645,73.7211,37.9105,102.07,139.0755,,,3.72,1.51,-0.218,22.6981,,-1.41,-1.3657,-2.1238,-3.6239,0.4921,0.6462,,,-1.095,0.0,3.0,-0.7554,80.1143,cnn,3,5,2,10,0.6667,0,0,0,0,normal,Normal / Mild Pullback,False,11.9049,0.3334,11.344,1.0852,10.7571,3.9638,9.2536,2.2978,10.5225,-0.8047,-0.8047
2023-06-22,12.91,107.7,419.4915,359.5116,61.2831,73.5034,36.7129,102.39,138.5064,,,3.8,1.56,-0.218,27.7551,,-0.97,-1.0096,-0.969,-4.8169,0.7226,0.8456,,,-1.0629,10.0,12.0,-6.2378,80.0571,cnn,3,5,2,10,0.6667,0,0,0,0,normal,Normal / Mild Pullback,False,10.8168,0.3666,11.4002,0.4673,10.7946,3.5898,9.2563,1.9896,10.5012,-1.1615,-1.1615
2023-06-23,13.44,105.74,416.32,355.9476,61.1759,73.2777,36.1827,102.9,137.3113,,,3.74,1.53,-0.222,27.7551,,-1.06,-1.758,-1.9507,-5.3229,1.2565,1.2485,,,-0.9529,1.0,5.0,-5.8811,75.7143,cnn,3,5,2,10,0.6667,0,0,0,0,normal,Normal / Mild Pullback,False,10.8563,2.3245,10.7491,1.4889,9.8326,4.8452,8.6069,2.5534,10.3838,-0.4086,-0.4086
2023-06-26,14.25,109.02,414.6191,351.1759,61.2089,73.4148,36.6398,102.69,138.146,,,3.72,1.54,-0.222,27.7551,,0.71,-2.1594,-3.2651,-4.4032,1.38,1.539,,,-1.4586,-11.0,-4.0,-2.672,73.4571,cnn,3,5,2,10,0.6667,0,0,0,0,normal,Normal / Mild Pullback,False,10.8915,2.8625,8.4845,2.5542,9.5695,5.5628,8.2615,2.0275,10.5317,1.0963,1.0963
2023-06-27,13.74,110.85,419.1647,357.214,61.415,73.6324,37.2614,102.49,139.8343,,,3.77,1.57,-0.222,27.7551,,-0.14,-1.0867,-1.6018,-4.1967,1.1031,1.2006,,,-1.6505,-3.0,0.0,-2.0323,75.4857,cnn,3,5,2,10,0.6667,0,0,0,0,normal,Normal / Mild Pullback,False,10.6514,1.5957,8.2016,2.2583,8.9508,4.434,7.7097,-0.747,10.8604,0.0504,-0.747
2023-06-28,13.43,108.3,419.3761,357.9111,61.7696,74.0597,37.0603,102.91,139.5971,,,3.71,1.53,-0.222,27.7551,,0.23,-1.0368,-1.4098,-4.4677,1.249,1.3636,,,-1.2096,2.0,6.0,-2.3793,76.5143,cnn,3,5,2,10,0.6667,0,0,0,0,normal,Normal / Mild Pullback,False,10.6488,0.7493,11.4278,3.0179,9.3142,3.6894,8.3098,-1.0201,10.8683,0.3942,-1.0201
2023-06-29,13.54,113.45,421.0291,357.1944,61.6047,73.8662,37.7551,103.34,140.6879,,,3.85,1.65,-0.222,27.4699,,0.63,-0.6468,-1.6072,-3.8136,1.2921,1.4549,,,-0.9394,21.0,19.0,1.6456,79.2,cnn,3,5,2,10,0.6667,0,0,0,0,normal,Normal / Mild Pullback,False,10.271,0.1004,11.479,2.5496,9.4623,4.2934,8.7507,-0.9941,10.8727,0.1004,-1.4087
2023-06-30,13.59,110.64,425.9975,362.7024,61.9015,74.1887,37.3254,102.91,141.9304,,,3.81,1.59,-0.228,27.4699,,0.15,0.0,-0.09,-3.6629,1.1724,1.2209,,,-0.6276,20.0,14.0,-1.7316,79.4857,cnn,3,5,2,10,0.6667,0,0,0,0,normal,Normal / Mild Pullback,False,10.5064,-0.8166,6.3831,1.7055,8.0064,3.2733,7.9775,-3.5864,10.9915,-1.0671,-3.5864
2023-07-03,13.57,110.77,426.4876,363.5566,61.8045,74.1433,38.1847,102.99,142.2813,,,3.86,1.61,-0.228,27.4699,,-0.68,0.0,0.0,-3.5864,0.4993,0.6497,,,-0.9902,17.0,10.0,-4.0453,82.2286,cnn,3,5,2,10,0.6667,0,0,0,0,normal,Normal / Mild Pullback,False,9.5473,-0.2997,8.5227,2.3434,8.4889,2.8595,8.134,-3.6588,10.9875,-1.1808,-3.6972
2023-07-05,14.18,110.53,425.8533,363.5467,61.6139,73.892,37.6819,103.37,141.6743,,,3.95,1.69,-0.228,27.4699,,0.44,-0.1487,-0.0027,-3.5471,0.2699,0.4295,,,-0.6058,26.0,19.0,-2.8405,79.2571,cnn,3,5,2,10,0.6667,0,0,0,0,normal,Normal / Mild Pullback,False,9.525,0.6522,10.3687,2.7238,8.2235,1.5797,9.7744,-2.9559,11.0637,-1.0336,-3.5537
2023-07-06,15.44,134.63,422.5187,360.778,61.1662,73.3652,37.106,103.17,140.5172,,,4.05,1.78,-0.228,24.4845,,2.01,-0.9306,-0.7643,-4.0642,-0.6187,-0.5045,,,-0.9219,35.0,28.0,-7.9282,77.9143,cnn,3,5,2,10,0.6667,1,0,0,1,normal,Normal / Mild Pullback,False,10.1488,2.2517,7.1273,2.8476,7.8022,2.088,9.3398,-2.4274,10.9649,-0.2525,-2.7926
2023-07-07,14.83,130.41,421.4518,359.5802,61.2242,73.4219,37.9105,102.27,140.8681,,,4.06,1.79,-0.236,24.4845,,1.29,-1.1808,-1.0937,-4.181,0.0251,0.0867,,,-1.7579,27.0,21.0,-9.034,77.6857,cnn,3,5,2,10,0.6667,1,1,0,2,normal,Normal / Mild Pullback,False,10.093,2.4467,5.9889,3.108,7.4115,1.8835,9.4674,-2.2193,10.956,0.2531,-2.5465
2023-07-10,15.07,131.73,422.5187,359.698,61.531,73.7623,38.2121,101.97,142.1296,,,4.01,1.76,-0.236,24.4845,,1.48,-0.9306,-1.0613,-3.4938,-0.1063,-0.097,,,-1.3257,28.0,23.0,-6.8816,76.6857,cnn,3,5,2,10,0.6667,1,0,0,1,normal,Normal / Mild Pullback,False,9.9635,2.5429,5.7952,3.3071,7.4359,2.5133,9.8501,-3.7718,11.2616,0.6368,-3.7718
2023-07-11,14.84,127.07,425.2094,361.4751,61.8626,74.1433,38.7241,101.73,143.7325,,,3.99,1.75,-0.236,24.4845,,1.27,-0.2997,-0.5725,-2.4856,0.4052,0.408,,,-1.7671,24.0,20.0,-4.7661,78.2857,cnn,3,5,2,10,0.6667,1,0,0,1,normal,Normal / Mild Pullback,False,10.1175,2.6511,5.9923,2.9336,7.2334,1.4216,9.847,-3.6844,11.2872,0.8046,-4.3807
2023-07-12,13.54,114.07,428.6306,366.0405,62.3434,74.7511,39.5011,100.52,144.3965,,,3.86,1.6,-0.236,24.4845,,-0.64,0.0,0.0,-2.6121,1.2941,1.2975,,,-3.0011,13.0,4.0,-2.035,78.1714,cnn,3,5,2,10,0.6667,0,0,0,0,normal,Normal / Mild Pullback,False,10.0238,2.0582,5.7029,2.1277,6.7338,-0.0605,9.7843,-4.4892,11.143,-0.0605,-5.1439
2023-07-13,13.61,111.75,432.0326,372.2554,62.7165,75.205,40.1776,99.77,145.0794,,,3.76,1.52,-0.236,25.8721,,-1.83,0.0,0.0,-3.2293,1.7775,1.7681,,,-3.4546,-8.0,-12.0,-2.7445,79.4,cnn,3,5,2,10,0.6667,0,0,0,0,normal,Normal / Mild Pullback,False,10.1235,0.5828,8.3131,0.6518,7.1739,-0.8119,9.3285,-4.1162,11.3,-0.8475,-5.8908
2023-07-14,13.34,112.48,431.7636,372.177,62.2605,74.6782,39.428,99.91,144.2257,,,3.83,1.59,-0.249,25.8721,,-1.49,-0.0623,-0.0211,-3.6826,0.9969,0.9781,,,-3.0094,0.0,-3.0,-1.5074,79.8,cnn,3,5,2,10,0.6667,0,0,0,0,normal,Normal / Mild Pullback,False,10.1551,0.6455,8.2403,1.7005,8.4353,-0.808,9.3284,-3.4422,11.3929,-0.808,-5.8322
2023-07-17,13.48,113.5,433.2628,375.6526,62.3766,74.8241,40.1136,99.84,144.5008,,,3.81,1.56,-0.249,25.8721,,-1.59,0.0,0.0,-3.8754,0.7003,0.7142,,,-2.2327,9.0,5.0,-0.8017,80.0286,cnn,3,5,2,10,0.6667,0,0,0,0,normal,Normal / Mild Pullback,False,9.3558,0.7453,8.4333,1.5416,8.3793,-0.6056,9.4677,-3.2755,11.4245,-1.1512,-6.1581
2023-07-18,13.3,112.45,436.4821,378.7257,62.5507,75.0105,41.8048,99.94,145.3923,,,3.8,1.57,-0.249,25.8721,,-1.54,0.0,0.0,-3.9924,1.2375,1.2398,,,-2.3069,3.0,2.0,3.6932,81.6857,cnn,3,5,2,10,0.6667,0,0,0,0,normal,Normal / Mild Pullback,False,9.45,0.2752,6.8753,0.5042,7.9379,-2.4879,9.8292,-3.5956,11.3458,-2.4879,-6.8502
2023-07-19,13.76,107.19,437.4527,378.6373,62.6004,75.0753,43.1029,100.28,146.1132,,,3.75,1.53,-0.249,25.8721,,0.22,0.0,-0.0233,-3.6822,1.5891,1.5925,,,-2.204,1.0,1.0,7.5106,82.3429,cnn,3,5,2,10,0.6667,0,0,0,0,normal,Normal / Mild Pullback,False,9.0966,0.0681,6.7134,-1.1138,10.6664,-3.4183,9.967,-4.3959,11.3855,-3.4183,-7.0569
2023-07-20,13.99,112.85,434.5505,369.909,62.3268,74.7754,42.9384,100.88,145.9614,,,3.85,1.5,-0.249,21.4932,,0.38,-0.6634,-2.328,-3.2189,1.4029,1.4302,,,-1.1659,13.0,-1.0,8.9443,80.8571,cnn,3,5,2,10,0.6667,0,0,0,0,normal,Normal / Mild Pullback,False,9.2685,0.0686,6.7106,-0.7386,10.2784,-3.5141,10.0379,-4.2368,11.3537,-3.5141,-6.4361
2023-07-21,13.6,106.66,434.5505,368.7995,62.4844,74.9375,42.399,101.07,146.1701,,,3.84,1.49,-0.264,21.4932,,0.26,-0.6634,-2.6209,-2.9683,1.9602,1.9511,,,-1.2892,4.0,-7.0,11.4859,81.0286,cnn,3,5,2,10,0.6667,0,0,0,0,normal,Normal / Mild Pullback,False,9.2719,1.0483,9.5493,-1.1876,10.4375,-3.4676,10.0507,-3.2292,11.5824,-3.5141,-6.4361
2023-07-24,13.91,109.95,436.4917,369.3885,62.3766,74.7998,43.4686,101.35,146.5779,,,3.86,1.48,-0.264,21.4932,,0.43,-0.2197,-2.4654,-2.523,1.9626,2.0771,,,-1.5063,12.0,-5.0,14.5846,82.5143,cnn,3,5,2,10,0.6667,0,0,0,0,normal,Normal / Mild Pullback,False,8.6251,0.7904,9.3191,-0.7684,11.263,-3.2717,10.2412,-3.664,11.536,-3.9432,-6.8523
2023-07-25,13.86,113.02,437.6833,371.8922,62.3351,74.7511,42.6458,101.35,146.6823,,,3.91,1.52,-0.264,21.4932,,0.56,0.0,-1.8043,-2.386,1.84,1.8203,,,-1.3049,19.0,-2.0,10.2588,81.2286,cnn,3,5,2,10,0.6667,0,0,0,0,normal,Normal / Mild Pullback,False,8.2796,0.2284,9.7206,-1.4689,11.2084,-3.7963,10.1132,-5.2065,11.807,-4.2047,-7.1059
2023-07-26,13.19,104.88,437.7507,370.6551,62.5839,75.0915,44.6661,100.89,147.0142,,,3.86,1.5,-0.264,21.4932,,-0.57,0.0,-2.131,-2.426,1.9031,1.9816,,,-1.5611,9.0,-7.0,14.7829,80.6,cnn,3,5,2,10,0.6667,0,0,0,0,normal,Normal / Mild Pullback,False,7.7231,-1.1811,14.1765,-2.1427,11.4549,-2.7398,11.1067,-6.0538,11.9159,-4.2194,-7.1201
2023-07-27,14.41,111.15,434.8484,369.7715,62.0864,74.508,43.9074,101.77,145.7243,,,4.01,1.64,-0.264,24.1164,,0.42,-0.663,-2.3643,-2.6477,0.5129,0.6053,,,-1.1078,30.0,11.0,14.2601,77.6571,cnn,3,5,2,10,0.6667,0,0,0,0,normal,Normal / Mild Pullback,False,8.3208,-0.8066,13.7042,-1.4542,11.2244,-3.4476,11.8439,-6.5889,12.0871,-3.5802,-6.5889
2023-07-28,13.33,109.76,439.1057,376.5067,62.4429,74.9375,44.5382,101.62,146.4452,,,3.96,1.58,-0.28,24.1164,,-0.27,0.0,-0.5859,-2.7483,1.3607,1.4504,,,-1.6644,11.0,-7.0,13.1098,76.9143,cnn,3,5,2,10,0.6667,0,0,0,0,normal,Normal / Mild Pullback,False,8.7652,-2.2126,9.281,-2.4665,9.3834,-3.7096,11.5292,-7.6549,11.8728,-4.515,-7.6549
2023-07-31,13.63,112.03,439.9418,376.7031,62.5921,75.1726,44.5107,101.86,146.9004,,,3.97,1.6,-0.28,24.1164,,-0.28,0.0,-0.534,-2.7345,1.1157,1.3262,,,-1.0203,16.0,1.0,15.4708,77.6286,cnn,3,5,2,10,0.6667,0,0,0,0,normal,Normal / Mild Pullback,False,7.9845,-1.5466,12.8027,-2.1145,10.0098,-3.2832,11.8248,-7.1355,11.993,-4.6965,-7.8304
2023-08-01,13.93,116.38,438.6828,375.8293,62.2823,74.7488,44.0354,102.3,146.3029,,,4.05,1.68,-0.28,24.1164,,0.07,-0.2862,-0.7648,-2.6145,0.773,0.8166,,,-0.67,19.0,7.0,12.1161,77.3429,cnn,3,5,2,10,0.6667,0,0,0,0,normal,Normal / Mild Pullback,False,8.1415,-1.6934,12.828,-2.9771,11.1154,-1.6036,13.1039,-8.2056,12.2919,-4.423,-8.2056
2023-08-02,16.09,115.15,432.5804,367.582,62.0157,74.4553,43.8343,102.59,144.9086,,,4.08,1.72,-0.28,24.1164,,2.9,-1.6733,-2.9424,-2.0218,0.6522,0.7624,,,-0.7546,13.0,3.0,14.518,77.3429,cnn,3,5,2,10,0.6667,0,0,0,0,normal,Normal / Mild Pullback,False,9.7633,-0.9731,9.6944,-2.3304,9.6851,0.1955,12.2325,-8.0254,12.2125,-3.0747,-8.0254
2023-08-03,15.92,124.6,431.3407,366.9929,61.8158,74.2027,44.2182,102.54,144.1878,,,4.2,1.83,-0.28,21.3198,,1.51,-1.955,-3.098,-2.0249,1.0621,1.1415,,,-0.6106,15.0,5.0,16.73,73.6286,cnn,3,5,2,10,0.6667,1,0,0,1,normal,Normal / Mild Pullback,False,9.3306,-0.6528,9.7732,-2.7961,10.0463,0.3364,12.1974,-8.1792,12.2259,-2.7961,-8.1792
2023-08-04,17.1,115.91,429.3899,365.2747,62.1823,74.6346,44.3919,102.02,143.5428,,,4.05,1.67,-0.297,21.3198,,3.77,-2.3985,-3.5516,-2.0861,1.5649,1.6517,,,-0.2445,-1.0,-12.0,14.932,64.5,cnn,3,5,2,10,0.6667,0,0,0,0,normal,Normal / Mild Pullback,False,9.4582,-0.2596,9.3455,-2.3075,10.1241,0.9803,12.0812,-6.6592,12.5072,-2.3545,-7.762
2023-08-07,15.77,120.94,433.1378,368.3675,62.2989,74.7895,44.8307,102.05,144.7569,,,4.09,1.68,-0.297,21.3198,,2.14,-1.5466,-2.735,-1.6412,1.2481,1.3926,,,0.0785,8.0,-8.0,14.4443,72.0571,cnn,3,5,2,10,0.6667,1,0,0,1,normal,Normal / Mild Pullback,False,9.8435,-0.5769,7.4486,-2.5227,9.4925,-0.3261,11.7892,-6.8858,12.4353,-3.1994,-8.5601
2023-08-08,15.99,118.74,431.2542,365.2355,62.4322,74.9199,44.2548,102.53,144.036,,,4.02,1.66,-0.297,21.3198,,2.06,-1.9747,-3.562,-1.3827,0.9208,1.0475,,,0.7864,3.0,-9.0,12.6805,69.2,cnn,3,5,2,10,0.6667,0,0,0,0,normal,Normal / Mild Pullback,False,9.841,-1.3058,10.6046,-2.3621,9.4408,-0.5638,11.9315,-5.4817,12.6488,-2.7766,-8.1608
2023-08-09,15.96,112.55,428.3712,361.2198,62.4405,74.928,43.6149,102.49,143.6187,,,4.0,1.66,-0.297,21.3198,,-0.13,-2.63,-4.6223,-1.1433,0.1558,0.2366,,,1.9598,14.0,6.0,10.4811,67.3143,cnn,3,5,2,10,0.6667,0,0,0,0,normal,Normal / Mild Pullback,False,9.7764,-1.3707,10.7728,-0.6102,11.2175,-0.2019,11.7402,-3.022,13.2308,-2.1223,-7.5427
2023-08-10,15.85,108.64,428.525,361.8875,62.4239,74.8873,43.5783,102.52,143.448,,,4.09,1.76,-0.297,25.5014,,-0.07,-2.5951,-4.446,-1.5125,-0.4666,-0.4224,,,2.7563,33.0,24.0,9.352,66.3429,cnn,3,5,2,10,0.6667,0,0,0,0,normal,Normal / Mild Pullback,False,9.3185,-2.1574,10.812,-2.0228,13.0264,-0.0875,11.7532,-2.1723,13.3753,-2.1574,-7.5758
2023-08-11,14.84,112.13,428.275,359.5802,62.3322,74.7813,43.688,102.84,143.4764,,,4.16,1.8,-0.313,25.5014,,-2.26,-2.6519,-5.0552,-0.6916,0.1152,0.1381,,,2.9326,33.0,21.0,11.7071,65.0286,cnn,3,5,2,10,0.6667,0,0,0,0,normal,Normal / Mild Pullback,False,9.3184,-2.0532,11.0698,-1.2745,13.8021,0.6283,11.9807,-1.8901,13.3864,-2.1003,-7.5219
2023-08-14,14.82,119.94,430.6391,363.6155,62.3239,74.7895,42.8378,103.19,143.448,,,4.19,1.83,-0.313,25.5014,,-0.95,-2.1145,-3.9897,-1.3097,-0.0844,-0.0462,,,3.3554,38.0,27.0,7.4418,66.2857,cnn,3,5,2,10,0.6667,0,1,0,1,normal,Normal / Mild Pullback,False,9.4583,-1.9571,11.6168,-1.1939,13.92,-0.4731,11.9851,-2.151,13.348,-2.6377,-8.0296
2023-08-15,16.46,121.8,425.6227,359.757,62.124,74.5531,41.4117,103.21,141.5605,,,4.21,1.89,-0.313,25.5014,,0.47,-3.2548,-5.0086,-1.3099,-0.6822,-0.6097,,,3.272,41.0,32.0,1.5871,54.5,cnn,3,5,2,10,0.6667,1,1,0,2,normal,Normal / Mild Pullback,False,9.8116,-1.0702,9.3661,1.4157,14.5431,0.8174,11.1948,-0.9252,13.1378,-1.4902,-6.9456
2023-08-16,16.78,117.24,422.4994,355.9476,61.9324,74.3575,40.9455,103.42,140.5267,,,4.28,1.96,-0.313,25.5014,,0.82,-3.9647,-6.0144,-1.1878,-1.0671,-0.9561,,,3.1312,53.0,43.0,-1.6432,49.4857,cnn,3,5,2,10,0.6667,0,1,0,1,normal,Normal / Mild Pullback,False,9.9499,0.7711,11.747,2.5862,13.723,2.4384,11.1577,-0.9712,13.149,-0.762,-6.2577
2023-08-17,17.89,121.14,419.28,352.0595,61.6742,74.0071,40.9455,103.44,139.4454,,,4.3,1.97,-0.313,30.137,,2.04,-4.6965,-7.041,-1.3072,-1.0471,-1.0276,,,2.5377,45.0,47.0,-1.1682,46.1429,cnn,3,5,2,10,0.6667,1,0,0,1,normal,Normal / Mild Pullback,False,10.0204,0.1375,15.1997,3.2226,12.7525,1.9812,11.7268,1.3464,13.438,0.0481,-5.5379
2023-08-18,17.3,120.51,419.4818,351.6178,61.7158,74.0397,40.9089,103.38,139.692,,,4.26,1.94,-0.325,30.137,,2.46,-4.6506,-7.1577,-1.2331,-1.23,-1.1982,,,2.2855,42.0,45.0,-0.0485,43.6571,cnn,3,5,2,10,0.6667,1,0,0,1,normal,Normal / Mild Pullback,False,10.0331,0.795,15.9473,3.3654,12.6895,1.9919,11.7263,1.2011,13.44,0.0893,-5.5834
2023-08-21,17.13,130.69,422.2111,357.2828,61.6992,74.0641,40.6347,103.33,139.6635,,,4.34,2.0,-0.325,30.137,,2.31,-4.0302,-5.6619,-1.531,-1.086,-0.9835,,,1.9536,48.0,52.0,-3.3576,43.4857,cnn,3,5,2,10,0.6667,1,0,0,1,normal,Normal / Mild Pullback,False,10.2248,0.7784,15.9159,2.2534,13.0872,1.1225,11.5867,2.4976,13.9383,-0.5577,-6.1937
2023-08-22,16.97,126.65,421.0675,356.7722,61.7325,74.1049,39.4737,103.56,139.1134,,,4.34,1.99,-0.325,30.137,,0.51,-4.2902,-5.7967,-0.737,-0.9667,-0.8646,,,2.1806,43.0,47.0,-3.7858,43.4429,cnn,3,5,2,10,0.6667,1,0,0,1,normal,Normal / Mild Pullback,False,10.0978,2.5128,17.5616,1.8418,13.6576,0.465,12.053,2.9935,13.9272,-0.2876,-5.9389
2023-08-23,15.98,118.4,425.7572,362.3981,62.2323,74.7161,39.9856,103.36,140.2706,,,4.19,1.84,-0.325,30.137,,-0.8,-3.2242,-4.3112,-0.5633,-0.5618,-0.4999,,,2.4482,33.0,34.0,-7.9571,50.1714,cnn,3,5,2,10,0.6667,0,0,0,0,normal,Normal / Mild Pullback,False,11.0992,1.8012,16.7098,0.4108,12.7939,-2.2839,12.7455,1.9836,13.7526,-2.2839,-6.975
2023-08-24,17.2,117.56,419.8566,354.6515,61.8908,74.276,40.1684,103.98,138.9237,,,4.23,1.91,-0.325,35.9268,,-0.69,-4.5654,-6.3566,0.0814,-0.3151,-0.3113,,,2.1716,22.0,27.0,-5.2489,40.5857,cnn,3,5,2,10,0.6667,0,0,0,0,normal,Normal / Mild Pullback,False,11.8268,3.0809,9.0556,1.9753,9.977,-1.1334,11.8307,3.5455,13.4273,-1.1334,-5.6677
2023-08-25,15.68,110.37,422.8166,357.4006,62.149,74.5857,39.8851,104.08,139.6256,,,4.25,1.92,-0.334,35.9268,,-1.62,-3.8926,-5.6308,0.204,-0.4707,-0.4694,,,2.4208,29.0,34.0,-6.9974,47.0286,cnn,3,5,2,10,0.6667,0,0,0,0,normal,Normal / Mild Pullback,False,11.5086,2.5502,9.4452,1.9274,9.9127,-1.4127,11.6307,3.6121,13.4411,-1.8255,-6.328
2023-08-28,15.08,110.45,425.4977,360.0907,62.3822,74.9036,40.461,104.06,140.6689,,,4.2,1.9,-0.334,35.9268,,-2.05,-3.2832,-4.9204,0.5139,-0.3354,-0.3578,,,2.1598,23.0,30.0,-6.0126,45.2857,cnn,3,5,2,10,0.6667,0,0,0,0,normal,Normal / Mild Pullback,False,11.8052,1.4636,11.3648,0.7295,10.2114,-3.4732,12.3322,2.7349,13.3992,-3.4732,-6.9183
2023-08-29,14.45,110.68,431.6483,367.955,62.7737,75.3682,40.8449,103.55,142.2529,,,4.12,1.83,-0.334,35.9268,,-2.52,-1.8851,-2.8439,-0.5248,0.7891,0.8287,,,1.2219,7.0,15.0,-5.7336,49.1714,cnn,3,5,2,10,0.6667,0,0,0,0,normal,Normal / Mild Pullback,False,13.0973,-0.6546,7.0164,-0.59,6.8907,-4.8106,10.8145,1.662,13.1035,-4.8486,-8.2446
2023-08-30,13.88,109.84,433.4261,370.0071,62.7487,75.3519,40.5433,103.16,142.6987,,,4.12,1.86,-0.334,35.9268,,-2.1,-1.481,-2.3021,-0.4735,1.182,1.2041,,,0.5556,4.0,14.0,-7.6883,50.4286,cnn,3,5,2,10,0.6667,0,0,0,0,normal,Normal / Mild Pullback,False,12.2343,-1.3658,5.1135,-0.1441,8.0195,-4.6514,10.9645,1.3073,13.0793,-5.2389,-8.621
2023-08-31,13.57,107.93,432.7919,371.1165,62.7071,75.36,40.7352,103.62,142.1959,,,4.09,1.85,-0.334,34.5324,,-3.63,-1.6252,-2.0091,-1.1321,1.4419,1.5597,,,1.0532,-11.0,2.0,-8.1857,52.9429,cnn,3,5,2,10,0.6667,0,1,0,1,normal,Normal / Mild Pullback,False,12.1989,-1.0725,5.95,-1.2026,10.0405,-4.7435,10.9591,1.273,13.0814,-5.1,-8.4871
2023-09-01,13.09,102.92,433.5991,370.7239,62.8251,75.3944,41.7042,104.24,142.784,,,4.18,1.92,-0.339,34.5324,,-2.59,-1.4417,-2.1128,-1.9712,1.0338,1.018,,,2.176,13.0,25.0,-6.9664,55.0286,cnn,3,5,2,10,0.6667,0,0,0,0,normal,Normal / Mild Pullback,False,12.0814,-0.6073,8.3823,-1.3287,9.9511,-4.9586,10.8706,1.1846,13.0779,-5.2767,-8.6574
2023-09-05,14.01,109.64,431.7252,371.1951,62.415,74.9519,40.7627,104.81,141.0199,,,4.27,1.98,-0.339,34.5324,,-1.07,-1.8677,-1.9884,-2.2144,0.1863,0.2171,,,2.7046,18.0,30.0,-8.7767,59.0857,cnn,3,5,2,10,0.6667,0,1,0,1,normal,Normal / Mild Pullback,False,11.7892,-0.7235,8.6915,-1.106,9.8247,-5.8238,11.5346,1.5523,13.0453,-5.8238,-8.2609
2023-09-06,14.45,111.31,428.8229,367.9256,62.2644,74.8453,39.8211,104.86,140.5361,,,4.3,2.0,-0.339,34.5324,,0.0,-2.5274,-2.8517,-1.5991,-0.2688,-0.0996,,,2.2725,28.0,34.0,-9.5084,56.7143,cnn,3,5,2,10,0.6667,0,1,0,1,normal,Normal / Mild Pullback,False,11.931,0.065,7.3704,-1.352,10.2929,-4.496,11.9932,2.6422,12.9839,-5.1864,-7.6401
2023-09-07,14.4,105.2,427.5063,365.2943,62.4736,75.0666,39.2817,105.06,139.9766,,,4.27,1.95,-0.339,29.589,,0.52,-2.8266,-3.5465,-1.449,0.053,0.185,,,2.5076,27.0,29.0,-9.7528,53.6286,cnn,3,5,2,10,0.6667,0,1,0,1,normal,Normal / Mild Pullback,False,11.7401,1.2386,8.7042,-2.6837,12.8663,-4.238,12.0084,3.5674,13.0105,-4.8945,-7.3556
2023-09-08,13.84,104.34,428.1501,365.805,62.4485,75.0011,39.6382,105.09,140.0429,,,4.26,1.93,-0.339,29.589,,0.27,-2.6803,-3.4116,-1.8486,0.0395,0.1519,,,2.5068,17.0,17.0,-8.9617,51.9143,cnn,3,5,2,10,0.6667,0,1,0,1,normal,Normal / Mild Pullback,False,11.7528,-0.1315,13.63,-3.0485,12.6574,-3.2467,12.9456,2.8688,13.0639,-5.0375,-7.4949
2023-09-11,13.8,107.23,430.966,370.1151,62.5573,75.0912,39.5651,104.57,140.2706,,,4.29,1.94,-0.339,29.589,,0.71,-2.0402,-2.2736,-2.0291,0.361,0.4144,,,1.6822,13.0,14.0,-10.0026,52.2,cnn,3,5,2,10,0.6667,0,1,0,1,normal,Normal / Mild Pullback,False,11.9797,-0.7259,12.3471,-3.2769,12.2009,-3.2635,12.9311,2.1765,13.0027,-5.6579,-8.0994
2023-09-12,14.23,105.11,428.6018,366.0111,62.4568,75.0093,39.8942,104.71,140.0904,,,4.27,1.93,-0.339,29.589,,0.22,-2.5776,-3.3572,-1.5323,0.2133,0.2938,,,1.473,8.0,10.0,-6.4288,51.4,cnn,3,5,2,10,0.6667,0,0,0,0,normal,Normal / Mild Pullback,False,11.9855,-0.3853,11.8706,-4.1722,13.4889,-2.2236,13.0661,2.3261,12.978,-5.1375,-7.5924
2023-09-13,13.48,101.86,429.1016,367.4053,62.6242,75.1978,39.4097,104.77,139.5307,,,4.25,1.9,-0.339,29.589,,-0.97,-2.464,-2.9891,-2.2949,0.8052,0.8646,,,1.5115,4.0,1.0,-5.606,51.4,cnn,3,5,2,10,0.6667,0,0,0,0,normal,Normal / Mild Pullback,False,11.2009,-1.416,13.0401,-4.2456,13.4078,-1.9375,13.1747,2.9868,13.0613,-5.248,-7.7
2023-09-14,12.82,97.11,432.8015,370.4097,62.6995,75.3043,40.1867,105.41,141.1621,,,4.29,1.95,-0.339,29.2208,,-1.58,-1.623,-2.1958,-1.611,1.2386,1.2733,,,1.9242,1.0,-1.0,-4.1893,54.4286,cnn,3,5,2,10,0.6667,0,0,0,0,normal,Normal / Mild Pullback,False,11.1654,-3.8743,11.2919,-4.5138,12.7064,-3.3685,12.7871,2.5454,12.977,-6.058,-8.4891
2023-09-15,13.79,96.61,427.5869,364.0671,62.4652,75.0584,39.9582,105.32,139.9766,,,4.33,1.98,-0.334,29.2208,,-0.05,-2.8083,-3.8705,-1.6128,1.2826,1.4206,,,1.8175,3.0,1.0,-4.3072,52.0286,cnn,3,5,2,10,0.6667,0,0,0,0,normal,Normal / Mild Pullback,False,11.7274,-2.9208,11.142,-3.5839,12.0168,-2.6772,12.2569,4.1996,12.7285,-4.9124,-7.3731
2023-09-18,14.0,99.32,427.8377,364.4467,62.5071,75.0748,39.1975,105.2,139.6412,,,4.32,1.96,-0.334,29.2208,,0.2,-2.7513,-3.7703,-1.1474,1.282,1.3981,,,1.7605,6.0,2.0,-6.0549,49.4857,cnn,3,5,2,10,0.6667,0,0,0,0,normal,Normal / Mild Pullback,False,11.7268,-2.5697,12.6628,-3.6787,11.9295,-1.7109,12.947,4.6142,12.7532,-4.9681,-7.4274
2023-09-19,14.11,101.31,426.9504,363.6699,62.3146,74.8863,39.1053,105.2,139.4126,,,4.37,2.0,-0.334,29.2208,,-0.12,-2.953,-3.9754,-0.9976,0.9975,1.1101,,,1.8097,3.0,0.0,-4.8321,49.9429,cnn,3,5,2,10,0.6667,0,0,0,0,normal,Normal / Mild Pullback,False,11.5884,-3.8016,13.8476,-4.7706,12.8215,-1.5112,12.9418,6.2773,13.0108,-4.7706,-7.235
2023-09-20,15.14,97.04,423.0254,358.4292,62.2644,74.7962,38.7641,105.16,138.7744,,,4.35,2.0,-0.334,29.2208,,1.66,-3.8451,-5.3591,-1.5414,0.8616,0.9329,,,1.545,1.0,1.0,-2.2521,48.2857,cnn,3,5,2,10,0.6667,0,0,0,0,normal,Normal / Mild Pullback,False,12.0521,-2.8703,14.85,-3.1871,13.8844,-1.9219,13.3822,7.6076,12.8409,-3.887,-6.3743
2023-09-21,17.54,106.0,416.0334,351.8612,61.8208,74.2716,38.2016,105.36,136.4691,,,4.49,2.11,-0.334,34.6056,,4.72,-5.4344,-7.0934,-1.672,-0.6612,-0.5949,,,1.935,30.0,27.0,-2.2286,37.1571,cnn,3,5,2,10,0.6667,0,0,1,1,normal,Normal / Mild Pullback,False,12.7225,-0.6653,12.9547,-1.5972,11.7114,-1.1498,12.417,9.2359,12.305,-2.2717,-4.8008
2023-09-22,17.2,101.11,415.098,351.9104,61.9296,74.3864,37.9527,105.58,135.9261,,,4.44,2.07,-0.325,34.6056,,3.41,-5.6471,-7.0804,-1.6262,0.0628,0.1485,,,1.5388,21.0,16.0,-4.433,33.1571,cnn,3,5,2,10,0.6667,0,0,1,1,normal,Normal / Mild Pullback,False,11.8163,-0.6831,12.9633,-0.2045,13.4865,-2.1444,13.098,10.0979,12.3088,-2.1444,-4.5862
2023-09-25,16.9,117.33,416.8435,353.5818,61.8459,74.2798,38.4967,106.0,136.269,,,4.55,2.18,-0.325,34.6056,,2.9,-5.2503,-6.6391,-2.1683,-0.4876,-0.4102,,,1.8447,30.0,26.0,-2.0979,38.4286,cnn,3,5,2,10,0.6667,0,0,1,1,normal,Normal / Mild Pullback,False,11.6152,-1.1383,12.102,0.0139,13.7286,-2.7231,12.9492,10.3036,12.3315,-2.7231,-4.9858
2023-09-26,18.94,117.72,410.7195,348.2724,61.5781,73.9274,37.8974,106.23,134.3543,4.04,1.2,4.56,2.23,-0.325,34.6056,,4.83,-6.6423,-8.041,-1.8167,-1.2889,-1.3033,,,2.0853,36.0,33.0,-2.9659,24.2286,cnn,3,7,2,12,0.8,0,0,2,2,normal,Normal / Mild Pullback,False,12.3064,-1.0073,11.2461,2.0334,11.1059,-0.5283,12.2874,10.3969,12.2845,-1.2727,-3.5691
2023-09-27,18.22,122.09,410.8835,349.0885,61.4944,73.8208,37.6945,106.67,134.4019,4.03,1.21,4.61,2.27,-0.325,34.6056,,3.08,-6.605,-7.8255,-1.9505,-2.0379,-2.0531,,,3.013,49.0,44.0,-3.0493,22.8286,cnn,3,7,2,12,0.8,1,1,2,4,normal,Normal / Mild Pullback,False,10.7689,-0.3262,13.0809,2.4105,11.1102,-1.9951,13.2729,11.3993,12.3845,-1.9951,-3.6076
2023-09-28,17.34,115.24,413.2655,352.0087,61.7873,74.1405,38.0725,106.22,135.3355,4.09,1.23,4.59,2.2,-0.325,40.9429,,-0.2,-6.0636,-7.0544,-1.5646,-1.5321,-1.6077,,,2.9663,47.0,34.0,-1.5129,29.0,cnn,3,7,2,12,0.8,0,0,2,2,normal,Normal / Mild Pullback,False,10.9199,-0.9381,11.8448,1.1995,11.6814,-3.7268,13.5689,10.9797,12.3568,-3.7268,-4.1632
2023-09-29,17.52,113.55,412.2626,352.2643,61.6953,74.0913,38.5151,106.17,134.9735,4.03,1.24,4.59,2.24,-0.313,40.9429,,0.32,-6.2916,-6.987,-1.5556,-1.6136,-1.6835,,,2.4609,50.0,39.0,-0.7418,28.4,cnn,3,7,2,12,0.8,0,0,2,2,normal,Normal / Mild Pullback,False,10.9148,0.4819,15.2521,0.9404,11.9713,-3.93,13.6005,11.7195,12.3361,-3.93,-3.93
2023-10-02,17.61,127.59,412.0986,355.2042,61.3209,73.6388,37.5562,106.9,133.4493,4.11,1.26,4.69,2.34,-0.313,40.9429,,0.71,-6.3288,-6.2107,-3.1163,-2.3943,-2.3286,,,2.5518,51.0,42.0,-5.248,28.3143,cnn,3,7,2,12,0.8,1,1,2,4,normal,Normal / Mild Pullback,False,10.8266,1.1654,15.6263,2.043,12.8429,-2.7427,14.4644,11.966,12.3272,-3.8918,-3.8918
2023-10-03,19.78,141.67,406.5822,348.9705,60.6984,72.8887,36.8185,107.0,131.849,4.26,1.28,4.81,2.45,-0.313,40.9429,,0.84,-7.5827,-7.8567,-3.5972,-2.7504,-2.7526,,,2.0895,54.0,47.0,-4.0902,20.5286,cnn,3,7,2,12,0.8,1,1,3,5,normal,Normal / Mild Pullback,False,11.4851,3.0717,6.9515,3.4228,9.6865,-0.8041,13.9652,13.528,11.9098,-2.5878,-2.5878
2023-10-04,18.58,128.23,409.543,353.7195,61.0097,73.1607,37.1689,106.8,132.6015,4.37,1.29,4.73,2.4,-0.313,40.9429,,0.36,-6.9097,-6.6027,-4.2151,-2.0151,-2.2507,,,1.8501,43.0,40.0,-2.2661,20.9857,cnn,3,7,2,12,0.8,1,1,3,5,normal,Normal / Mild Pullback,False,11.9449,2.7457,6.9694,1.3069,12.5086,-0.471,14.2567,12.381,11.9044,-3.2921,-3.2921
2023-10-05,18.49,130.18,409.3886,352.6773,61.0685,73.2596,37.7867,106.33,132.2205,4.38,1.29,4.72,2.41,-0.313,41.5816,,1.15,-6.9448,-6.8779,-4.1285,-2.249,-2.4072,,,1.2088,45.0,46.0,0.4513,20.3286,cnn,3,7,2,12,0.8,1,1,3,5,normal,Normal / Mild Pullback,False,11.9593,2.1578,10.3471,0.4547,13.5048,1.4747,15.8037,11.7942,11.996,-3.2556,-3.2556
2023-10-06,17.45,126.64,414.2493,358.5866,61.1526,73.3915,37.8881,106.04,133.3636,4.33,1.29,4.78,2.47,-0.302,41.5816,,-0.07,-5.84,-5.3176,-4.1292,-2.0751,-2.146,,,0.904,52.0,54.0,-1.2077,27.7143,cnn,3,7,2,12,0.8,1,1,2,4,normal,Normal / Mild Pullback,False,12.9066,0.4563,9.4774,-1.9439,13.2651,1.199,15.5788,9.5802,11.9882,-4.3908,-4.3908
2023-10-09,17.7,126.64,416.9014,360.4153,61.6069,73.9355,37.8697,106.08,134.3162,4.34,1.29,4.78,2.47,-0.302,41.5816,,0.09,-5.2371,-4.8347,-3.5508,-1.5192,-1.5391,,,1.444,49.0,53.0,-1.0561,29.2571,cnn,3,7,2,12,0.8,1,1,2,4,normal,Normal / Mild Pullback,False,12.892,0.8675,11.2423,-2.7366,12.4352,0.7865,15.4445,8.5323,11.9836,-4.999,-4.999
2023-10-10,17.03,136.17,419.0713,362.4113,61.5901,73.952,38.4598,105.83,135.345,4.26,1.29,4.66,2.34,-0.302,41.5816,,-2.75,-4.7439,-4.3077,-3.1643,-1.3877,-1.4095,,,1.0696,39.0,41.0,-1.403,32.3143,cnn,3,7,2,12,0.8,1,1,2,4,normal,Normal / Mild Pullback,False,13.0253,0.3406,10.8331,-2.5107,12.8973,0.55,15.37,8.1183,11.9571,-5.4909,-5.4909
2023-10-11,16.09,127.18,420.7879,364.9972,61.5817,73.985,38.4875,105.82,135.6308,4.25,1.27,4.58,2.26,-0.302,41.5816,,-2.49,-4.3537,-3.6249,-3.2346,-1.6648,-1.6128,,,1.0022,33.0,36.0,-0.4105,34.3429,cnn,3,7,2,12,0.8,1,1,2,4,normal,Normal / Mild Pullback,False,13.1338,-1.4004,14.0211,-4.3019,13.5698,0.2131,15.3056,9.2144,12.233,-5.8764,-5.8764
2023-10-12,16.69,126.37,418.2226,363.7289,61.2536,73.5646,38.0172,106.57,133.9352,4.25,1.26,4.7,2.36,-0.302,36.4865,,-1.8,-4.9368,-3.9598,-4.1198,-2.3061,-2.3102,,,1.1005,41.0,41.0,-2.1009,35.6857,cnn,3,7,2,12,0.8,1,1,1,3,normal,Normal / Mild Pullback,False,12.7451,-1.6672,14.5446,-4.8679,14.0966,0.0415,15.4097,9.7176,12.1472,-5.2991,-5.2991
2023-10-13,19.32,128.33,416.1395,359.1568,61.2031,73.4986,37.2703,106.65,133.6398,4.3,1.27,4.63,2.29,-0.292,36.4865,,1.87,-5.4103,-5.167,-4.3909,-2.0205,-2.0781,,,1.2628,30.0,31.0,-4.1608,26.2714,cnn,3,7,2,12,0.8,1,1,1,3,normal,Normal / Mild Pullback,False,12.2187,-2.3893,15.9396,-4.825,14.0984,2.1112,16.2191,10.8904,12.0981,-4.825,-4.825
2023-10-16,17.21,130.16,420.5179,363.2176,61.1863,73.4739,38.2201,106.24,135.3069,4.27,1.27,4.71,2.33,-0.292,36.4865,,-0.49,-4.4151,-4.0948,-4.3429,-2.113,-2.1324,,,0.9886,39.0,37.0,-0.7962,35.7429,cnn,3,7,2,12,0.8,1,1,1,3,normal,Normal / Mild Pullback,False,12.9142,-3.5731,9.687,-4.6899,14.5435,0.9517,15.8414,9.6875,11.9672,-5.816,-5.816
2023-10-17,17.88,130.17,420.4985,362.0279,60.9003,73.1278,39.0315,106.25,135.9737,4.25,1.27,4.83,2.42,-0.292,36.4865,,0.85,-4.4195,-4.4089,-3.7063,-2.2696,-2.3483,,,0.9981,46.0,42.0,1.3428,39.1429,cnn,3,7,2,12,0.8,1,1,1,3,normal,Normal / Mild Pullback,False,12.9084,-2.8416,13.8375,-4.087,15.4382,2.915,17.1767,9.7685,11.964,-5.8117,-5.8117
2023-10-18,19.22,129.17,414.8954,357.2789,60.6058,72.7486,37.9711,106.57,133.8208,4.32,1.29,4.91,2.47,-0.292,36.4865,,3.13,-5.6931,-5.6629,-3.7574,-2.6637,-2.7376,,,1.3408,56.0,47.0,-0.1262,30.5714,cnn,3,7,2,12,0.8,1,1,1,3,normal,Normal / Mild Pullback,False,13.3437,-2.9427,14.2148,-1.755,16.1071,4.5257,16.2557,10.8425,11.6047,-4.5397,-4.5397
2023-10-19,21.4,134.62,411.25,353.9358,60.3871,72.5013,37.5562,106.25,132.1633,4.37,1.31,4.98,2.49,-0.292,34.6154,,4.71,-6.5217,-6.5456,-4.3087,-2.3191,-2.3835,,,0.8447,49.0,38.0,-0.5461,29.5429,cnn,3,7,2,12,0.8,2,1,1,4,normal,Normal / Mild Pullback,False,12.3929,-3.2549,14.7942,1.0154,18.5594,5.5812,15.7337,11.2035,11.4972,-3.6935,-3.6935
2023-10-20,21.71,135.45,406.1965,348.6558,60.5133,72.6167,36.0532,106.16,130.5153,4.52,1.33,4.93,2.46,-0.287,34.6154,,2.39,-7.6704,-7.9397,-4.1193,-2.287,-2.379,,,0.5493,49.0,39.0,-2.9232,22.8571,cnn,3,7,2,12,0.8,2,2,2,6,normal,Normal / Mild Pullback,False,13.0694,-2.4953,13.8951,3.2052,17.3127,7.0277,14.7122,13.5881,11.2016,-2.4953,-2.4953
2023-10-23,20.37,131.83,405.4925,349.7079,60.7573,72.9135,35.9149,105.54,129.6866,4.51,1.33,4.86,2.45,-0.287,34.6154,,3.16,-7.8304,-7.6619,-4.1027,-1.7603,-1.8394,,,-0.434,31.0,27.0,-4.095,25.8429,cnn,3,7,2,12,0.8,2,2,1,5,normal,Normal / Mild Pullback,False,12.9218,-1.1583,18.5343,3.6222,17.111,8.0388,14.6558,15.2038,11.3666,-2.326,-2.326
2023-10-24,18.97,128.13,408.5497,353.1099,61.0685,73.2844,35.6936,106.27,130.5153,4.41,1.31,4.83,2.43,-0.287,34.6154,,1.09,-7.1355,-6.7637,-4.3271,-0.8276,-0.8698,37.0,11.0,0.0376,27.0,20.0,-5.3149,33.4857,cnn,3,9,2,14,0.9333,1,1,1,3,normal,Normal / Mild Pullback,False,12.2702,-1.2818,18.1329,3.1395,16.9689,6.9967,14.7397,14.5835,11.3158,-3.0569,-3.0569
2023-10-25,20.19,131.21,402.6861,344.4673,60.7404,72.9299,35.5645,106.53,129.0769,4.37,1.3,4.95,2.52,-0.287,34.6154,,0.97,-8.4683,-9.0457,-3.8875,-1.2261,-1.2068,34.0,9.0,-0.1312,34.0,25.0,-3.73,25.2143,cnn,3,9,2,14,0.9333,2,1,1,4,normal,Normal / Mild Pullback,False,13.2472,1.2238,16.443,4.718,14.0296,8.9738,13.1478,16.591,10.7658,-1.6453,-1.6453
2023-10-26,20.68,130.94,397.864,337.8992,60.9507,73.1607,36.6249,106.6,128.8102,4.5,1.3,4.86,2.44,-0.287,43.1762,,-0.72,-9.5644,-10.78,-3.353,-1.354,-1.3215,41.0,7.0,0.3577,27.0,24.0,-0.0785,22.7143,cnn,3,9,2,14,0.9333,2,1,3,6,normal,Normal / Mild Pullback,False,13.5412,4.414,13.7669,5.1606,12.7267,10.3624,11.7546,18.1331,10.3325,-0.4533,-0.4533
2023-10-27,21.27,129.16,396.0606,339.5215,60.875,73.0371,35.8411,106.56,127.3241,4.53,1.31,4.84,2.42,-0.286,43.1762,,-0.44,-9.9743,-10.3516,-3.8297,-1.3295,-1.4229,50.0,7.0,0.3673,25.0,18.0,-3.136,21.6143,cnn,3,9,2,14,0.9333,2,2,3,7,normal,Normal / Mild Pullback,False,13.5734,5.8464,7.536,7.2879,12.4763,10.6653,11.4991,19.3164,10.2323,1.1956,1.1956
2023-10-30,19.75,131.9,400.7958,343.3463,60.8918,73.0536,36.3759,106.12,128.3244,4.5,1.32,4.88,2.44,-0.286,43.1762,,-0.62,-8.898,-9.3417,-4.2241,-0.6997,-0.7947,39.0,6.0,-0.7297,19.0,10.0,-0.4112,29.2,cnn,3,9,2,14,0.9333,1,1,2,4,normal,Normal / Mild Pullback,False,14.4434,4.8365,9.8397,5.9193,12.7406,9.4661,11.2908,17.757,10.0956,0.628,0.628
2023-10-31,18.14,126.86,403.3129,344.9884,61.0517,73.2926,36.5788,106.66,129.3913,4.42,1.32,4.88,2.46,-0.286,43.1762,,-0.83,-8.3259,-8.9081,-4.0047,0.5821,0.5541,16.0,4.0,-0.3178,7.0,1.0,0.1542,30.1429,cnn,3,9,2,14,0.9333,1,1,2,4,normal,Normal / Mild Pullback,False,13.9483,4.4787,10.7904,7.3004,14.433,8.7064,11.4185,17.9488,10.1254,1.0665,1.0665
2023-11-01,16.87,120.55,407.6142,350.9763,61.6336,73.9732,36.7263,106.88,129.8295,4.47,1.33,4.77,2.36,-0.286,43.1762,,-3.32,-7.3482,-7.327,-4.6356,1.0227,1.1104,10.0,4.0,0.0749,4.0,-4.0,-0.7232,32.1714,cnn,3,9,2,14,0.9333,1,1,2,4,normal,Normal / Mild Pullback,False,14.2429,3.4519,11.9426,6.3929,14.4758,7.9828,11.1626,16.6139,10.0163,1.9164,1.9164
2023-11-02,15.66,118.64,415.4258,357.3477,62.3272,74.7855,38.8102,106.12,132.7063,4.15,1.29,4.67,2.27,-0.286,50.2762,,-5.02,-5.5725,-5.6447,-4.7187,2.0611,2.0828,-23.0,0.0,-0.1975,-5.0,-14.0,1.216,37.6857,cnn,3,9,2,14,0.9333,0,1,3,4,normal,Normal / Mild Pullback,False,15.8129,0.715,9.6404,4.5199,12.7227,6.5791,9.6755,12.554,10.1664,0.715,0.715
2023-11-03,14.91,118.74,419.2159,361.5461,62.9362,75.631,40.221,105.02,134.8782,4.04,1.29,4.57,2.18,-0.29,50.2762,,-6.36,-4.711,-4.5362,-3.8862,2.9165,3.0514,-29.0,0.0,-0.9619,-21.0,-29.0,4.8995,36.1143,cnn,3,9,2,14,0.9333,0,1,3,4,normal,Normal / Mild Pullback,False,15.5855,1.3619,13.2426,3.7038,12.5256,5.0611,9.8543,12.9963,10.3142,-0.1955,-0.1955
2023-11-06,14.89,121.74,420.1804,363.0209,62.6824,75.3657,39.6493,105.22,134.1733,4.0,1.28,4.67,2.25,-0.29,50.2762,,-4.86,-4.4918,-4.1467,-4.6825,1.7457,1.9344,-34.0,-1.0,-0.8107,-11.0,-22.0,3.8823,38.9143,cnn,3,9,2,14,0.9333,1,1,3,5,normal,Normal / Mild Pullback,False,15.4519,1.0328,13.5042,4.2622,12.6543,4.7993,9.8998,13.9237,10.4581,-0.4246,-0.4246
2023-11-07,14.81,120.09,421.3762,366.4524,62.6909,75.2663,39.262,105.54,133.8875,4.08,1.29,4.58,2.19,-0.29,50.2762,,-3.33,-4.22,-3.2407,-4.613,1.7872,1.7772,-18.0,0.0,-0.274,-8.0,-15.0,1.5275,39.6286,cnn,3,9,2,14,0.9333,1,1,3,5,normal,Normal / Mild Pullback,False,15.3779,2.7007,18.2677,3.7397,13.0476,4.0807,10.1519,13.1868,10.5247,-0.7072,-0.7072
2023-11-08,14.45,117.1,421.6848,366.6884,62.7247,75.3077,38.7457,105.59,133.6684,4.08,1.28,4.49,2.15,-0.29,50.2762,,-2.42,-4.1499,-3.1784,-4.6932,1.8561,1.7878,-17.0,1.0,-0.2174,-9.0,-11.0,0.4567,39.7714,cnn,3,9,2,14,0.9333,0,1,3,4,normal,Normal / Mild Pullback,False,15.3145,2.8428,18.0738,4.0641,12.9444,4.7982,10.3294,13.4323,10.5224,-0.7799,-0.7799
2023-11-09,15.29,117.05,418.3962,363.8665,62.3357,74.8104,37.9342,105.91,132.5349,4.04,1.27,4.62,2.29,-0.29,27.2189,,-0.37,-4.8974,-3.9235,-4.7621,1.7665,1.6934,-21.0,1.0,-0.6193,-8.0,-7.0,-0.2597,41.0,cnn,3,9,2,14,0.9333,0,1,0,1,normal,Normal / Mild Pullback,False,15.4182,3.7779,14.6534,4.9465,11.3871,6.076,9.6177,15.2774,10.3908,1.4637,1.4637
2023-11-10,14.17,116.79,424.9252,372.0471,62.6401,75.1917,38.1463,105.86,134.0876,4.03,1.26,4.61,2.29,-0.299,27.2189,,-0.74,-3.4133,-1.7634,-5.1197,2.3479,2.3035,-27.0,-1.0,-0.7407,-2.0,0.0,0.2341,41.4571,cnn,3,9,2,14,0.9333,0,1,0,1,normal,Normal / Mild Pullback,False,16.2345,2.3104,13.1215,3.1479,10.0902,4.8524,8.4192,13.5563,10.0309,-0.0953,-0.0953
2023-11-13,14.76,124.47,424.5201,370.8868,62.5809,75.0591,38.2109,105.66,133.9161,4.03,1.25,4.63,2.32,-0.299,27.2189,,-0.13,-3.5054,-2.0698,-5.2725,2.2793,2.1574,-24.0,-2.0,-0.5459,-8.0,-1.0,-0.9667,39.8857,cnn,3,9,2,14,0.9333,1,0,1,2,normal,Normal / Mild Pullback,False,15.8573,3.1964,12.2332,3.3486,9.9174,5.4317,8.3577,14.3216,10.0375,1.9401,1.9401
2023-11-14,14.16,124.11,432.7562,378.8707,63.2153,75.83,41.0232,104.11,137.736,3.92,1.23,4.44,2.16,-0.299,27.2189,,-0.65,-1.6333,0.0,-3.7832,3.8013,3.6952,-33.0,-4.0,-2.0141,-39.0,-26.0,2.1258,46.6,cnn,3,9,2,14,0.9333,1,0,0,1,normal,Normal / Mild Pullback,False,17.2099,1.0117,5.6577,1.3104,4.5543,4.8515,7.0307,12.0966,9.4053,0.2117,0.2117
2023-11-15,14.18,122.19,433.6723,379.1559,63.0123,75.5978,41.5857,104.39,138.3838,3.89,1.22,4.53,2.22,-0.299,27.2189,,-0.27,-1.4251,0.0,-3.4158,3.9707,3.9166,-43.0,-7.0,-2.0456,-38.0,-25.0,4.7773,52.5429,cnn,3,9,2,14,0.9333,1,0,0,1,normal,Normal / Mild Pullback,False,16.295,1.1875,5.8099,1.4944,4.7327,4.9657,7.0361,10.3191,9.9449,0.1223,0.1223
2023-11-16,14.32,116.08,434.2028,379.4803,63.0968,75.7056,41.0601,104.37,137.9265,4.02,1.21,4.45,2.18,-0.299,28.1081,,-0.97,-1.3045,0.0,-3.5836,4.4873,4.4196,-35.0,-10.0,-1.7694,-53.0,-31.0,3.5503,55.0571,cnn,3,9,2,14,0.9333,0,0,0,0,normal,Normal / Mild Pullback,False,15.7736,1.1261,5.9002,1.9701,5.2178,4.6649,7.1735,11.1857,10.0596,0.1244,0.1244
2023-11-17,13.8,113.11,434.7428,379.5688,63.2406,75.8714,41.6871,103.82,138.5934,3.99,1.2,4.44,2.16,-0.309,28.1081,,-0.37,-1.1817,0.0,-3.6538,4.5071,4.482,-53.0,-13.0,-2.2042,-49.0,-30.0,8.0343,58.8571,cnn,3,9,2,14,0.9333,0,0,0,0,normal,Normal / Mild Pullback,False,14.7595,0.8186,6.5811,1.3088,6.3617,5.1229,7.2568,11.8138,10.1131,0.5501,0.5501
2023-11-20,13.41,115.09,438.0894,384.19,63.3083,75.9294,41.641,103.47,139.1459,3.92,1.18,4.42,2.12,-0.309,28.1081,,-1.35,-0.4211,0.0,-3.8178,4.1987,4.1363,-59.0,-15.0,-1.9613,-44.0,-33.0,7.3165,61.2857,cnn,3,9,2,14,0.9333,0,0,0,0,normal,Normal / Mild Pullback,False,14.7004,0.1475,3.8708,0.5151,5.2928,4.9542,7.1263,10.4071,10.1355,-0.218,-0.218
2023-11-21,13.35,112.79,437.1345,381.9581,63.3929,76.0289,40.7097,103.59,138.8887,3.95,1.17,4.41,2.16,-0.309,28.1081,,-0.81,-0.6381,-0.5809,-3.8939,3.8061,3.7451,-46.0,-14.0,-2.5219,-42.0,-27.0,6.5951,61.1714,cnn,3,9,2,14,0.9333,0,0,0,0,normal,Normal / Mild Pullback,False,14.787,0.2956,3.3869,0.3287,5.6288,3.7259,9.0889,10.0391,10.2122,0.267,0.267
2023-11-22,12.85,111.57,438.8222,383.5214,63.5028,76.2196,40.8849,103.92,139.5364,3.9,1.15,4.42,2.16,-0.309,28.1081,,-1.33,-0.2545,-0.174,-3.5132,4.5479,4.5107,-47.0,-15.0,-2.45,-53.0,-36.0,5.4931,65.0571,cnn,3,9,2,14,0.9333,0,0,0,0,normal,Normal / Mild Pullback,False,13.2118,0.3033,3.4333,0.7055,6.5286,4.3067,9.4623,9.7152,10.2022,-0.1187,-0.1187
2023-11-24,12.46,107.43,439.0922,382.9807,63.4352,76.1532,40.9402,103.4,139.9461,3.85,1.14,4.47,2.21,-0.32,23.6467,,-1.86,-0.1931,-0.3148,-3.1945,4.0761,4.0903,-65.0,-16.0,-3.0019,-39.0,-23.0,1.2868,66.8571,cnn,3,9,2,14,0.9333,0,0,0,0,normal,Normal / Mild Pullback,False,11.8339,0.8346,5.0911,1.0762,6.7709,4.4521,9.4461,11.9169,10.9127,-0.1801,-0.1801
2023-11-27,12.69,109.31,438.3015,382.6464,63.5282,76.2693,40.682,103.2,139.6603,3.89,1.14,4.39,2.18,-0.32,23.6467,,-1.11,-0.3728,-0.4018,-3.0178,4.3584,4.4254,-64.0,-17.0,-3.1532,-45.0,-24.0,2.5675,65.3143,cnn,3,9,2,14,0.9333,0,0,0,0,normal,Normal / Mild Pullback,False,11.58,0.4863,6.8603,1.6524,6.6964,5.0824,9.3508,12.1961,10.8887,0.0286,0.0286
2023-11-28,12.69,110.06,438.7354,383.6493,63.8073,76.5511,40.6728,102.75,139.5269,3.9,1.14,4.34,2.12,-0.32,23.6467,,-0.72,-0.2742,-0.1408,-3.4251,4.788,4.7877,-60.0,-18.0,-3.1757,-54.0,-32.0,2.1434,65.0857,cnn,3,9,2,14,0.9333,0,0,0,0,normal,Normal / Mild Pullback,False,11.3719,0.3671,6.9097,2.0157,6.8375,5.1683,9.338,11.6747,10.9474,-0.0703,-0.0703
2023-11-29,12.98,114.59,438.4268,383.2756,64.1541,76.949,41.5211,102.77,140.0794,3.8,1.11,4.27,2.06,-0.32,23.6467,,-0.37,-0.3444,-0.238,-2.1852,5.0816,4.9887,-62.0,-21.0,-3.6471,-61.0,-40.0,4.4203,63.2857,cnn,3,9,2,14,0.9333,0,0,0,0,normal,Normal / Mild Pullback,False,11.501,0.033,7.7061,3.4953,8.7885,5.2821,9.2963,11.9609,10.9345,0.033,0.033
2023-11-30,12.92,115.32,440.1531,382.312,64.0357,76.8247,41.6041,103.5,141.2702,3.84,1.11,4.37,2.14,-0.32,19.5652,,0.07,0.0,-0.4888,-2.0653,3.8973,3.8548,-63.0,-22.0,-3.1624,-40.0,-22.0,4.907,64.3714,cnn,3,9,2,14,0.9333,0,0,0,0,normal,Normal / Mild Pullback,False,11.245,0.401,9.1681,3.4202,8.7846,4.5655,9.4784,11.3744,10.9455,-0.3593,-0.3593
2023-12-01,12.63,111.51,442.757,383.4034,64.5659,77.4707,43.7618,103.27,143.3944,3.87,1.11,4.22,2.0,-0.331,19.5652,,0.17,0.0,-0.2047,-1.0868,3.5918,3.5904,-28.0,-18.0,-2.6856,-45.0,-27.0,5.7979,64.5143,cnn,3,9,2,14,0.9333,0,0,0,0,normal,Normal / Mild Pullback,False,9.7376,0.2396,8.6617,2.6427,8.9892,3.3688,9.7642,11.1174,10.9187,-0.9453,-0.9453
2023-12-04,13.08,118.25,440.4328,379.8441,64.4044,77.279,44.3703,103.64,143.4612,3.8,1.1,4.28,2.07,-0.331,19.5652,,0.39,-0.5249,-1.1312,-0.416,2.333,2.1789,-24.0,-19.0,-1.314,-29.0,-11.0,5.0021,63.7143,cnn,3,9,2,14,0.9333,0,0,0,0,normal,Normal / Mild Pullback,False,9.9146,1.1605,7.1424,3.7648,7.9163,3.0657,10.0905,12.7525,10.928,-0.4226,-0.4226
2023-12-05,12.85,127.2,440.346,380.7979,64.4639,77.3873,43.8171,104.05,142.1847,3.8,1.11,4.18,2.01,-0.331,19.5652,,0.16,-0.5445,-0.8829,-0.7946,2.8421,2.6823,-20.0,-17.0,-1.112,-49.0,-24.0,5.4507,65.1429,cnn,3,9,2,14,0.9333,1,0,0,1,normal,Normal / Mild Pullback,False,9.9605,1.6426,6.8848,4.4164,7.6744,2.7539,10.215,12.6537,10.937,-0.403,-0.403
2023-12-06,12.97,124.98,438.5714,378.5954,64.4724,77.354,43.8355,104.15,142.2323,3.79,1.12,4.12,1.98,-0.331,19.5652,,-0.01,-0.9453,-1.4562,-0.779,2.8418,2.7737,-29.0,-17.0,-1.317,-46.0,-21.0,7.2712,63.9714,cnn,3,9,2,14,0.9333,1,0,0,1,normal,Normal / Mild Pullback,False,10.2123,3.4612,6.5475,3.3861,11.406,3.311,10.0145,11.9791,11.1456,0.763,0.763
2023-12-07,13.06,129.74,441.9179,383.8852,64.5829,77.4874,44.6838,103.54,142.9849,3.77,1.11,4.14,1.97,-0.331,27.4194,,0.14,-0.1895,-0.0793,-0.4964,2.9624,2.8943,-31.0,-17.0,-1.9415,-35.0,-18.0,10.0458,66.1429,cnn,3,9,2,14,0.9333,1,0,0,1,normal,Normal / Mild Pullback,False,10.3888,3.0072,6.9429,3.5761,11.6335,3.9924,10.7772,11.6943,11.1019,0.4299,0.4299
2023-12-08,12.35,121.65,443.8178,385.5961,64.4554,77.3623,45.1725,104.01,143.4326,3.75,1.1,4.23,2.02,-0.34,27.4194,,-0.28,0.0,0.0,-0.9137,3.4005,3.4112,-29.0,-17.0,-1.794,-39.0,-27.0,12.2603,65.9429,cnn,3,9,2,14,0.9333,1,0,0,1,normal,Normal / Mild Pullback,False,9.6824,2.3974,8.8438,3.3399,11.6473,3.3901,10.8077,12.3201,11.213,0.389,0.389
2023-12-11,12.63,126.66,445.544,388.8899,64.4129,77.304,45.0711,104.1,144.7091,3.79,1.1,4.23,2.04,-0.34,27.4194,,-0.45,0.0,0.0,-0.7857,2.8302,2.8092,-24.0,-16.0,-1.6626,-38.0,-25.0,12.6854,67.2857,cnn,3,9,2,14,0.9333,1,0,0,1,normal,Normal / Mild Pullback,False,8.4724,2.5744,8.8234,3.3742,11.6532,3.572,10.8733,11.2134,11.3227,0.4567,0.4567
2023-12-12,12.07,118.62,447.5789,391.9872,64.5574,77.5123,44.7207,103.87,144.9662,3.76,1.09,4.2,2.04,-0.34,27.4194,,-0.78,0.0,0.0,-0.7655,3.1583,3.2685,-27.0,-16.0,-1.6941,-43.0,-28.0,11.0071,67.8857,cnn,3,9,2,14,0.9333,0,0,0,0,normal,Normal / Mild Pullback,False,8.4102,2.729,8.8315,3.0903,11.6532,3.0557,10.8471,10.6126,11.3202,1.0934,1.0934
2023-12-13,12.19,113.77,453.7512,396.9721,65.543,78.6627,47.3394,102.87,148.0431,3.79,1.08,4.04,1.88,-0.34,27.4194,,-0.78,0.0,0.0,-0.0815,3.6822,3.7356,-13.0,-15.0,-1.191,-40.0,-28.0,10.0573,67.5429,cnn,3,9,2,14,0.9333,0,0,0,0,normal,Normal / Mild Pullback,False,7.0559,-0.0726,13.1819,1.7264,10.0521,1.7243,9.8445,10.2817,11.2004,-0.2817,-0.2817
2023-12-14,12.48,118.04,455.2074,396.628,65.8325,79.0461,49.6262,101.96,150.0626,3.47,1.04,3.92,1.7,-0.34,19.3084,,-0.58,0.0,-0.0867,0.4894,4.4756,4.5613,-42.0,-18.0,-2.3278,-61.0,-52.0,13.6893,70.5429,cnn,3,9,2,14,0.9333,0,0,0,0,normal,Normal / Mild Pullback,False,7.0611,0.5522,14.8206,1.1074,10.2631,1.0266,9.9294,9.7565,11.2145,-0.6007,-0.6007
2023-12-15,12.28,115.75,454.4579,398.5453,65.6873,78.8877,48.8332,102.55,148.9957,3.51,1.04,3.91,1.69,-0.349,19.3084,,-0.07,-0.1647,0.0,-0.052,4.1055,4.2032,-51.0,-17.0,-1.7438,-54.0,-49.0,13.6303,69.4571,cnn,3,9,2,14,0.9333,0,0,0,0,normal,Normal / Mild Pullback,False,7.1986,0.9205,14.6192,0.7074,10.7422,0.6307,10.1382,9.7202,11.2187,-0.4368,-0.4368
2023-12-18,12.56,118.46,457.0143,401.0556,65.73,78.9522,48.3228,102.51,149.0617,3.51,1.05,3.95,1.74,-0.349,19.3084,,-0.07,0.0,0.0,-0.3943,3.9363,4.0606,-48.0,-15.0,-1.2618,-49.0,-42.0,10.269,70.4857,cnn,3,9,2,14,0.9333,0,0,0,0,normal,Normal / Mild Pullback,False,7.2815,0.7797,14.4243,-0.6738,11.2037,0.9577,10.4243,8.3573,11.3174,-0.9937,-0.9937
2023-12-19,12.53,115.03,459.7933,403.1049,65.9178,79.2121,49.0386,102.17,150.3145,3.46,1.05,3.93,1.74,-0.349,19.3084,,0.46,0.0,0.0,0.0033,4.122,4.3233,-46.0,-13.0,-1.2564,-49.0,-38.0,12.2063,82.9714,cnn,3,9,2,14,0.9333,0,0,0,0,normal,Normal / Mild Pullback,False,7.1502,0.3517,13.8928,-1.5921,10.5931,1.5984,11.0943,8.3425,11.315,-1.5921,-1.5921
2023-12-20,13.67,111.87,453.4218,397.1148,65.9264,79.187,47.8952,102.41,147.828,3.43,1.06,3.86,1.67,-0.349,19.3084,,1.48,-1.3857,-1.486,-0.3337,3.9965,4.1538,-52.0,-11.0,-1.1391,-55.0,-49.0,13.4244,75.5714,cnn,3,9,2,14,0.9333,0,0,0,0,normal,Normal / Mild Pullback,False,9.0878,1.8003,5.645,-0.0726,8.088,3.2439,9.6311,10.4754,10.8871,-0.2093,-0.2093
2023-12-21,13.65,111.93,457.7212,401.7354,66.2252,79.5474,48.4158,101.84,149.6451,3.41,1.07,3.89,1.7,-0.349,20.8914,,1.17,-0.4507,-0.3397,-0.0519,4.287,4.3661,-49.0,-8.0,-2.0015,-53.0,-46.0,13.5303,77.0,cnn,3,9,2,14,0.9333,0,0,0,0,normal,Normal / Mild Pullback,False,9.4643,0.5521,4.1649,0.402,9.8134,2.5724,9.1952,10.45,10.8802,-1.1466,-1.1466
2023-12-22,13.03,111.38,458.641,402.3364,66.1484,79.4719,48.7226,101.7,150.1519,3.39,1.07,3.9,1.71,-0.358,20.8914,,0.75,-0.2506,-0.1906,-0.0287,4.2771,4.3579,-46.0,-7.0,-1.6441,-57.0,-50.0,13.9365,79.7429,cnn,3,9,2,14,0.9333,0,0,0,0,normal,Normal / Mild Pullback,False,9.4476,-0.2111,6.1568,0.0486,9.8114,2.4786,9.1912,10.5927,10.8852,-1.3449,-1.3449
2023-12-26,12.99,116.0,460.5776,404.7994,66.2764,79.6312,49.4756,101.47,151.0126,3.37,1.06,3.89,1.71,-0.358,20.8914,,0.43,0.0,0.0,0.1465,4.326,4.408,-52.0,-8.0,-1.6764,-50.0,-47.0,15.7333,81.9429,cnn,3,9,2,14,0.9333,0,0,0,0,normal,Normal / Mild Pullback,False,9.351,-1.4422,6.5616,0.1913,10.0051,2.6028,9.2532,9.9189,10.8964,-1.7597,-1.7597
2023-12-27,12.43,114.53,461.4104,405.6234,66.5497,79.9665,49.3919,100.99,151.1561,3.34,1.05,3.79,1.64,-0.358,20.8914,,-0.1,0.0,0.0,1.1633,4.2979,4.4616,-56.0,-9.0,-1.7129,-55.0,-48.0,15.4694,81.1714,cnn,3,9,2,14,0.9333,0,0,0,0,normal,Normal / Mild Pullback,False,9.338,-1.937,5.0932,-0.0336,9.967,2.2875,9.2946,9.4174,10.9325,-1.937,-1.937
2023-12-28,12.47,113.78,461.5847,405.4263,66.3362,79.6815,49.5127,101.23,151.4908,3.32,1.04,3.84,1.68,-0.358,25.0633,,-1.2,0.0,-0.0486,1.206,3.4014,3.5511,-48.0,-7.0,-1.4985,-43.0,-38.0,13.2645,81.2571,cnn,3,9,2,14,0.9333,0,0,0,0,normal,Normal / Mild Pullback,False,9.296,-1.8398,5.6385,-0.0021,9.9719,3.0586,9.5915,9.1741,10.9518,-1.974,-1.974
2023-12-29,12.45,114.62,460.2484,403.6717,66.0801,79.4049,48.7411,101.33,150.9074,3.34,1.04,3.88,1.72,-0.366,25.0633,,-1.2,-0.2895,-0.4812,1.2673,3.1926,3.3586,-50.0,-7.0,-2.0966,-49.0,-42.0,12.0395,80.7143,cnn,3,9,2,14,0.9333,0,0,0,0,normal,Normal / Mild Pullback,False,9.4795,-0.1494,14.0088,-0.0799,10.0427,3.2779,9.4911,10.4112,11.0034,-1.6894,-1.6894
2024-01-02,13.2,127.02,457.6727,396.8407,65.8581,79.1618,48.8992,102.2,150.9552,3.54,1.06,3.95,1.74,-0.366,25.0633,,0.17,-0.8475,-2.1652,2.1246,2.0013,2.183,-33.0,-5.0,-1.0361,-27.0,-26.0,8.0979,79.7143,cnn,3,9,2,14,0.9333,1,0,0,1,normal,Normal / Mild Pullback,False,9.7658,0.2602,13.315,-0.0762,10.0369,2.1644,11.2099,11.0113,10.9063,-1.1362,-1.1362
2024-01-03,14.04,124.57,453.9351,392.6415,65.6787,78.902,47.2909,102.46,148.727,3.71,1.09,3.91,1.71,-0.366,25.0633,,1.05,-1.6573,-3.2005,1.7702,1.9786,2.1002,-9.0,-1.0,-1.1386,-37.0,-36.0,3.412,76.7143,cnn,3,9,2,14,0.9333,1,0,0,1,normal,Normal / Mild Pullback,False,10.0897,1.6574,11.0348,1.6425,9.8205,4.3538,11.409,11.7307,10.7338,-0.3221,-0.3221
2024-01-04,14.13,121.12,452.4729,390.6208,65.4226,78.5918,47.5233,102.42,148.4783,3.69,1.09,3.99,1.77,-0.366,23.4987,,1.7,-1.974,-3.6987,1.8534,1.4871,1.5565,-11.0,-2.0,-1.5666,-19.0,-24.0,5.5516,78.6857,cnn,3,9,2,14,0.9333,1,0,0,1,normal,Normal / Mild Pullback,False,10.2147,1.941,10.1397,3.2422,10.7439,5.7931,11.5907,11.3791,10.8165,0.137,0.137
2024-01-05,13.35,116.19,453.0927,391.0841,65.4738,78.6924,48.0904,102.41,148.9087,3.68,1.09,4.05,1.83,-0.374,23.4987,,0.88,-1.8398,-3.5844,1.7604,1.5532,1.7303,-11.0,-3.0,-1.6707,-7.0,-15.0,6.1904,75.7714,cnn,3,9,2,14,0.9333,0,0,0,0,normal,Normal / Mild Pullback,False,10.0133,1.8721,10.2544,3.3189,10.715,5.2637,11.8085,11.3489,10.8171,0.9339,0.9339
2024-01-08,13.08,117.72,459.561,399.167,65.841,79.1115,48.5366,102.21,150.5058,3.63,1.08,4.01,1.79,-0.374,23.4987,,0.63,-0.4384,-1.5917,1.605,1.948,2.096,-14.0,-3.0,-1.2845,-13.0,-18.0,4.4522,76.1714,cnn,3,9,2,14,0.9333,0,0,0,0,normal,Normal / Mild Pullback,False,10.7877,0.0695,5.5115,2.1618,8.8299,4.0834,10.9879,8.4416,10.8822,-0.4867,-0.4867
2024-01-09,12.76,114.92,458.8637,399.9556,65.9434,79.2456,47.9881,102.57,149.7407,3.59,1.06,4.02,1.8,-0.374,23.4987,,-0.44,-0.5895,-1.3973,1.8987,2.3086,2.4344,-16.0,-4.0,-1.3845,-21.0,-22.0,2.7497,75.6857,cnn,3,9,2,14,0.9333,0,0,0,0,normal,Normal / Mild Pullback,False,10.8195,-0.3355,6.8656,2.4289,8.622,5.111,11.1231,9.741,11.0209,-0.3355,-0.3355
2024-01-10,12.69,109.63,461.4588,402.6663,66.063,79.4133,48.0997,102.36,149.9989,3.5,1.04,4.04,1.82,-0.374,23.4987,,-1.35,-0.0273,-0.729,1.2181,2.5617,2.7286,-29.0,-6.0,-1.6715,-19.0,-22.0,3.039,76.3714,cnn,3,9,2,14,0.9333,0,0,0,0,normal,Normal / Mild Pullback,False,10.8851,-0.0147,8.8262,2.4068,8.5999,4.5661,11.0809,9.1849,10.9895,-0.896,-0.896
2024-01-11,12.44,103.45,461.2555,403.5042,66.2764,79.6145,47.4675,102.29,149.5686,3.55,1.03,3.98,1.76,-0.374,24.1645,,-1.69,-0.0713,-0.5225,0.7774,2.6628,2.712,-21.0,-6.0,-1.5211,-22.0,-28.0,2.995,74.6571,cnn,3,9,2,14,0.9333,0,0,0,0,normal,Normal / Mild Pullback,False,10.86,1.2764,12.4182,2.3218,8.6858,5.2168,11.1012,9.3594,10.9826,-0.8523,-0.8523
2024-01-12,12.7,106.51,461.575,403.7111,66.3448,79.7318,46.8447,102.4,149.2338,3.56,1.02,3.96,1.69,-0.382,24.1645,,-0.65,-0.0021,-0.4714,-0.0151,1.2233,1.3591,-23.0,-6.0,-0.4569,-8.0,-19.0,-2.7224,73.0857,cnn,3,9,2,14,0.9333,0,0,0,0,normal,Normal / Mild Pullback,False,9.8465,1.4202,12.326,3.0607,9.0572,5.0978,11.1335,8.1894,11.2343,-0.921,-0.921
2024-01-16,13.84,113.44,459.8805,403.6717,65.9264,79.1953,46.0545,103.36,148.2871,3.58,1.02,4.07,1.77,-0.382,24.1645,,0.76,-0.3692,-0.4812,-0.0292,0.1427,0.1888,11.0,-2.0,1.3731,15.0,7.0,-8.1402,72.2857,cnn,3,9,2,14,0.9333,0,1,0,1,normal,Normal / Mild Pullback,False,9.9325,2.0908,10.9479,3.3605,8.56,4.0322,12.3977,9.4076,11.2562,-0.5559,-0.5559
2024-01-17,14.79,105.86,457.3242,401.3947,65.6446,78.8936,45.8593,103.45,147.1204,3.62,1.02,4.1,1.8,-0.382,24.1645,,2.03,-0.923,-1.0425,0.1022,-0.065,0.0074,11.0,-2.0,0.8776,19.0,11.0,-6.6785,57.2143,cnn,3,9,2,14,0.9333,0,0,0,0,normal,Normal / Mild Pullback,False,10.1411,2.7737,7.789,2.2423,12.5372,5.5644,12.3026,8.5005,11.6036,0.8893,0.8893
2024-01-18,14.13,107.22,461.3911,407.0921,65.7812,79.0277,46.2683,103.54,147.8759,3.58,1.01,4.14,1.8,-0.382,26.7606,,1.44,-0.042,0.0,-0.2523,0.078,0.0956,7.0,-4.0,1.0048,19.0,6.0,-5.1599,66.4571,cnn,3,9,2,14,0.9333,0,0,0,0,normal,Normal / Mild Pullback,False,10.4294,2.4219,7.21,2.6674,13.302,5.3558,12.1911,6.1968,11.8427,1.2466,1.2466
2024-01-19,13.3,104.97,467.1428,415.1652,65.8922,79.1115,47.4396,103.29,149.0139,3.54,1.01,4.15,1.81,-0.389,26.7606,,0.86,0.0,0.0,-0.261,-0.0389,-0.127,8.0,-4.0,1.0962,22.0,7.0,-4.7826,72.8286,cnn,3,9,2,14,0.9333,0,0,0,0,normal,Normal / Mild Pullback,False,11.1071,1.0323,3.8947,2.4708,12.9381,3.5404,11.8994,4.698,11.615,0.0933,0.0933
2024-01-22,13.19,106.87,468.1305,415.7073,65.9434,79.2456,48.4901,103.33,149.7981,3.49,1.01,4.11,1.8,-0.389,26.7606,,0.49,0.0,0.0,0.1665,0.0259,0.0741,6.0,-5.0,0.8983,25.0,13.0,-1.9388,72.8571,cnn,3,9,2,14,0.9333,0,0,0,0,normal,Normal / Mild Pullback,False,9.6613,1.6175,5.6927,1.8823,13.2972,2.7531,12.173,3.8588,11.692,-0.1179,-0.1179
2024-01-23,12.55,107.7,469.4958,417.4323,65.8666,79.1953,48.0253,103.62,149.8746,3.51,1.01,4.14,1.85,-0.389,26.7606,,-1.29,0.0,0.0,-0.4103,-0.5415,-0.4426,10.0,-6.0,1.7478,25.0,15.0,-3.2941,70.2571,cnn,3,9,2,14,0.9333,0,0,0,0,normal,Normal / Mild Pullback,False,9.2234,1.2437,6.3744,1.881,13.2969,2.5471,12.1598,3.3437,11.695,-0.4084,-0.4084
2024-01-24,13.14,105.78,470.0091,419.7488,65.8325,79.1534,48.5831,103.24,149.0999,3.44,0.99,4.18,1.88,-0.389,26.7606,,-1.65,0.0,0.0,-2.0159,-0.4776,-0.4008,5.0,-8.0,1.5143,28.0,17.0,-2.698,72.4857,cnn,3,9,2,14,0.9333,0,0,0,0,normal,Normal / Mild Pullback,False,9.2197,-0.5171,15.0421,2.6185,13.6677,4.5551,13.9425,2.3298,11.8489,-0.5171,-0.5171
2024-01-25,13.45,105.89,472.5653,420.2613,66.3362,79.7402,48.2856,103.57,150.6014,3.45,0.98,4.14,1.85,-0.389,26.0976,,-0.68,0.0,0.0,-0.8671,0.0902,0.1368,8.0,-8.0,2.0696,25.0,14.0,-4.8808,73.2286,cnn,3,9,2,14,0.9333,0,0,0,0,normal,Normal / Mild Pullback,False,9.2817,0.2397,17.8022,2.1085,13.6066,4.0612,13.8997,2.7135,11.9414,-1.0553,-1.0553
2024-01-26,13.26,100.23,471.965,417.7576,66.285,79.6396,48.4622,103.47,150.6205,3.39,0.97,4.15,1.85,-0.395,26.0976,,-0.04,-0.127,-0.5957,-0.3246,-0.3978,-0.4088,5.0,-8.0,2.4557,36.0,21.0,-4.0764,73.8,cnn,3,9,2,14,0.9333,0,0,0,0,normal,Normal / Mild Pullback,False,9.3237,1.4238,18.9876,2.8292,13.5787,3.812,14.0001,4.0645,12.1594,-0.9294,-0.9294
2024-01-29,13.6,106.34,475.7027,422.0356,66.4302,79.8659,49.271,103.61,151.5386,3.41,0.98,4.08,1.78,-0.395,26.0976,,0.41,0.0,0.0,-0.7056,0.1416,0.2314,9.0,-6.0,2.3511,24.0,10.0,-3.4415,74.1143,cnn,3,9,2,14,0.9333,0,0,0,0,normal,Normal / Mild Pullback,False,9.6206,0.2605,18.816,1.9765,13.3448,3.1876,13.8187,3.1979,12.0677,-1.7078,-1.7078
2024-01-30,13.31,104.26,475.3348,419.2264,66.3448,79.7402,49.0758,103.4,151.5673,3.42,1.0,4.06,1.8,-0.395,26.0976,,0.76,-0.0773,-0.6656,0.111,0.4006,0.4222,8.0,-4.0,2.0428,18.0,8.0,-2.509,74.2286,cnn,3,9,2,14,0.9333,0,0,0,0,normal,Normal / Mild Pullback,False,9.5203,0.6295,18.8376,0.6498,15.5346,3.131,13.8324,2.8854,12.0976,-1.6317,-1.6317
2024-01-31,14.35,107.28,467.5786,411.0153,66.1569,79.5222,46.2032,103.27,149.626,3.59,1.02,3.99,1.73,-0.395,26.0976,,1.21,-1.7078,-2.6112,0.1738,0.4538,0.4553,5.0,-4.0,1.047,4.0,-1.0,-7.515,64.1143,cnn,3,9,2,14,0.9333,0,0,0,0,normal,Normal / Mild Pullback,False,11.2104,3.1519,10.5552,3.2493,12.6885,5.2187,12.0949,5.583,11.7074,1.3088,1.3088
2024-02-01,13.88,113.92,473.6983,415.8552,66.5379,79.9286,44.7623,103.05,151.3664,3.56,1.04,3.87,1.68,-0.395,24.5333,,0.43,-0.4214,-1.4644,-0.683,1.3081,1.3011,-15.0,-5.0,0.5758,-4.0,-3.0,-9.296,72.3429,cnn,3,9,2,14,0.9333,0,1,0,1,normal,Normal / Mild Pullback,False,11.4183,1.8643,9.1304,2.6186,11.6967,4.8344,11.7398,4.5881,11.4474,0.6848,0.6848
2024-02-02,13.85,106.72,478.6851,422.8834,66.2375,79.6167,44.9668,103.92,151.2326,3.47,1.02,4.03,1.82,-0.402,24.5333,,0.59,0.0,0.0,-1.0616,1.2457,1.304,-22.0,-7.0,1.4646,4.0,5.0,-10.5608,74.6,cnn,3,9,2,14,0.9333,0,1,0,1,normal,Normal / Mild Pullback,False,11.6008,1.3857,7.3704,1.0438,11.3478,3.631,11.3919,1.8589,11.7661,-0.3641,-0.3641
2024-02-05,13.67,108.68,476.9421,422.3313,65.9287,79.2373,44.2231,104.45,149.932,3.5,1.0,4.17,1.9,-0.402,24.5333,,0.07,-0.3641,-0.1305,-1.0631,0.6947,0.6925,-18.0,-9.0,1.992,12.0,7.0,-12.6401,73.3143,cnn,3,9,2,14,0.9333,0,1,0,1,normal,Normal / Mild Pullback,False,11.8196,1.7115,5.7996,0.8547,11.6005,2.9703,12.0061,1.8992,11.7607,0.2903,0.2903
2024-02-06,13.06,110.6,478.3268,421.4836,66.1689,79.5577,43.6653,104.18,150.8787,3.52,1.0,4.09,1.85,-0.402,24.5333,,-0.25,-0.0748,-0.331,-0.491,0.4981,0.564,-11.0,-8.0,1.9274,8.0,6.0,-13.5659,73.2,cnn,3,9,2,14,0.9333,0,1,0,1,normal,Normal / Mild Pullback,False,10.9891,0.0202,13.6309,0.6539,11.545,3.1924,12.0645,2.5546,11.8935,0.0202,0.0202
2024-02-07,12.83,107.86,482.3162,425.8208,66.2805,79.6757,43.5537,104.04,151.4716,3.43,1.0,4.09,1.86,-0.402,24.5333,,-1.52,0.0,0.0,-0.8581,0.5111,0.5426,-16.0,-6.0,1.4332,7.0,6.0,-13.6538,73.7714,cnn,3,9,2,14,0.9333,0,1,0,1,normal,Normal / Mild Pullback,False,11.1238,0.0944,13.921,1.8872,14.9286,3.3548,12.1931,2.967,12.0348,-0.8071,-0.8071
2024-02-08,12.79,108.6,482.5293,426.6094,66.2462,79.6925,43.7304,104.15,151.8064,3.38,0.99,4.15,1.91,-0.402,22.5627,,-1.09,0.0,0.0,-0.3012,0.2773,0.3516,-12.0,-5.0,1.7487,11.0,9.0,-13.0539,74.6,cnn,3,9,2,14,0.9333,0,1,0,1,normal,Normal / Mild Pullback,False,11.0827,0.7405,14.7211,1.9124,14.9225,2.689,12.4901,3.9844,12.2007,-0.8509,-0.8509
2024-02-09,12.93,106.21,485.3181,430.8086,66.3835,79.8695,44.502,104.08,151.988,3.33,1.0,4.17,1.92,-0.409,22.5627,,-0.92,0.0,0.0,-0.7231,0.1615,0.3204,-22.0,-3.0,1.7499,19.0,16.0,-10.8959,75.4286,cnn,3,9,2,14,0.9333,0,1,0,1,normal,Normal / Mild Pullback,False,11.1017,-0.3372,14.7279,0.9557,14.9888,2.0112,12.3991,3.501,12.1546,-1.4206,-1.4206
2024-02-12,13.93,109.78,485.105,429.123,66.2375,79.6841,45.4595,104.17,153.0209,3.35,1.0,4.17,1.93,-0.409,22.5627,,0.26,-0.0439,-0.3913,-0.8916,-0.1616,-0.0598,-21.0,-2.0,1.7285,21.0,24.0,-7.664,75.8286,cnn,3,9,2,14,0.9333,0,0,0,0,normal,Normal / Mild Pullback,False,11.1343,-0.8423,15.1133,1.1877,14.9735,3.1538,12.8503,3.5564,12.1532,-1.3773,-1.3773
2024-02-13,15.85,113.22,478.4236,422.43,65.7056,79.0434,43.5351,104.96,150.4771,3.36,0.99,4.31,2.02,-0.409,22.5627,,2.79,-1.4206,-1.9449,-1.4324,-0.3349,-0.1918,-22.0,-3.0,1.548,24.0,25.0,-9.1342,66.7429,cnn,3,9,2,14,0.9333,0,1,0,1,normal,Normal / Mild Pullback,False,12.3855,0.6335,10.5708,2.4652,12.5752,4.4305,11.5705,5.6076,11.8172,0.5424,0.53
2024-02-14,14.38,111.97,482.7714,427.0332,65.963,79.3722,44.3439,104.72,151.8542,3.38,0.98,4.27,1.97,-0.409,22.5627,,1.55,-0.5247,-0.8763,-0.9784,0.485,0.6066,-24.0,-4.0,1.2277,17.0,17.0,-8.4012,67.5143,cnn,3,9,2,14,0.9333,0,1,0,1,normal,Normal / Mild Pullback,False,12.2896,1.7911,17.0248,1.9074,12.0596,3.2854,11.3611,4.7913,11.6953,-0.363,-0.3754
2024-02-15,14.01,112.09,486.1024,428.3048,66.1947,79.5914,45.757,104.3,153.7381,3.35,0.97,4.24,1.94,-0.409,26.7677,,1.22,0.0,-0.5812,-0.7927,0.6285,0.7133,-23.0,-4.0,0.734,10.0,14.0,-6.1325,73.8571,cnn,3,9,2,14,0.9333,0,0,0,0,normal,Normal / Mild Pullback,False,12.1771,1.1633,16.8289,2.1593,12.4042,1.8733,11.5649,4.0872,11.6266,-1.0458,-1.0581
2024-02-16,14.24,109.2,483.6816,424.4211,65.9973,79.4059,45.2829,104.28,153.04,3.34,0.96,4.3,1.97,-0.417,26.7677,,1.31,-0.498,-1.4827,-0.382,0.1595,0.3722,-20.0,-5.0,0.9585,15.0,16.0,-7.8103,73.4857,cnn,3,9,2,14,0.9333,0,0,0,0,normal,Normal / Mild Pullback,False,11.881,1.2973,16.4898,2.5605,11.9201,2.9916,11.4726,5.0882,11.593,-0.5505,-0.5629
2024-02-20,15.42,111.02,481.0187,421.2175,66.1346,79.5408,44.9296,104.08,152.6862,3.37,0.96,4.27,1.95,-0.417,26.7677,,1.49,-1.0458,-2.2263,-0.0953,0.2899,0.3724,-12.0,-5.0,0.7258,16.0,15.0,-9.8254,63.7429,cnn,3,9,2,14,0.9333,0,1,0,1,normal,Normal / Mild Pullback,False,12.1562,2.0473,14.9689,2.0976,12.9474,4.1373,11.2479,6.9784,11.7507,0.0906,-0.0124
2024-02-21,15.34,114.27,481.4545,419.5319,66.0145,79.4143,44.6321,104.01,152.9922,3.34,0.94,4.32,1.98,-0.417,26.7677,,-0.51,-0.9562,-2.6176,-0.0656,0.2245,0.2766,-17.0,-7.0,0.3764,18.0,13.0,-9.3738,63.7,cnn,3,9,2,14,0.9333,0,1,0,1,normal,Normal / Mild Pullback,False,12.1436,1.8202,15.3429,2.5221,13.0098,5.0054,11.5208,6.6617,11.7688,1.7658,-0.1029
2024-02-22,14.54,115.59,491.4184,431.814,66.332,79.7852,44.5949,103.96,154.5128,3.22,0.93,4.33,2.02,-0.417,26.2048,,0.16,0.0,0.0,-1.3475,0.7587,0.7982,-22.0,-6.0,0.6974,15.0,14.0,-12.2079,73.9429,cnn,3,9,2,14,0.9333,0,1,0,1,normal,Normal / Mild Pullback,False,13.9599,0.1143,4.4723,1.4404,9.5251,3.2162,9.3644,4.6493,11.0526,-0.2975,-2.1284
2024-02-23,13.75,108.31,491.7573,430.5424,66.3749,79.8274,44.502,103.94,154.9239,3.23,0.95,4.26,1.96,-0.426,26.2048,,-0.26,0.0,-0.2945,-1.1293,0.0583,0.1094,-22.0,-3.0,0.3572,12.0,11.0,-11.4329,73.3429,cnn,3,9,2,14,0.9333,0,1,0,1,normal,Normal / Mild Pullback,False,13.9185,0.9845,7.9236,0.762,10.2399,2.9496,9.4419,4.6976,11.0529,-0.3662,-2.1958
2024-02-26,13.74,110.77,489.9562,430.3157,66.1603,79.583,44.0836,103.83,154.3024,3.23,0.96,4.28,1.97,-0.426,26.2048,,-0.5,-0.3662,-0.347,-0.9716,-0.1881,-0.0711,-16.0,-1.0,0.3479,13.0,12.0,-12.3753,71.9143,cnn,3,9,2,14,0.9333,0,1,0,1,normal,Normal / Mild Pullback,False,14.0192,1.2471,6.9115,1.0455,9.9939,3.0425,9.3822,5.3402,11.0192,0.0534,-1.8363
2024-02-27,13.43,110.8,490.8664,431.3507,66.2462,79.642,44.6321,103.83,154.9813,3.26,0.96,4.31,1.99,-0.426,26.2048,,-1.99,-0.1812,-0.1073,-1.1814,-0.277,-0.2804,-15.0,-2.0,0.2123,23.0,21.0,-12.2134,75.7714,cnn,3,9,2,14,0.9333,0,1,0,1,normal,Normal / Mild Pullback,False,13.8385,0.0493,11.335,1.9431,11.1189,2.6615,9.4553,4.8421,11.0438,-0.1322,-2.0183
2024-02-28,13.84,108.71,490.2177,429.054,66.2375,79.6588,44.1487,103.98,155.0387,3.31,0.98,4.27,1.94,-0.426,26.2048,,-1.5,-0.3131,-0.6392,-1.4618,-0.1616,-0.1021,-11.0,-2.0,0.5609,21.0,14.0,-12.771,76.7714,cnn,3,9,2,14,0.9333,0,1,0,1,normal,Normal / Mild Pullback,False,13.8524,0.6894,11.7286,1.918,11.1397,3.6612,9.7191,4.2141,11.1608,0.1817,-1.8887
2024-02-29,13.4,109.1,491.98,432.7307,66.3577,79.76,44.753,104.16,155.6794,3.29,1.0,4.25,1.92,-0.426,21.3376,,-1.14,0.0,0.0,-2.295,0.3035,0.2989,-30.0,-2.0,0.8618,26.0,19.0,-7.943,77.4571,cnn,3,9,2,14,0.9333,0,0,0,0,normal,Normal / Mild Pullback,False,12.1375,1.3246,13.2303,1.3522,11.2534,3.2702,9.7194,4.5278,11.2111,-0.1771,-2.2401
2024-03-01,13.11,106.48,496.5989,439.2463,66.6063,80.0304,44.2603,103.86,156.7696,3.32,1.01,4.19,1.87,-0.432,21.3376,,-0.64,0.0,0.0,-3.0826,0.1027,0.1274,-24.0,-3.0,0.786,32.0,19.0,-5.6813,76.8286,cnn,3,9,2,14,0.9333,0,0,0,0,normal,Normal / Mild Pullback,False,11.7782,-0.2203,12.8088,-0.28,10.9687,2.1317,9.3382,3.628,11.0667,-1.1056,-3.1494
2024-03-04,13.49,109.57,496.0663,437.679,66.589,80.0643,44.251,103.83,157.0565,3.26,1.0,4.22,1.88,-0.432,21.3376,,-0.25,-0.1072,-0.3568,-1.9477,0.5306,0.5622,-21.0,-2.0,-0.0866,19.0,6.0,-5.0399,79.2286,cnn,3,9,2,14,0.9333,0,0,0,0,normal,Normal / Mild Pullback,False,11.4298,-0.1991,12.8031,0.4204,11.382,1.5913,9.6821,3.0128,11.1718,-0.9994,-3.0454
2024-03-05,14.46,110.33,491.1085,429.8228,66.5372,79.971,46.0359,103.8,156.3393,3.31,1.01,4.13,1.81,-0.432,21.3376,,1.03,-1.1056,-2.1454,-1.8404,0.923,0.926,-19.0,1.0,-0.6223,-4.0,-9.0,1.0964,76.1143,cnn,3,9,2,14,0.9333,0,0,0,0,normal,Normal / Mild Pullback,False,12.0379,1.8928,11.3438,1.9978,9.9718,2.7296,8.7958,3.3625,11.0562,0.5067,-2.0666
2024-03-06,14.5,105.33,493.5972,432.5237,66.7012,80.1575,45.9801,103.37,157.2287,3.27,1.01,4.11,1.81,-0.432,21.3376,,0.66,-0.6045,-1.5305,-1.5511,0.8044,0.754,-25.0,1.0,-0.7775,2.0,-4.0,2.0436,72.5429,cnn,3,9,2,14,0.9333,0,0,0,0,normal,Normal / Mild Pullback,False,12.0959,1.2202,11.8282,2.4222,10.5326,0.964,9.9086,3.778,11.1562,0.3001,-2.5604
2024-03-07,14.44,105.45,498.4967,439.0887,66.7789,80.2423,46.0452,102.82,158.4623,3.27,1.0,4.09,1.81,-0.432,21.7666,,1.04,0.0,-0.0359,-1.6395,0.7519,0.7112,-16.0,0.0,-1.1726,0.0,-5.0,2.2888,73.8571,cnn,3,9,2,14,0.9333,0,0,0,0,normal,Normal / Mild Pullback,False,12.2255,0.0272,9.9717,1.7506,9.7093,1.0161,9.9749,2.8418,10.9882,-0.6857,-3.5181
2024-03-08,14.74,100.88,495.5047,432.7504,66.7961,80.2762,46.0824,102.74,158.2806,3.26,0.99,4.09,1.81,-0.436,21.7666,,1.63,-0.6002,-1.4789,-1.6499,0.8302,0.7324,-12.0,0.0,-1.3538,-6.0,-10.0,2.6189,70.0286,cnn,3,9,2,14,0.9333,0,0,0,0,normal,Normal / Mild Pullback,False,12.5224,-0.0598,10.3187,2.171,8.9804,1.6829,9.6729,3.5785,10.9053,-0.086,-2.9355
2024-03-11,15.22,106.63,495.0786,431.1437,66.7875,80.2762,45.85,102.87,158.4815,3.26,0.98,4.1,1.83,-0.436,21.7666,,1.73,-0.6857,-1.8447,-1.1658,0.6086,0.5092,-7.0,-2.0,-1.1626,-7.0,-9.0,0.9978,62.7714,cnn,3,9,2,14,0.9333,0,0,0,0,normal,Normal / Mild Pullback,False,12.4329,0.6207,11.1064,1.9764,9.2073,1.8881,9.6525,4.8997,11.1404,0.0262,-2.852
2024-03-12,13.84,101.36,500.4044,437.3242,66.8479,80.3186,45.3944,102.96,158.8927,3.2,0.97,4.16,1.86,-0.436,21.7666,,-0.62,0.0,-0.4376,-2.6777,0.9215,0.7963,-15.0,-3.0,-1.1616,-1.0,-7.0,-3.1962,72.2,cnn,3,9,2,14,0.9333,0,0,0,0,normal,Normal / Mild Pullback,False,12.885,0.103,8.6754,0.7047,7.9385,-0.2056,9.6804,3.7814,10.9483,-1.0384,-3.8859
2024-03-13,13.75,97.03,499.6199,433.9628,66.8738,80.3779,45.4409,102.79,158.9692,3.15,0.95,4.19,1.89,-0.436,21.7666,,-0.75,-0.1568,-1.2029,-3.4816,1.778,1.6883,-21.0,-4.0,-2.0675,-12.0,-13.0,-0.0507,71.7714,cnn,3,9,2,14,0.9333,0,0,0,0,normal,Normal / Mild Pullback,False,11.6219,1.1875,10.4733,1.7105,8.6756,0.7054,10.0291,3.8179,10.9456,-0.883,-3.735
2024-03-14,14.4,98.67,498.6323,432.8688,66.5545,79.9795,44.2603,103.36,157.5443,3.15,0.94,4.29,1.99,-0.436,21.8845,,-0.04,-0.3541,-1.4519,-3.6299,0.8967,0.7651,-23.0,-4.0,-1.2987,2.0,2.0,-3.3636,70.4,cnn,3,9,2,14,0.9333,0,0,0,0,normal,Normal / Mild Pullback,False,11.4134,1.723,9.7401,1.8924,8.5084,-0.488,11.2185,4.345,10.9433,-0.6867,-3.5443
2024-03-15,14.41,97.82,495.2084,427.7233,66.5113,79.988,44.4927,103.43,157.2382,3.16,0.93,4.31,1.99,-0.437,21.8845,,-0.33,-1.0384,-2.6234,-2.6505,0.4784,0.4983,-19.0,-4.0,-0.8341,7.0,5.0,-4.5511,68.6286,cnn,3,9,2,14,0.9333,0,0,0,0,normal,Normal / Mild Pullback,False,11.6165,2.2321,6.5264,2.4185,7.3349,-1.0552,11.8343,5.3194,10.8329,-1.0552,-2.8774
2024-03-18,14.33,102.87,498.1515,431.8026,66.6667,80.1321,44.2106,103.58,157.6704,3.13,0.92,4.34,2.03,-0.437,21.8845,,-0.89,-0.4502,-1.6946,-3.1833,1.0142,0.9145,-21.0,-4.0,-0.6713,4.0,6.0,-5.2038,70.7429,cnn,3,9,2,14,0.9333,0,0,0,0,normal,Normal / Mild Pullback,False,11.5232,1.3473,8.0081,1.166,8.2211,-1.8192,11.5908,5.5571,10.8876,-1.8192,-3.4512
2024-03-19,13.82,99.99,500.9198,432.8784,66.9342,80.4712,44.3606,103.81,158.6115,3.1,0.92,4.3,2.0,-0.437,21.8845,,-0.02,0.0,-1.4497,-2.8793,1.209,1.1697,-27.0,-4.0,-0.2594,3.0,5.0,-5.1891,70.8571,cnn,3,9,2,14,0.9333,0,0,0,0,normal,Normal / Mild Pullback,False,11.2981,0.6011,8.0609,0.7175,7.8522,-2.9396,11.4577,5.1851,10.8473,-2.9396,-3.9848
2024-03-20,13.04,92.72,505.553,438.011,67.1586,80.7424,45.7474,103.41,159.9655,3.14,0.92,4.27,1.96,-0.437,21.8845,,-0.71,0.0,-0.2812,-3.2172,1.733,1.6723,-20.0,-2.0,-0.5769,-5.0,-2.0,-2.387,69.6286,cnn,3,9,2,14,0.9333,0,0,0,0,normal,Normal / Mild Pullback,False,11.5707,0.5168,7.5415,-1.4237,8.708,-4.027,10.7377,4.2845,10.7063,-4.027,-4.8647
2024-03-21,12.92,90.82,507.2236,440.0838,67.1241,80.7339,46.4221,104.0,161.0602,3.05,0.91,4.27,1.93,-0.437,27.1903,,-1.48,0.0,0.0,-3.0091,1.1942,1.1891,-17.0,-2.0,0.0385,-6.0,-9.0,0.8535,71.3714,cnn,3,9,2,14,0.9333,0,0,0,0,normal,Normal / Mild Pullback,False,9.3762,0.1666,7.2828,-0.7219,10.3591,-5.1781,10.7937,4.7683,10.7959,-5.1781,-5.1781
2024-03-22,13.06,91.04,506.262,440.5872,67.055,80.6237,45.4194,104.43,160.0231,3.08,0.92,4.22,1.87,-0.435,27.1903,,-1.35,-0.1896,0.0,-3.5956,1.0247,0.9976,-15.0,-3.0,0.4714,-4.0,-9.0,-0.8625,69.5143,cnn,3,9,2,14,0.9333,0,0,0,0,normal,Normal / Mild Pullback,False,9.4541,0.1823,7.2534,-0.4777,10.3546,-4.1231,11.5829,5.234,10.7873,-4.998,-4.998
2024-03-25,13.19,92.24,504.8633,438.9882,66.9514,80.5475,45.485,104.23,159.6774,3.11,0.92,4.25,1.92,-0.435,27.1903,,-1.14,-0.4653,-0.3629,-3.4546,1.1958,1.2119,-12.0,-4.0,0.3852,-3.0,-5.0,0.1324,67.4286,cnn,3,9,2,14,0.9333,0,0,0,0,normal,Normal / Mild Pullback,False,9.3945,-0.1789,8.5694,-0.0866,10.2991,-2.7166,12.583,5.2389,10.7866,-4.7348,-4.7348
2024-03-26,13.24,90.63,503.9308,437.5669,66.8738,80.3949,45.2039,104.29,159.5238,3.15,0.93,4.24,1.92,-0.435,27.1903,,-0.58,-0.6492,-0.6855,-3.5461,0.9474,0.9454,-11.0,-3.0,0.443,-7.0,-7.0,-1.3446,67.9143,cnn,3,9,2,14,0.9333,0,0,0,0,normal,Normal / Mild Pullback,False,9.4684,0.1157,8.5015,-0.904,11.4535,-2.5828,12.5856,5.2923,10.7817,-4.5585,-4.5585
2024-03-27,12.78,86.28,508.1658,439.0573,67.2276,80.8272,46.8719,104.35,162.0781,3.15,0.94,4.2,1.88,-0.435,27.1903,,-0.26,0.0,-0.3472,-2.7251,1.4947,1.4668,-16.0,-4.0,0.3558,-7.0,-6.0,2.4184,69.7714,cnn,3,9,2,14,0.9333,0,0,0,0,normal,Normal / Mild Pullback,False,9.7326,-1.9305,8.687,-0.9882,11.2672,-3.7617,12.0756,4.0754,10.6988,-5.3539,-5.3539
2024-03-28,13.01,86.38,508.0687,438.2479,67.0809,80.7,47.1155,104.55,162.6447,3.12,0.93,4.2,1.88,-0.435,22.449,,0.09,-0.0191,-0.5309,-2.9436,1.0899,1.1786,-17.0,-7.0,0.3744,-5.0,-4.0,1.9453,68.7714,cnn,3,9,2,14,0.9333,0,0,0,0,normal,Normal / Mild Pullback,False,9.7337,-0.8871,13.4672,-2.3362,12.9671,-2.8314,12.7235,4.4961,10.7169,-5.3358,-5.3358
2024-04-01,13.65,94.2,507.1848,439.1757,66.8077,80.2986,46.1878,105.02,161.6844,3.12,0.93,4.33,1.98,-0.431,22.449,,0.59,-0.193,-0.3204,-2.7016,0.3024,0.3352,-20.0,-8.0,1.1169,14.0,11.0,2.177,71.2571,cnn,3,9,2,14,0.9333,0,0,0,0,normal,Normal / Mild Pullback,False,9.351,-0.6588,13.5702,-3.3917,13.9324,-2.3173,12.844,4.8089,10.7049,-5.1708,-5.1708
2024-04-02,14.61,96.57,503.9601,435.3855,66.6949,80.1452,45.3351,104.82,160.292,3.23,0.93,4.36,2.0,-0.431,22.449,,1.42,-0.8276,-1.1806,-3.0729,0.1591,0.1011,-3.0,-7.0,0.9535,14.0,12.0,0.8452,71.1429,cnn,3,9,2,14,0.9333,0,0,0,0,normal,Normal / Mild Pullback,False,9.6936,0.0925,12.8359,-2.9508,13.8517,-3.2496,13.7768,5.6458,10.6013,-4.564,-4.564
2024-04-03,14.33,97.88,504.5137,436.3626,66.7469,80.1878,45.2414,104.25,160.4648,3.23,0.92,4.36,2.0,-0.431,22.449,,1.09,-0.7187,-0.9588,-3.2226,0.3152,0.2711,-8.0,-9.0,0.4335,23.0,19.0,-4.337,69.4,cnn,3,9,2,14,0.9333,0,0,0,0,normal,Normal / Mild Pullback,False,8.8141,-1.0185,14.6529,-3.631,13.7191,-3.6696,13.7481,5.1146,10.6478,-4.6688,-4.6688
2024-04-04,16.35,96.13,498.3555,429.6904,66.6949,80.0771,45.1477,104.12,158.8323,3.24,0.92,4.31,1.97,-0.431,22.2222,,3.57,-1.9305,-2.4732,-2.6828,-0.0094,-0.1004,-3.0,-9.0,0.7255,20.0,16.0,-2.7479,53.8,cnn,3,9,2,14,0.9333,0,0,0,0,normal,Normal / Mild Pullback,False,9.9149,0.9609,12.5292,-2.641,12.8614,-1.567,13.7156,6.6325,10.2932,-3.4907,-3.4907
2024-04-05,16.03,94.31,503.5618,434.7538,66.6342,80.0344,45.1758,104.3,159.783,3.18,0.92,4.39,2.02,-0.425,22.2222,,3.02,-0.906,-1.324,-2.7652,-0.2166,-0.259,-9.0,-8.0,1.4394,30.0,21.0,-2.875,58.1,cnn,3,9,2,14,0.9333,0,0,0,0,normal,Normal / Mild Pullback,False,9.982,-1.4621,13.9582,-4.4886,10.8489,-1.3772,13.9391,6.2402,10.1777,-4.4886,-4.4886
2024-04-08,15.19,99.37,503.8434,434.8822,66.7903,80.2475,45.9442,104.14,160.2728,3.15,0.91,4.42,2.04,-0.425,22.2222,,1.54,-0.8506,-1.2949,-2.1392,-0.0087,-0.0358,-11.0,-8.0,1.3627,33.0,23.0,-1.9499,64.0286,cnn,3,9,2,14,0.9333,0,0,0,0,normal,Normal / Mild Pullback,False,9.6802,-2.751,14.9685,-3.6629,12.6965,-0.4145,14.4713,6.6547,10.2016,-4.5419,-4.5419
2024-04-09,14.98,98.73,504.4263,436.4911,66.9291,80.4691,46.244,104.15,160.9066,3.14,0.91,4.36,2.0,-0.425,22.2222,,0.37,-0.7359,-0.9297,-1.6267,0.2121,0.2403,-12.0,-7.0,1.2443,26.0,17.0,-1.0095,59.6286,cnn,3,9,2,14,0.9333,0,0,0,0,normal,Normal / Mild Pullback,False,9.6593,-3.0405,14.2559,-2.6323,14.7939,-0.4198,14.4706,7.1458,10.2465,-4.6522,-4.6522
2024-04-10,15.8,109.59,499.3754,432.6812,66.3393,79.7191,43.9482,105.25,158.1697,3.1,0.89,4.55,2.15,-0.425,22.2222,,1.47,-1.7298,-1.7944,-2.0349,-0.7609,-0.7464,-10.0,-8.0,2.2242,39.0,29.0,-2.9863,49.6714,cnn,3,9,2,14,0.9333,0,0,0,0,normal,Normal / Mild Pullback,False,9.677,-2.6395,13.8418,-1.6942,14.2237,0.5971,13.9946,8.3544,9.9765,-3.6879,-3.6879
2024-04-11,14.91,108.86,503.1441,439.5903,66.2786,79.6424,43.9857,105.28,158.0545,3.16,0.89,4.56,2.16,-0.425,24.0437,,-1.44,-0.9882,-0.2263,-2.5782,-0.8901,-0.9151,1.0,-6.0,2.4224,37.0,27.0,-3.8804,56.6571,cnn,3,9,2,14,0.9333,0,0,0,0,normal,Normal / Mild Pullback,False,10.0263,-3.5676,9.0846,-2.8012,13.2708,0.4189,13.887,7.6473,9.8931,-4.4093,-4.4093
2024-04-12,17.31,112.82,496.1992,432.5824,66.2439,79.6339,43.5922,106.04,155.5481,3.25,0.92,4.5,2.11,-0.419,24.0437,,1.28,-2.3549,-1.8168,-2.5549,-0.4667,-0.4321,10.0,-2.0,2.5929,21.0,12.0,-1.0265,45.0143,cnn,3,9,2,14,0.9333,0,0,0,0,normal,Normal / Mild Pullback,False,11.2033,-3.0714,7.2738,-0.507,12.9922,1.9556,12.8481,10.2341,9.5326,-3.0714,-3.0714
2024-04-15,19.23,121.15,489.9828,425.4659,65.8622,79.1566,43.4235,106.21,154.2037,3.28,0.92,4.63,2.2,-0.419,24.0437,,4.04,-3.5782,-3.4321,-1.8058,-0.976,-1.0394,12.0,-1.0,2.6878,32.0,21.0,-1.3622,38.4,cnn,3,9,2,14,0.9333,1,0,1,2,normal,Normal / Mild Pullback,False,11.8124,-0.9377,10.8235,1.1121,11.1844,3.2629,11.8172,10.6701,9.3127,-1.8416,-1.8416
2024-04-16,18.4,119.59,489.0891,425.5054,65.6454,78.8924,42.8706,106.26,153.3491,3.36,0.95,4.67,2.24,-0.419,24.0437,,3.42,-3.754,-3.4231,-1.7085,-1.532,-1.547,23.0,3.0,2.5874,33.0,21.0,-1.2342,35.1143,cnn,3,9,2,14,0.9333,0,0,1,1,normal,Normal / Mild Pullback,False,11.5694,0.421,14.5491,-0.3078,14.0965,3.9263,11.7892,11.5716,9.3303,-1.6623,-1.6623
2024-04-17,18.21,113.29,486.1946,420.3137,65.7321,78.9947,42.9456,105.95,153.0322,3.42,0.95,4.59,2.2,-0.419,24.0437,,2.41,-4.3236,-4.6015,-1.6366,-1.796,-1.8348,32.0,3.0,2.0615,29.0,20.0,-0.2576,31.1571,cnn,3,9,2,14,0.9333,0,0,1,1,normal,Normal / Mild Pullback,False,11.4373,0.9709,13.4195,-0.04,13.8589,5.8396,11.9531,12.5445,9.1904,-1.0768,-1.0768
2024-04-18,18.0,108.66,485.1942,417.9153,65.7841,79.097,43.208,106.15,152.8882,3.39,0.94,4.64,2.24,-0.419,33.9623,,3.09,-4.5205,-5.1458,-1.2898,-2.0465,-2.0379,25.0,2.0,2.6496,37.0,28.0,-1.5879,30.4,cnn,3,9,2,14,0.9333,0,0,1,1,normal,Normal / Mild Pullback,False,10.7136,0.7947,13.7987,1.103,14.5528,5.8396,11.9531,13.4454,9.1864,-0.8728,-0.8728
2024-04-19,18.71,111.26,480.9592,409.2689,65.9056,79.2589,44.3418,106.15,153.4643,3.37,0.94,4.62,2.21,-0.414,33.9623,,1.4,-5.3539,-7.1083,0.5838,-1.8153,-1.827,32.0,3.0,2.0673,35.0,28.0,0.7349,27.6714,cnn,3,9,2,14,0.9333,0,0,1,1,normal,Normal / Mild Pullback,False,10.77,2.6456,10.9537,3.2575,14.3999,6.9251,11.1617,12.8396,9.5165,0.9209,0.9209
2024-04-22,16.94,108.56,485.3884,413.3848,66.2699,79.668,45.1477,106.08,154.6358,3.29,0.93,4.62,2.21,-0.414,33.9623,,-2.29,-4.4823,-6.1741,-0.0337,-1.1709,-1.1855,21.0,1.0,1.58,40.0,34.0,3.6764,34.1714,cnn,3,9,2,14,0.9333,0,0,1,1,normal,Normal / Mild Pullback,False,11.563,2.0692,10.3913,3.3719,14.5382,6.0714,10.9685,10.9507,9.603,0.1261,0.1261
2024-04-23,15.69,106.85,491.1483,419.5536,66.5388,79.9748,45.6631,105.69,156.0091,3.2,0.92,4.61,2.2,-0.414,33.9623,,-2.71,-3.3488,-4.774,-0.4679,-0.6164,-0.711,9.0,0.0,1.4007,36.0,28.0,3.1948,36.5714,cnn,3,9,2,14,0.9333,0,0,1,1,normal,Normal / Mild Pullback,False,12.5702,-0.7258,15.0702,2.2723,13.762,5.0846,10.4582,8.9214,9.5215,-1.0481,-1.0481
2024-04-24,15.97,110.21,490.9152,420.975,66.3913,79.8384,45.9255,105.86,156.2299,3.19,0.92,4.65,2.24,-0.414,33.9623,,-2.24,-3.3947,-4.4514,-0.0989,-0.7214,-0.6922,4.0,-1.0,1.5054,41.0,32.0,4.2898,37.4857,cnn,3,9,2,14,0.9333,0,0,1,1,normal,Normal / Mild Pullback,False,12.5724,-1.0012,15.0852,2.3308,13.7333,4.8317,10.5827,10.0966,9.6827,-1.0012,-1.0012
2024-04-25,15.37,108.55,489.0502,418.9417,66.2525,79.6168,45.4194,105.6,155.9035,3.24,0.92,4.7,2.28,-0.414,33.9332,,-2.63,-3.7617,-4.9129,-0.0238,-1.4505,-1.4975,9.0,-2.0,1.1979,50.0,40.0,0.6888,39.0857,cnn,3,9,2,14,0.9333,0,0,1,1,normal,Normal / Mild Pullback,False,12.0619,0.3059,16.8708,3.3129,13.3758,4.4629,10.9235,10.3431,9.6401,-0.6236,-0.6236
2024-04-26,15.03,104.4,493.6834,425.4067,66.4607,79.881,45.1571,105.94,155.9803,3.16,0.9,4.67,2.24,-0.412,33.9332,,-3.68,-2.8499,-3.4455,-1.2655,-0.9246,-1.0149,4.0,-3.0,1.3295,47.0,36.0,-1.364,40.5143,cnn,3,9,2,14,0.9333,0,0,0,0,normal,Normal / Mild Pullback,False,12.7126,0.5962,17.9149,2.4751,12.9416,4.1672,10.7185,6.8304,10.7409,-1.5563,-1.5563
2024-04-29,14.67,105.42,495.4319,427.1341,66.6602,80.1282,44.7635,105.58,157.0654,3.12,0.9,4.63,2.22,-0.412,33.9332,,-2.27,-2.5059,-3.0534,-0.7869,-0.2208,-0.2123,0.0,-3.0,0.5332,30.0,24.0,-0.7847,42.4286,cnn,3,9,2,14,0.9333,0,0,0,0,normal,Normal / Mild Pullback,False,12.8318,1.2763,19.0722,2.1272,12.9739,3.8721,10.7134,5.8987,10.8059,-1.9037,-1.9037
2024-04-30,15.65,107.46,487.5836,419.0799,66.1745,79.6254,44.0607,106.22,154.7991,3.18,0.91,4.69,2.28,-0.412,33.9332,,-0.04,-4.0503,-4.8815,0.4903,-0.7803,-0.6487,-5.0,-2.0,1.3356,33.0,28.0,0.4532,40.5429,cnn,3,9,2,14,0.9333,0,0,0,0,normal,Normal / Mild Pullback,False,13.7518,3.02,10.6113,4.2472,8.1706,4.805,9.0815,8.8084,10.4134,-0.3247,-0.3247
2024-05-01,15.39,100.64,486.0003,416.0497,66.5233,79.9759,45.1945,105.76,154.2709,3.21,0.91,4.63,2.25,-0.412,33.9332,,-0.58,-4.3619,-5.5693,0.9762,-0.3351,-0.2643,-2.0,-1.0,1.4484,27.0,25.0,3.7018,40.5143,cnn,3,9,2,14,0.9333,0,0,0,0,normal,Normal / Mild Pullback,False,13.7245,3.3656,8.9117,5.8819,7.9488,4.4489,9.4333,9.227,10.3697,0.9353,0.9353
2024-05-02,14.68,100.7,490.5461,421.36,66.9331,80.4388,45.9348,105.3,155.2216,3.16,0.9,4.58,2.21,-0.412,32.4921,,-0.69,-3.4673,-4.364,0.3158,0.3571,0.4518,-8.0,-2.0,1.1333,27.0,24.0,3.3632,42.2286,cnn,3,9,2,14,0.9333,0,0,0,0,normal,Normal / Mild Pullback,False,13.6967,2.9978,8.5873,4.6849,8.5365,4.4235,9.4093,7.6666,10.3243,1.2395,1.2395
2024-05-03,13.49,95.96,496.6266,429.8286,67.2121,80.8074,46.5252,105.03,156.3259,3.08,0.89,4.5,2.15,-0.411,32.4921,,-1.54,-2.2707,-2.4419,0.2309,0.8673,0.9658,-10.0,-3.0,0.6999,11.0,13.0,4.4251,43.2571,cnn,3,9,2,14,0.9333,0,0,0,0,normal,Normal / Mild Pullback,False,13.9236,1.8678,6.7792,3.5518,7.4527,3.2291,8.6151,8.077,10.5263,1.0327,1.0327
2024-05-06,13.49,94.5,501.7551,434.5367,67.2906,80.8932,46.8906,105.05,157.5264,3.03,0.88,4.49,2.14,-0.411,32.4921,,-1.18,-1.2615,-1.3733,-0.2081,0.749,0.8046,-12.0,-3.0,0.8738,7.0,10.0,2.4847,39.0,cnn,3,9,2,14,0.9333,0,0,1,1,normal,Normal / Mild Pullback,False,14.4582,0.8401,3.7153,2.6115,6.4699,2.2882,7.9806,5.4575,10.829,0.1104,0.1104
2024-05-07,13.23,98.04,502.3088,434.6058,67.2993,80.9275,46.7407,105.41,157.9681,3.06,0.88,4.47,2.15,-0.411,32.4921,,-2.42,-1.1526,-1.3576,0.4189,0.5531,0.5696,-8.0,-3.0,1.2098,11.0,15.0,1.5001,37.1714,cnn,3,9,2,14,0.9333,0,0,1,1,normal,Normal / Mild Pullback,False,14.4575,1.1912,4.1704,2.7497,6.419,3.3898,8.8356,3.3799,11.5553,0.0097,0.0097
2024-05-08,13.0,95.58,502.3574,434.3491,67.1423,80.756,47.0124,105.55,157.9297,3.1,0.89,4.48,2.17,-0.411,32.4921,,-2.39,-1.143,-1.4158,-0.3365,1.2106,1.3007,0.0,0.0,0.285,-7.0,2.0,6.3373,38.1714,cnn,3,9,2,14,0.9333,0,0,1,1,normal,Normal / Mild Pullback,False,13.9823,2.4343,7.5884,2.444,6.9143,3.3779,8.8384,0.3595,13.1002,0.5762,0.3595
2024-05-09,12.69,93.85,505.2519,435.2967,67.1598,80.7817,47.2373,105.23,159.2549,3.14,0.89,4.45,2.13,-0.411,23.8095,,-1.99,-0.5734,-1.2008,0.2137,1.3296,1.4305,-2.0,0.0,-0.0475,-11.0,-3.0,6.9444,42.2286,cnn,3,9,2,14,0.9333,0,0,0,0,normal,Normal / Mild Pullback,False,13.8741,1.6379,8.8933,1.1131,8.1552,2.6607,8.7569,0.7045,13.1824,0.1288,-0.2155
2024-05-10,12.55,94.23,505.9026,436.3232,67.0552,80.5931,47.1811,105.31,159.5142,3.12,0.89,4.5,2.16,-0.412,23.8095,,-0.94,-0.4454,-0.9678,0.2414,1.2247,1.2046,-13.0,-3.0,-0.6884,0.0,5.0,6.157,46.0286,cnn,3,9,2,14,0.9333,0,0,0,0,normal,Normal / Mild Pullback,False,12.8432,1.6531,8.8731,1.6512,8.6106,2.8454,8.7794,-0.0973,13.2537,0.0134,-0.3438
2024-05-13,13.6,105.35,505.9706,437.33,67.0377,80.6017,47.1343,105.22,159.4757,3.14,0.9,4.48,2.15,-0.412,23.8095,,0.11,-0.432,-0.7393,-0.3412,1.7848,1.8256,-14.0,-2.0,-0.9321,-15.0,-5.0,5.1157,48.1143,cnn,3,9,2,14,0.9333,0,0,0,0,normal,Normal / Mild Pullback,False,11.82,1.7566,8.6731,1.7086,8.5876,3.0792,8.7729,2.1985,14.0582,0.3264,-0.3572
2024-05-14,13.42,106.55,508.2921,440.143,67.1423,80.7217,47.6871,105.01,160.1095,3.14,0.9,4.45,2.12,-0.412,23.8095,,0.19,0.0,-0.1008,-0.4461,2.2804,2.3187,-22.0,-5.0,-1.1764,-22.0,-12.0,7.0326,55.2857,cnn,3,9,2,14,0.9333,0,0,0,0,normal,Normal / Mild Pullback,False,11.7904,1.5402,8.6353,0.5351,9.4311,3.4512,9.029,2.1803,14.0559,-0.1319,-0.8123
2024-05-15,12.45,93.78,514.5862,447.0225,67.5348,81.1675,47.8558,104.35,161.3867,3.13,0.9,4.36,2.05,-0.412,23.8095,,-0.55,0.0,0.0,-1.1966,2.7425,2.7505,-29.0,-5.0,-1.5101,-23.0,-15.0,5.2853,59.3714,cnn,3,9,2,14,0.9333,0,0,0,0,normal,Normal / Mild Pullback,False,11.9582,0.0095,3.7182,-1.3534,7.3851,2.3916,8.118,0.9835,13.8338,-1.3534,-2.0255
2024-05-16,12.42,91.83,513.5275,446.1145,67.3778,81.0046,47.6496,104.46,161.1274,3.08,0.89,4.38,2.07,-0.412,23.2558,,-0.27,-0.2057,-0.2031,-1.2603,2.4226,2.4117,-31.0,-5.0,-1.5921,-26.0,-17.0,4.1952,62.3143,cnn,3,9,2,14,0.9333,0,0,0,0,normal,Normal / Mild Pullback,False,11.9582,-0.5164,6.4526,-0.2497,9.0219,2.6651,8.0315,2.8559,14.2149,-1.15,-1.8235
2024-05-17,11.99,89.35,514.2659,445.8974,67.3865,80.996,47.9683,104.45,161.3675,3.09,0.89,4.42,2.1,-0.412,23.2558,,-0.56,-0.0623,-0.2517,-0.2035,2.2471,2.1917,-28.0,-5.0,-1.6015,-20.0,-11.0,1.1722,62.8,cnn,3,9,2,14,0.9333,0,0,0,0,normal,Normal / Mild Pullback,False,11.169,-0.0019,8.4328,-0.3117,8.9947,3.3336,8.3679,3.0322,14.2242,-1.2919,-1.9645
2024-05-20,12.15,88.13,514.8582,449.0064,67.4214,81.0474,47.2748,104.57,161.233,3.07,0.88,4.44,2.11,-0.412,23.2558,,-1.45,0.0,0.0,-0.5972,1.7376,1.7315,-22.0,-5.0,-1.4235,-18.0,-10.0,-1.2821,60.4286,cnn,3,9,2,14,0.9333,0,0,0,0,normal,Normal / Mild Pullback,False,10.9755,-0.0471,8.3998,-0.3151,8.9931,3.477,8.3716,4.6776,14.6203,-1.4055,-2.0773
2024-05-21,11.86,85.34,516.121,449.8849,67.3691,81.0046,47.3404,104.66,161.1658,3.07,0.89,4.41,2.09,-0.412,23.2558,,-1.56,0.0,0.0,-0.8469,1.2478,1.2876,-13.0,-3.0,-0.9745,-20.0,-11.0,-1.343,59.4286,cnn,3,9,2,14,0.9333,0,0,0,0,normal,Normal / Mild Pullback,False,10.4605,-0.9899,9.2437,0.6229,10.8389,2.9434,8.511,4.6556,14.6194,-1.6467,-2.3169
2024-05-22,12.29,82.49,514.6349,449.7961,67.2208,80.8332,46.7688,104.94,160.5513,3.11,0.89,4.43,2.1,-0.412,23.2558,,-0.16,-0.2879,-0.0197,-1.1906,1.2494,1.2459,-8.0,-3.0,-0.8691,-22.0,-14.0,-2.8573,58.5143,cnn,3,9,2,14,0.9333,0,0,0,0,normal,Normal / Mild Pullback,False,10.5854,-1.3627,9.842,0.9116,10.6737,3.1023,8.424,5.9614,14.708,-1.3627,-2.0348
2024-05-23,12.77,86.15,510.8758,447.7726,66.9854,80.5331,45.6443,105.11,158.3042,3.1,0.89,4.47,2.17,-0.412,26.3158,,0.35,-1.0163,-0.4695,-2.0226,1.1062,1.1509,-14.0,-3.0,-0.464,-23.0,-11.0,-3.7982,52.3714,cnn,3,9,2,14,0.9333,0,0,0,0,normal,Normal / Mild Pullback,False,10.9246,0.2681,11.7309,1.5305,9.754,3.5233,7.9674,6.5675,14.6168,-0.6369,-1.3139
2024-05-24,11.93,83.57,514.256,452.007,67.2208,80.816,45.8411,104.72,159.3509,3.11,0.89,4.46,2.14,-0.411,26.3158,,-0.06,-0.3613,0.0,-2.0755,1.1437,1.1704,-5.0,-1.0,-1.1516,-21.0,-10.0,-2.5462,51.7429,cnn,3,9,2,14,0.9333,0,0,0,0,normal,Normal / Mild Pullback,False,10.7177,-0.3098,10.5035,1.1748,9.3951,3.2388,7.8028,6.2309,14.5799,-1.29,-1.9626
2024-05-28,12.92,89.67,514.6155,453.7145,66.9505,80.516,45.4569,104.61,158.2465,3.09,0.88,4.54,2.2,-0.411,26.3158,,0.77,-0.2917,0.0,-2.5919,0.4356,0.484,-3.0,-2.0,-0.9187,-9.0,-2.0,-2.2364,54.6857,cnn,3,9,2,14,0.9333,0,0,0,0,normal,Normal / Mild Pullback,False,10.7132,-0.268,10.5408,1.3476,9.4103,3.2955,7.7969,5.3235,14.6933,-1.359,-2.0311
2024-05-29,14.28,93.45,511.0118,450.5166,66.75,80.2502,44.3606,105.1,156.3932,3.15,0.88,4.61,2.25,-0.411,26.3158,,2.42,-0.9899,-0.7048,-3.3347,0.8697,0.7848,-3.0,-3.0,-1.0544,-8.0,-3.0,-3.9353,49.9714,cnn,3,9,2,14,0.9333,0,0,0,0,normal,Normal / Mild Pullback,False,9.1086,1.629,11.6598,2.9006,8.6939,4.1879,7.0979,7.1932,14.7321,-0.6634,-1.3402
2024-05-30,14.47,91.09,507.6219,445.69,67.0203,80.5331,45.1383,104.72,157.1134,3.19,0.88,4.55,2.19,-0.411,26.7123,,2.18,-1.6467,-1.7686,-2.7741,0.7471,0.6967,-2.0,-3.0,-0.9834,-8.0,-6.0,-4.3785,45.0857,cnn,3,9,2,14,0.9333,0,0,0,0,normal,Normal / Mild Pullback,False,9.458,2.3058,8.6872,3.7963,6.9521,4.471,6.7114,7.6518,14.6612,0.9108,-0.6814
2024-05-31,12.92,91.14,512.2454,444.861,67.2557,80.876,45.7755,104.67,159.1972,3.2,0.88,4.51,2.16,-0.407,26.7123,,0.15,-0.7509,-1.9514,-2.434,0.482,0.5434,4.0,-2.0,-0.5983,-7.0,-5.0,-4.5682,48.4286,cnn,3,9,2,14,0.9333,0,0,0,0,normal,Normal / Mild Pullback,False,9.4337,1.2591,8.388,2.9221,6.4082,3.7411,6.2001,6.8267,14.57,0.0815,-1.5778
2024-06-03,13.11,93.92,512.6631,447.2495,67.4642,81.101,44.979,104.14,158.3522,3.17,0.88,4.41,2.08,-0.407,26.7123,,1.18,-0.67,-1.4249,-2.8309,0.3751,0.3633,9.0,-1.0,-0.8474,-9.0,-7.0,-6.3474,45.4857,cnn,3,9,2,14,0.9333,0,0,0,0,normal,Normal / Mild Pullback,False,8.6326,1.4892,8.254,3.6567,6.7518,4.3541,6.4202,6.1199,14.6389,0.1118,-1.658
2024-06-04,13.16,100.11,513.2361,448.4734,67.4292,81.0665,44.1825,104.11,157.872,3.22,0.9,4.33,2.02,-0.407,26.7123,,0.24,-0.5589,-1.1552,-3.7041,0.206,0.2143,19.0,2.0,-0.8948,-16.0,-12.0,-7.8832,47.6286,cnn,3,9,2,14,0.9333,0,0,0,0,normal,Normal / Mild Pullback,False,7.9938,1.62,8.1228,3.804,6.6428,4.7028,6.4594,6.0109,14.64,1.0636,-1.7678
2024-06-05,12.63,102.43,519.3361,457.5146,67.6482,81.3337,44.3231,104.27,158.8323,3.2,0.91,4.29,1.99,-0.407,26.7123,,-1.65,0.0,0.0,-4.4598,0.5184,0.502,14.0,3.0,-1.0815,-18.0,-16.0,-8.2815,51.1429,cnn,3,9,2,14,0.9333,0,1,0,1,normal,Normal / Mild Pullback,False,8.8562,1.2512,5.7655,2.3061,5.6201,4.0697,5.5719,5.7659,14.5743,-0.1234,-2.9216
2024-06-06,12.58,100.99,519.3264,457.3567,67.5343,81.2131,44.4355,104.1,158.525,3.2,0.92,4.28,2.0,-0.407,31.9853,,-1.89,-0.0019,-0.0345,-3.8665,0.5838,0.566,10.0,3.0,-1.3738,-20.0,-17.0,-8.5698,45.3143,cnn,3,9,2,14,0.9333,0,1,0,1,normal,Normal / Mild Pullback,False,8.859,1.457,5.3767,2.1708,5.8077,4.1917,5.5312,3.5913,15.2391,-0.1216,-2.9198
2024-06-07,12.22,91.82,518.6949,456.952,67.3591,80.9717,44.2387,104.89,158.0257,3.15,0.9,4.43,2.13,-0.401,31.9853,,-0.7,-0.1234,-0.123,-4.2492,0.2967,0.2352,1.0,1.0,-0.3231,-2.0,0.0,-8.7751,43.4,cnn,3,9,2,14,0.9333,0,1,0,1,normal,Normal / Mild Pullback,False,8.7782,1.6423,4.5976,1.9627,6.2145,4.42,5.4129,3.5051,15.2443,0.309,-2.8016
2024-06-10,12.74,94.16,520.2977,458.7977,67.4204,81.0493,43.5547,105.15,158.4482,3.15,0.9,4.47,2.16,-0.401,31.9853,,-0.37,0.0,0.0,-3.6142,0.5447,0.566,3.0,1.0,-0.1519,-3.0,0.0,-10.2402,44.7429,cnn,3,9,2,14,0.9333,0,1,0,1,normal,Normal / Mild Pullback,False,8.8004,2.1357,5.6481,2.04,6.2649,5.1284,6.0592,2.9353,15.2474,0.2408,-3.101
2024-06-11,12.85,97.27,521.5507,461.9462,67.508,81.1872,43.3954,105.23,157.7952,3.19,0.91,4.39,2.12,-0.401,31.9853,,-0.31,0.0,0.0,-4.7144,0.7016,0.7264,5.0,1.0,0.0095,-9.0,-3.0,-10.6827,44.4,cnn,3,9,2,14,0.9333,0,1,0,1,normal,Normal / Mild Pullback,False,8.7934,2.1492,5.6219,1.9219,6.2719,3.9716,7.2402,0.9597,15.6548,0.8213,-3.3338
2024-06-12,12.04,91.73,525.8341,467.9968,67.7796,81.4717,44.473,104.65,158.6403,3.09,0.9,4.31,2.09,-0.401,31.9853,,-0.59,0.0,0.0,-4.6818,0.9491,0.9291,-5.0,0.0,-0.3428,-14.0,-3.0,-9.8512,46.5714,cnn,3,9,2,14,0.9333,0,1,0,1,normal,Normal / Mild Pullback,False,9.0508,1.0418,6.1284,1.2511,5.2075,3.7751,7.053,1.2585,15.731,0.2014,-4.1212
2024-06-13,11.94,91.93,526.893,470.5334,67.7708,81.4889,43.7702,105.2,158.1889,3.2,0.92,4.24,2.03,-0.401,25.6757,,-0.64,0.0,0.0,-5.1828,0.3496,0.3961,7.0,2.0,0.8146,-12.0,-2.0,-10.6736,44.5714,cnn,3,9,2,14,0.9333,0,1,0,1,normal,Normal / Mild Pullback,False,8.1313,0.7036,6.5942,0.6499,5.7872,3.8513,7.06,1.4951,15.7497,0.0608,-4.3139
2024-06-14,12.66,100.16,527.2134,472.9714,67.508,81.1613,43.2173,105.55,157.1806,3.29,0.95,4.2,2.03,-0.394,25.6757,,0.44,0.0,0.0,-5.7779,0.1933,0.1935,21.0,6.0,1.0435,-18.0,-4.0,-11.6563,41.1143,cnn,3,9,2,14,0.9333,0,1,0,1,normal,Normal / Mild Pullback,False,8.0444,0.3152,7.4077,0.7958,5.8299,4.4037,7.1824,2.4741,15.8813,0.3152,-4.3721
2024-06-17,12.75,99.07,531.4094,478.7652,67.5518,81.2475,43.9482,105.32,158.3233,3.26,0.95,4.28,2.06,-0.394,25.6757,,0.01,0.0,0.0,-6.1732,0.2453,0.3105,17.0,6.0,0.8329,-14.0,-4.0,-11.3362,43.2857,cnn,3,9,2,14,0.9333,0,1,0,1,normal,Normal / Mild Pullback,False,8.3822,-0.0936,5.0723,0.6729,5.4302,2.127,8.8924,2.5213,15.8909,-0.4769,-5.1272
2024-06-18,12.3,97.99,532.7598,478.9132,67.7621,81.5234,44.0607,105.26,158.7171,3.24,0.96,4.22,2.01,-0.394,25.6757,,-0.55,0.0,0.0,-5.7492,0.5053,0.5873,17.0,8.0,0.6598,-22.0,-10.0,-9.9305,41.2857,cnn,3,9,2,14,0.9333,0,1,0,1,normal,Normal / Mild Pullback,False,8.3856,-0.2225,4.7049,0.8658,5.6933,1.0853,9.3957,2.7955,15.9156,-0.7291,-5.3676
2024-06-20,13.28,94.14,531.3124,475.2218,67.7183,81.4372,44.1357,105.59,158.8131,3.23,0.96,4.25,2.0,-0.394,22.508,,1.24,-0.2717,-0.7708,-5.4924,0.5183,0.5341,16.0,7.0,0.8886,-16.0,-9.0,-9.4353,38.7143,cnn,3,9,2,14,0.9333,0,1,1,2,normal,Normal / Mild Pullback,False,8.5256,0.2071,4.373,1.7238,5.788,0.6876,9.6772,3.2277,15.903,-0.4587,-5.1098
2024-06-21,13.2,94.09,530.6002,473.9485,67.7971,81.5234,44.0513,105.8,159.0148,3.21,0.96,4.25,2.02,-0.386,22.508,,1.26,-0.4054,-1.0367,-5.3293,0.8573,0.8539,10.0,7.0,0.8195,-18.0,-8.0,-8.6446,39.0571,cnn,3,9,2,14,0.9333,0,1,1,2,normal,Normal / Mild Pullback,False,8.4387,-0.0533,5.3185,1.9779,5.5504,1.8622,10.2673,3.4085,15.8983,-0.3251,-4.9825
2024-06-24,13.33,95.2,528.8754,468.5528,67.727,81.4975,44.9604,105.47,159.7794,3.19,0.96,4.25,2.03,-0.386,22.508,,0.67,-0.7291,-2.1633,-5.2785,1.1071,1.1976,9.0,7.0,0.3425,-22.0,-14.0,-4.8508,37.7714,cnn,3,9,2,14,0.9333,0,0,1,1,normal,Normal / Mild Pullback,False,7.9856,0.479,4.6291,2.41,4.7923,2.0341,10.1934,3.4381,15.8954,0.2727,-4.6726
2024-06-25,12.84,96.97,530.912,473.9109,67.8146,81.5751,44.3461,105.61,158.6802,3.19,0.96,4.23,2.01,-0.386,22.508,,0.09,-0.3468,-1.0445,-6.6353,0.8834,0.9393,8.0,7.0,0.8499,-23.0,-13.0,-6.2961,37.2857,cnn,3,9,2,14,0.9333,0,0,1,1,normal,Normal / Mild Pullback,False,7.8204,0.7672,5.9985,3.0266,6.0797,-0.6607,13.1924,4.7997,16.233,-0.6607,-5.0383
2024-06-26,12.55,97.91,531.5746,474.8896,67.6657,81.3596,44.5351,106.05,158.0825,3.18,0.97,4.32,2.06,-0.386,22.508,,0.25,-0.2225,-0.8402,-6.7137,1.0682,1.0478,9.0,9.0,1.3765,-22.0,-14.0,-5.1535,40.8857,cnn,3,9,2,14,0.9333,0,0,0,0,normal,Normal / Mild Pullback,False,7.8144,1.0907,6.3265,2.011,8.445,-1.3015,13.2893,4.4881,16.2409,-1.3015,-5.1566
2024-06-27,12.24,95.69,532.4126,476.1155,67.7445,81.4717,45.0076,105.91,158.2753,3.21,0.96,4.29,2.03,-0.386,28.3465,,-1.04,-0.0652,-0.5842,-6.535,1.4899,1.522,6.0,8.0,0.7707,-32.0,-22.0,-2.6196,45.5143,cnn,3,9,2,14,0.9333,0,0,0,0,normal,Normal / Mild Pullback,False,7.1192,1.5136,6.7588,2.4928,8.7073,-0.3532,13.9206,4.5843,16.244,-1.4569,-5.3059
2024-06-28,12.44,98.59,530.3175,473.644,67.5781,81.2648,46.3967,105.87,158.391,3.18,0.96,4.36,2.08,-0.379,28.3465,,-0.76,-0.4584,-1.1002,-6.0953,0.8323,0.9085,-1.0,8.0,1.0982,-19.0,-11.0,-1.6112,44.3143,cnn,3,9,2,14,0.9333,0,0,0,0,normal,Normal / Mild Pullback,False,6.7362,2.0323,3.763,3.1807,7.9436,0.0992,13.8508,5.2979,16.2199,-1.0676,-4.9318
2024-07-01,12.22,106.23,531.4089,476.4219,67.5649,81.1902,46.1793,105.9,157.1087,3.21,0.94,4.48,2.16,-0.379,28.3465,,-1.11,-0.2536,-0.5202,-7.2377,0.4597,0.3885,1.0,6.0,1.1751,-3.0,0.0,-2.7558,47.9429,cnn,3,9,2,14,0.9333,0,0,0,0,normal,Normal / Mild Pullback,False,6.2222,1.9217,4.1761,3.5794,8.0329,-0.6125,13.9449,4.8499,16.23,-1.2708,-5.1271
2024-07-02,12.03,107.51,534.9851,481.4242,67.7498,81.4763,46.7274,105.72,157.8125,3.23,0.93,4.43,2.13,-0.379,28.3465,,-0.81,0.0,0.0,-7.0345,0.4234,0.4628,6.0,5.0,1.5172,2.0,5.0,-0.4475,49.7429,cnn,3,9,2,14,0.9333,0,0,0,0,normal,Normal / Mild Pullback,False,6.4426,2.2422,5.8206,1.4444,11.689,0.3279,14.9384,4.5619,16.1969,-1.9307,-5.7613
2024-07-03,12.09,102.83,537.3726,485.4379,67.9876,81.6671,45.9715,105.4,157.88,3.25,0.93,4.36,2.09,-0.379,28.3465,,-0.46,0.0,0.0,-7.6392,0.8282,0.7408,3.0,3.0,1.2391,3.0,7.0,-0.6245,48.3714,cnn,3,9,2,14,0.9333,0,0,0,0,normal,Normal / Mild Pullback,False,6.4814,0.9103,10.9655,0.2176,12.3844,-1.5323,15.6842,3.9464,16.1844,-2.3665,-6.18
2024-07-05,12.48,98.78,540.4714,490.4995,68.1902,82.0052,45.3005,104.88,157.8125,3.27,0.92,4.28,2.0,-0.373,26.087,,0.24,0.0,0.0,-8.4638,0.8011,0.8255,7.0,1.0,0.585,-1.0,1.0,-1.7914,49.7143,cnn,3,9,2,14,0.9333,0,0,0,0,normal,Normal / Mild Pullback,False,5.5841,0.9646,11.093,-1.0187,12.3993,-3.9197,16.7163,3.7646,16.1647,-3.9197,-6.7179
2024-07-08,12.37,97.96,541.095,491.666,68.1726,81.9185,45.31,105.01,158.121,3.2,0.92,4.28,2.01,-0.373,26.087,,-0.07,0.0,0.0,-7.7386,0.9451,0.8686,0.0,0.0,0.8742,0.0,1.0,-2.1343,51.0571,cnn,3,9,2,14,0.9333,0,0,0,0,normal,Normal / Mild Pullback,False,5.5432,1.1255,11.0813,-0.1135,13.6282,-6.8254,19.3023,2.7165,16.2838,-6.8254,-6.8254
2024-07-09,12.51,95.62,541.6212,492.0911,68.0933,81.8665,46.1226,105.12,157.8511,3.21,0.92,4.3,2.04,-0.373,26.087,,0.29,0.0,0.0,-7.2236,1.09,1.105,6.0,2.0,0.2193,-13.0,-9.0,-0.1547,50.5714,cnn,3,9,2,14,0.9333,0,0,0,0,normal,Normal / Mild Pullback,False,5.4248,1.6264,11.279,-0.367,13.6312,-6.0577,19.7705,2.66,16.2834,-6.9159,-6.9159
2024-07-10,12.85,92.97,546.9807,497.2219,68.2518,82.0225,47.1243,105.05,159.1527,3.17,0.92,4.28,2.01,-0.373,26.087,,0.82,0.0,0.0,-7.1818,1.2332,1.2008,2.0,2.0,-0.0951,-19.0,-15.0,2.9177,54.6,cnn,3,9,2,14,0.9333,0,0,0,0,normal,Normal / Mild Pullback,False,6.0765,-0.7803,14.7246,-3.579,16.4006,-7.5999,19.1948,1.4683,16.1707,-7.828,-7.828
2024-07-11,12.92,89.67,542.2643,486.3177,68.4984,82.3173,49.1087,104.44,161.0713,3.18,0.93,4.2,1.95,-0.373,21.7213,,0.83,-0.8622,-2.193,-5.6171,1.4671,1.3919,-1.0,2.0,-0.7507,-19.0,-17.0,8.8429,49.4,cnn,3,9,2,14,0.9333,0,0,0,0,normal,Normal / Mild Pullback,False,7.2494,-0.6865,14.4506,-3.2472,16.1958,-4.6417,21.3125,3.2809,16.1615,-7.0263,-7.0263
2024-07-12,12.46,86.79,545.6847,489.1748,68.6746,82.5687,49.222,104.09,162.4886,3.19,0.92,4.18,1.94,-0.368,21.7213,,-0.02,-0.2369,-1.6184,-5.0297,1.3204,1.3465,10.0,2.0,-0.5351,-13.0,-15.0,6.6523,54.3714,cnn,3,9,2,14,0.9333,0,0,0,0,normal,Normal / Mild Pullback,False,7.0605,-1.9643,12.9717,-2.7768,17.1544,-4.8215,21.221,1.7057,16.2347,-7.6091,-7.6091
2024-07-15,13.12,94.5,547.1852,490.4897,68.6834,82.5687,50.6584,104.19,162.6718,3.13,0.92,4.23,1.96,-0.368,21.7213,,0.75,0.0,-1.354,-5.5493,1.3465,1.325,-7.0,0.0,-0.9601,-1.0,-7.0,11.445,57.7429,cnn,3,9,2,14,0.9333,0,0,0,0,normal,Normal / Mild Pullback,False,7.0674,-1.2252,16.132,-2.9865,16.9919,-5.0327,21.1632,2.386,16.3351,-7.8624,-7.8624
2024-07-16,13.19,93.87,550.4304,490.6774,68.9475,82.8981,52.9735,104.27,165.5546,3.08,0.92,4.17,1.91,-0.368,21.7213,,0.68,0.0,-1.3162,-4.549,2.1323,2.14,-21.0,-3.0,-1.2127,-3.0,-12.0,17.4044,57.0286,cnn,3,9,2,14,0.9333,0,0,0,0,normal,Normal / Mild Pullback,False,7.1898,-1.9616,14.4729,-4.047,16.2515,-4.04,22.0213,2.4874,16.3506,-8.4056,-8.4056
2024-07-17,14.48,91.0,542.7126,476.2737,68.8683,82.8028,53.616,103.75,164.8797,3.09,0.93,4.16,1.9,-0.368,21.7213,,1.63,-1.4021,-4.2131,-4.7866,1.9488,1.9142,-17.0,-2.0,-1.4907,-12.0,-16.0,19.4572,46.1143,cnn,3,9,2,14,0.9333,0,0,0,0,normal,Normal / Mild Pullback,False,8.8767,-2.8208,19.0049,-1.1007,18.0398,-2.3683,21.6166,3.7629,16.0753,-7.1031,-7.1031
2024-07-18,15.93,91.97,538.5418,474.0197,68.7274,82.612,52.6427,104.17,163.4624,3.09,0.93,4.2,1.89,-0.368,23.4432,,3.01,-2.1599,-4.6664,-4.7253,1.4246,1.3353,-15.0,-3.0,-1.0355,-2.0,-12.0,18.195,45.9429,cnn,3,9,2,14,0.9333,0,0,0,0,normal,Normal / Mild Pullback,False,9.3796,-2.5784,18.9225,-1.7461,18.986,0.0742,22.3941,5.1927,16.017,-6.3836,-6.3836
2024-07-19,16.52,94.29,534.9656,469.8181,68.6746,82.5427,52.9073,104.4,162.3633,3.09,0.93,4.25,1.93,-0.363,23.4432,,4.06,-2.8096,-5.5114,-4.4513,1.4121,1.3575,-14.0,-3.0,-1.127,0.0,-7.0,19.0557,43.0,cnn,3,9,2,14,0.9333,0,0,0,0,normal,Normal / Mild Pullback,False,9.6604,-0.8288,22.0339,-2.9308,20.757,0.9691,22.2634,6.7619,16.008,-5.7578,-5.7578
2024-07-22,14.91,94.45,540.4811,476.8174,68.9299,82.8288,53.7956,104.31,163.6456,3.05,0.93,4.26,1.96,-0.363,23.4432,,1.79,-1.8075,-4.1037,-4.8594,1.6709,1.6012,-16.0,-3.0,-1.4083,1.0,-6.0,19.8877,48.4286,cnn,3,9,2,14,0.9333,0,0,0,0,normal,Normal / Mild Pullback,False,10.2552,-1.7831,19.6817,-6.7195,23.1362,0.8943,22.2218,4.8514,15.9941,-6.7195,-6.7195
2024-07-23,14.72,95.04,539.6334,475.1367,68.9387,82.8635,54.6366,104.45,163.0671,3.02,0.93,4.25,1.96,-0.363,23.4432,,1.53,-1.9616,-4.4417,-5.2094,1.7891,1.676,-17.0,-3.0,-0.9671,0.0,-7.0,19.099,46.8571,cnn,3,9,2,14,0.9333,0,0,0,0,normal,Normal / Mild Pullback,False,10.1811,-2.1272,19.6114,-5.7117,24.4296,0.8884,22.2225,5.4726,16.0027,-6.573,-6.573
2024-07-24,18.04,94.81,527.404,458.0935,68.7186,82.5687,53.6349,104.39,161.1581,3.1,0.96,4.28,2.0,-0.363,23.4432,,3.56,-4.1833,-7.8694,-3.2864,1.333,1.218,-9.0,0.0,-1.1552,5.0,-1.0,21.7505,38.6143,cnn,3,9,2,14,0.9333,0,0,1,1,normal,Normal / Mild Pullback,False,13.1288,1.77,15.3888,-4.1701,22.5458,3.5826,20.4453,7.9275,15.2158,-4.4066,-4.4066
2024-07-25,18.46,99.08,524.6559,453.0418,68.7274,82.6034,55.0145,104.36,161.351,3.08,0.95,4.27,1.99,-0.363,31.7343,,2.53,-4.6826,-8.8854,-2.9936,1.569,1.5287,-10.0,-2.0,-1.5936,-5.0,-7.0,25.1597,39.0714,cnn,3,9,2,14,0.9333,0,0,1,1,normal,Normal / Mild Pullback,False,13.2277,0.8544,19.4279,-1.4413,26.3024,3.3079,20.5868,8.9101,15.1639,-3.9059,-3.9059
2024-07-26,16.39,97.76,530.5319,457.6881,68.9475,82.8288,55.9689,104.32,163.6552,3.1,0.95,4.2,1.93,-0.359,31.7343,,-0.13,-3.6151,-7.9509,-2.8374,1.7758,1.6657,-11.0,-1.0,-1.5013,-9.0,-10.0,24.7952,42.5429,cnn,3,9,2,14,0.9333,0,0,0,0,normal,Normal / Mild Pullback,False,13.8655,-2.1196,21.751,-2.1031,25.6078,3.2492,20.553,7.527,15.0398,-4.9702,-4.9702
2024-07-29,16.6,98.65,530.8438,458.6075,68.8859,82.7507,54.7783,104.56,163.877,3.13,0.95,4.17,1.92,-0.359,31.7343,,1.69,-3.5584,-7.766,-2.7468,1.9352,1.8285,-5.0,-1.0,-1.2374,-19.0,-16.0,17.9481,42.0714,cnn,3,9,2,14,0.9333,0,0,0,0,normal,Normal / Mild Pullback,False,13.7941,-5.0261,27.313,-2.1092,25.606,2.9426,20.5994,7.4068,15.0436,-5.0261,-5.0261
2024-07-30,17.69,100.42,528.1542,452.3102,68.9211,82.7681,55.298,104.55,164.6676,3.2,0.96,4.15,1.9,-0.359,31.7343,,2.97,-4.047,-9.0325,-1.4685,2.0073,1.9434,-1.0,2.0,-1.2748,-33.0,-26.0,20.4842,40.8,cnn,3,9,2,14,0.9333,0,0,0,0,normal,Normal / Mild Pullback,False,13.8905,-3.6624,30.6995,0.0074,27.1232,3.6089,20.455,6.9673,15.1397,-4.5424,-4.5424
2024-07-31,16.36,99.41,536.7392,465.6958,69.1677,83.0889,55.0712,104.1,165.4486,3.25,0.97,4.09,1.85,-0.359,31.7343,,-1.68,-2.4874,-6.3405,-2.0739,2.0928,1.9792,2.0,4.0,-1.5324,-34.0,-28.0,17.4712,46.8857,cnn,3,9,2,14,0.9333,0,0,0,0,normal,Normal / Mild Pullback,False,14.9018,-5.8369,22.9492,-1.2817,25.7097,1.3598,19.8883,5.484,14.8157,-6.0692,-6.0692
2024-08-01,18.59,101.82,529.1384,454.4159,69.0163,82.8927,52.6049,104.42,163.6071,3.35,1.0,3.99,1.79,-0.359,25.1969,,0.13,-3.8682,-8.609,-1.5147,1.5131,1.5008,10.0,7.0,-0.9298,-37.0,-30.0,16.2103,42.6857,cnn,3,9,2,14,0.9333,0,0,0,0,normal,Normal / Mild Pullback,False,15.644,-2.2762,33.4142,1.8526,26.0793,2.825,19.0953,6.9623,14.4785,-4.72,-4.72
2024-08-02,23.39,112.26,519.2866,443.6304,68.7862,82.6312,50.8663,103.21,160.7917,3.72,1.06,3.8,1.76,-0.358,25.1969,,7.0,-5.6581,-10.7782,-1.5404,0.874,0.7634,45.0,14.0,-1.5923,-48.0,-24.0,16.867,41.3857,cnn,3,9,2,14,0.9333,2,0,0,2,normal,Normal / Mild Pullback,False,16.6633,0.0169,31.1926,4.0176,23.4227,5.7759,17.7198,9.3285,13.8748,-2.9123,-2.9123
2024-08-05,38.57,121.22,504.1632,430.403,68.3612,82.1082,49.4677,102.69,156.993,3.93,1.12,3.78,1.71,-0.358,25.1969,,21.97,-8.4056,-13.4384,-0.9492,0.2767,0.2315,73.0,20.0,-2.2093,-50.0,-30.0,17.1738,33.0571,cnn,3,9,2,14,0.9333,6,0,1,7,normal,Normal / Mild Pullback,False,19.1908,3.0712,17.5361,8.1623,14.1581,6.7069,15.7621,12.7903,12.2744,0.2474,0.2474
2024-08-06,27.71,119.24,508.8112,434.5156,68.618,82.4307,49.5811,102.97,158.6031,3.67,1.08,3.9,1.78,-0.358,25.1969,,10.02,-7.5612,-12.6113,-1.1059,0.7705,0.6892,46.0,16.0,-2.0453,-40.0,-26.0,14.4303,19.0143,cnn,3,9,2,14,0.9333,4,0,2,6,normal,Normal / Mild Pullback,False,19.6608,3.8093,19.0075,6.9999,14.8935,5.5157,15.7054,11.4218,12.2246,-0.6684,-0.6684
2024-08-07,27.85,112.69,505.4105,429.8098,68.7508,82.5527,49.2693,103.2,157.4847,3.57,1.07,3.96,1.85,-0.358,25.1969,,11.49,-8.179,-13.5577,-1.1762,0.731,0.6465,40.0,15.0,-1.7611,-32.0,-16.0,13.1513,16.5571,cnn,3,9,2,14,0.9333,4,0,2,6,normal,Normal / Mild Pullback,False,19.0858,4.8375,15.3006,8.0901,13.0857,5.9673,15.4376,9.9727,12.8901,2.3117,2.3117
2024-08-08,23.79,110.42,517.0941,442.9581,69.034,82.8753,50.1481,103.21,160.3386,3.48,1.05,3.99,1.87,-0.358,37.4517,,5.2,-6.0564,-10.9134,-1.6218,0.782,0.6779,30.0,12.0,-1.1777,-21.0,-8.0,7.0873,17.6571,cnn,3,9,2,14,0.9333,2,0,2,4,normal,Normal / Mild Pullback,False,21.2422,4.225,12.3467,4.8186,12.2401,1.8298,15.0782,7.9415,12.1194,0.441,0.441
2024-08-09,20.37,108.26,519.3744,445.2715,69.0252,82.8578,49.9024,103.14,160.676,3.49,1.05,3.94,1.84,-0.359,37.4517,,-3.02,-5.6421,-10.4481,-1.7875,0.5106,0.3502,30.0,13.0,-0.9127,-24.0,-10.0,6.518,24.0857,cnn,3,9,2,14,0.9333,1,0,2,3,normal,Normal / Mild Pullback,False,21.1508,4.0001,12.8587,5.4673,12.5838,2.5179,15.4695,7.2361,12.1217,0.0525,0.0525
2024-08-12,20.71,118.26,519.6473,446.2303,69.0695,82.884,49.3827,103.14,159.9047,3.52,1.05,3.9,1.79,-0.359,37.4517,,-17.86,-5.5925,-10.2553,-1.8833,0.5621,0.3819,39.0,13.0,-1.0078,-33.0,-17.0,2.6477,23.8,cnn,3,9,2,14,0.9333,1,0,2,3,normal,Normal / Mild Pullback,False,21.0939,4.9393,11.0984,5.1606,12.9736,2.9103,15.5054,8.4758,12.323,1.3295,1.3295
2024-08-13,18.12,118.44,528.1932,457.3026,69.3881,83.2937,49.9875,102.56,161.7269,3.54,1.04,3.85,1.76,-0.359,37.4517,,-9.59,-4.04,-8.0285,-2.4148,0.639,0.4772,46.0,12.0,-1.64,-32.0,-15.0,-1.6641,25.5143,cnn,3,9,2,14,0.9333,0,0,1,1,normal,Normal / Mild Pullback,False,21.9632,3.0736,11.6025,3.6012,11.4099,2.284,14.8668,9.3744,12.8551,-0.31,-0.31
2024-08-14,16.19,106.34,529.8596,457.4509,69.5121,83.4855,49.8741,102.57,162.0644,3.46,1.02,3.83,1.77,-0.359,37.4517,,-11.66,-3.7372,-7.9987,-2.5238,0.9349,0.8245,37.0,9.0,-1.1373,-33.0,-13.0,-4.7228,26.4286,cnn,3,9,2,14,0.9333,0,0,1,1,normal,Normal / Mild Pullback,False,21.5555,3.1025,11.5598,2.6758,12.3459,2.8211,15.076,9.8734,12.9139,-0.6235,-0.6235
2024-08-15,15.23,103.74,538.9414,469.0075,69.574,83.564,51.0174,102.98,164.2627,3.31,0.98,3.92,1.8,-0.359,28.8889,,-8.56,-2.0873,-5.6744,-2.6735,1.2319,1.1523,22.0,5.0,-1.1424,-28.0,-9.0,-3.1593,32.3714,cnn,3,9,2,14,0.9333,0,0,1,1,normal,Normal / Mild Pullback,False,22.3382,0.5695,10.2151,0.9547,9.4101,1.6165,14.0002,8.4899,12.5226,-2.2981,-2.2981
2024-08-16,14.8,102.81,540.1497,469.6106,69.7954,83.8429,51.849,102.46,164.658,3.29,0.98,3.89,1.81,-0.368,28.8889,,-5.57,-1.8677,-5.5531,-2.3781,1.6321,1.5752,20.0,5.0,-1.8582,-36.0,-12.0,-2.9409,33.7429,cnn,3,9,2,14,0.9333,0,0,1,1,normal,Normal / Mild Pullback,False,22.2031,1.4108,12.2842,1.6904,10.348,1.5389,13.9924,8.3503,12.5215,-2.5166,-2.5166
2024-08-19,14.65,110.13,545.3144,475.7793,69.9105,83.9737,52.4443,101.89,165.9114,3.21,0.97,3.86,1.79,-0.368,28.8889,,-6.06,-0.9294,-4.3125,-2.4753,1.4225,1.3822,16.0,4.0,-2.32,-40.0,-17.0,-3.3759,39.8857,cnn,3,9,2,14,0.9333,0,0,1,1,normal,Normal / Mild Pullback,False,22.1612,0.2109,11.0276,-1.3456,14.3359,0.6183,13.6049,6.9907,12.4363,-3.4399,-3.4399
2024-08-20,15.88,111.57,544.4276,474.7809,69.8485,83.9214,51.4616,101.44,165.2558,3.25,0.98,3.82,1.75,-0.368,28.8889,,-2.24,-1.0906,-4.5133,-2.0421,1.3197,1.2767,23.0,5.0,-2.8818,-43.0,-21.0,-6.6406,44.6857,cnn,3,9,2,14,0.9333,0,0,0,0,normal,Normal / Mild Pullback,False,22.1619,0.5119,10.8812,-1.3871,14.3397,0.4833,13.6385,7.2171,12.4238,-3.2826,-3.2826
2024-08-21,16.27,111.38,546.2986,476.9954,70.0078,84.0608,51.7639,101.04,166.4128,3.27,0.98,3.79,1.72,-0.368,28.8889,,0.08,-0.7506,-4.0679,-1.6937,1.8761,1.8072,17.0,2.0,-3.2091,-49.0,-28.0,-6.8264,50.2286,cnn,3,9,2,14,0.9333,0,0,0,0,normal,Normal / Mild Pullback,False,20.4053,-0.4139,11.5525,-1.9639,14.0869,1.848,14.8443,6.1628,12.5115,-3.6139,-3.6139
2024-08-22,17.55,108.5,542.0109,469.4326,69.9193,83.9911,51.9151,101.51,165.9403,3.21,0.97,3.86,1.76,-0.368,23.6559,,2.32,-1.5296,-5.5889,-0.4382,1.7343,1.68,13.0,2.0,-2.7309,-41.0,-23.0,-8.6554,46.7714,cnn,3,9,2,14,0.9333,0,1,0,1,normal,Normal / Mild Pullback,False,20.5472,0.3829,9.7301,-2.8514,15.7894,2.4762,14.5179,5.6321,12.704,-2.8514,-2.8514
2024-08-23,15.86,105.63,547.77,474.5238,70.2911,84.4357,54.5515,100.72,168.0518,3.19,0.96,3.81,1.68,-0.378,23.6559,,1.06,-0.4833,-4.565,0.2439,1.9487,1.94,9.0,1.0,-3.4509,-39.0,-25.0,-5.5998,51.5714,cnn,3,9,2,14,0.9333,0,0,0,0,normal,Normal / Mild Pullback,False,20.513,0.2757,9.058,-2.7965,15.9262,1.6522,14.1056,4.9498,12.5623,-3.8728,-3.8728
2024-08-26,16.15,106.66,546.4642,469.917,70.1495,84.2875,54.1452,100.85,168.0229,3.15,0.96,3.82,1.67,-0.378,23.6559,,1.5,-0.7205,-5.4915,-0.6578,1.8344,1.8571,2.0,1.0,-3.5482,-35.0,-25.0,-3.9812,52.9429,cnn,3,9,2,14,0.9333,0,0,0,0,normal,Normal / Mild Pullback,False,20.561,-1.5532,17.9147,-2.1398,16.3329,2.1866,14.0703,5.5851,12.5577,-3.6431,-3.6431
2024-08-27,15.43,109.22,547.2146,471.3208,70.1938,84.3223,53.6255,100.55,168.1,3.17,0.96,3.83,1.68,-0.378,23.6559,,-0.45,-0.5842,-5.2092,-1.1555,1.8465,1.8779,-3.0,0.0,-3.8259,-32.0,-22.0,-6.4024,52.2857,cnn,3,9,2,14,0.9333,0,0,0,0,normal,Normal / Mild Pullback,False,20.4135,-1.8894,17.5335,-1.2715,17.4334,1.8214,14.1178,5.476,12.5578,-3.7752,-3.7752
2024-08-28,17.11,108.76,544.0378,465.9725,70.1583,84.3311,54.0885,101.09,167.6372,3.19,0.96,3.84,1.69,-0.378,23.6559,,0.84,-1.1614,-6.2848,-0.2416,1.4322,1.495,-6.0,-1.0,-2.8915,-25.0,-16.0,-3.1021,51.0857,cnn,3,9,2,14,0.9333,0,0,0,0,normal,Normal / Mild Pullback,False,19.8432,-1.5565,17.4539,0.1415,17.851,2.822,13.9254,6.6615,12.5115,-3.2133,-3.2133
2024-08-29,15.65,106.7,544.0865,465.2905,70.2292,84.3834,54.2397,101.34,168.2639,3.15,0.96,3.87,1.71,-0.378,26.9767,,-1.9,-1.1525,-6.422,0.5391,1.7573,1.7983,-20.0,-4.0,-2.9496,-12.0,-8.0,0.2749,56.0571,cnn,3,9,2,14,0.9333,0,0,0,0,normal,Normal / Mild Pullback,False,19.0519,-3.222,19.5448,0.6555,18.0309,2.6637,13.9552,6.9825,12.5165,-3.222,-3.222
2024-08-30,15.0,107.77,549.2803,470.8364,70.238,84.4008,54.646,101.7,169.5655,3.13,0.95,3.91,1.76,-0.39,26.9767,,-0.86,-0.2089,-5.3066,0.9376,2.1107,2.1416,-59.0,-11.0,-1.463,11.0,0.0,1.5645,60.3143,cnn,3,9,2,14,0.9333,0,0,0,0,normal,Normal / Mild Pullback,False,17.6889,-3.0638,20.4053,-0.149,17.3662,2.1005,13.6607,6.3303,12.404,-4.1371,-4.1371
2024-09-03,20.72,114.2,537.9767,456.5414,69.9889,84.0826,53.9468,101.83,167.3865,3.31,0.98,3.84,1.73,-0.39,26.9767,,4.57,-2.2625,-8.1816,1.9294,2.3811,2.4047,-62.0,-14.0,-0.8375,6.0,2.0,2.2,56.3429,cnn,3,9,2,14,0.9333,1,0,0,1,normal,Normal / Mild Pullback,False,15.7981,-0.5959,16.5343,1.9906,13.0288,3.3119,11.6548,9.1313,11.567,-2.1229,-2.1229
2024-09-04,21.32,119.15,536.8756,455.355,70.2469,84.442,53.2947,101.36,167.1455,3.35,0.99,3.77,1.7,-0.39,26.9767,,5.89,-2.4626,-8.4202,2.1893,2.3739,2.44,-32.0,-9.0,-1.5636,-13.0,-8.0,1.8711,56.6286,cnn,3,9,2,14,0.9333,2,0,0,2,normal,Normal / Mild Pullback,False,15.7441,0.6298,18.3277,1.8967,13.1163,3.5674,11.5841,9.0238,11.5816,-1.9221,-1.9221
2024-09-05,19.9,114.81,535.5699,455.7802,70.4871,84.6874,52.775,101.11,166.1235,3.29,0.99,3.73,1.7,-0.39,24.9135,,2.79,-2.6998,-8.3347,1.8543,2.5256,2.5858,-28.0,-8.0,-2.0252,-23.0,-15.0,1.0835,50.6286,cnn,3,9,2,14,0.9333,0,0,0,0,normal,Normal / Mild Pullback,False,15.4769,1.7249,18.5637,3.8882,14.8218,3.6301,11.5571,9.9685,11.5932,-1.683,-1.683
2024-09-06,22.38,107.24,526.5561,443.571,70.3981,84.5735,51.8206,101.18,164.3398,3.39,0.99,3.72,1.69,-0.401,24.9135,,6.73,-4.3374,-10.7901,3.1575,1.976,2.0491,-9.0,-6.0,-1.9669,-27.0,-18.0,1.4783,39.3429,cnn,3,9,2,14,0.9333,2,0,1,3,normal,Normal / Mild Pullback,False,15.0623,4.0066,4.7543,5.4839,10.0393,6.362,9.4559,12.0515,10.9291,1.1196,1.1196
2024-09-09,19.45,104.61,532.4515,449.2752,70.5671,84.7575,52.227,101.55,165.9307,3.36,0.99,3.7,1.66,-0.401,24.9135,,4.45,-3.2663,-9.6429,3.2956,2.2339,2.2927,-13.0,-6.0,-1.5416,-24.0,-18.0,2.0878,41.9714,cnn,3,9,2,14,0.9333,0,0,0,0,normal,Normal / Mild Pullback,False,15.4565,3.0069,5.4532,4.5767,9.5686,4.2334,9.8862,10.8622,10.7614,0.4356,0.4356
2024-09-10,19.08,108.36,534.7708,453.4273,70.4337,84.5735,51.7734,101.63,166.0271,3.46,1.01,3.65,1.63,-0.401,24.9135,,-1.64,-2.845,-8.8079,3.4088,1.9752,2.0384,-6.0,-4.0,-1.464,-25.0,-16.0,1.8762,39.6857,cnn,3,9,2,14,0.9333,0,0,1,1,normal,Normal / Mild Pullback,False,15.4911,2.6021,6.7369,4.4211,9.6034,4.7629,10.1994,11.0669,10.7872,1.0259,1.0259
2024-09-11,17.69,103.79,540.257,463.2737,70.5405,84.7137,51.1686,101.68,166.1042,3.44,1.01,3.65,1.61,-0.401,24.9135,,-3.63,-1.8483,-6.8276,3.1259,1.6607,1.7048,-10.0,-3.0,-0.858,-20.0,-15.0,0.0772,43.0857,cnn,3,9,2,14,0.9333,0,0,0,0,normal,Normal / Mild Pullback,False,14.8405,1.259,6.9808,3.1327,9.4964,4.4173,9.9245,9.7581,10.6631,0.8423,0.8423
2024-09-12,17.07,98.03,544.8077,467.8212,70.6383,84.8102,51.3671,101.37,167.1358,3.39,0.99,3.68,1.63,-0.401,30.9524,,-2.83,-1.0215,-5.913,2.97,1.6201,1.5867,-7.0,-3.0,-1.1699,-15.0,-14.0,0.1677,42.9714,cnn,3,9,2,14,0.9333,0,0,0,0,normal,Normal / Mild Pullback,False,15.0502,2.1267,12.1944,2.6767,9.0537,3.3639,9.7315,9.0476,10.5679,0.4132,0.4132
2024-09-13,16.56,100.6,547.6531,469.917,70.834,85.0643,52.7467,101.11,168.7363,3.37,0.99,3.66,1.58,-0.411,30.9524,,-5.82,-0.5046,-5.4915,3.4215,1.811,1.7955,6.0,1.0,-1.8159,-26.0,-22.0,1.7448,48.6286,cnn,3,9,2,14,0.9333,0,0,0,0,normal,Normal / Mild Pullback,False,13.9555,1.4204,12.8151,1.9951,9.1417,3.4426,9.7721,7.9224,10.6237,-0.1085,-0.1085
2024-09-16,17.14,101.22,548.4619,467.841,71.0119,85.2396,53.427,100.76,169.9608,3.32,0.98,3.63,1.54,-0.411,30.9524,,-2.31,-0.3576,-5.909,3.6731,1.743,1.6659,3.0,0.0,-1.6592,-26.0,-27.0,1.4819,50.3143,cnn,3,9,2,14,0.9333,0,0,0,0,normal,Normal / Mild Pullback,False,13.9479,1.5239,12.768,2.2528,9.1907,4.1348,10.0357,7.4282,10.6615,-0.2558,-0.2558
2024-09-17,17.61,101.58,548.6859,468.0882,71.0297,85.2922,53.8712,100.89,170.2115,3.25,0.97,3.65,1.53,-0.411,30.9524,,-1.47,-0.3169,-5.8593,3.513,1.601,1.5702,4.0,0.0,-0.9815,-21.0,-26.0,2.0895,54.6286,cnn,3,9,2,14,0.9333,0,0,0,0,normal,Normal / Mild Pullback,False,13.5584,1.7728,12.5687,1.2954,10.7868,3.2835,10.6172,8.2145,10.743,-0.2966,-0.2966
2024-09-18,18.23,98.61,547.0587,466.0615,71.092,85.3886,54.1074,100.6,169.8933,3.21,0.95,3.7,1.58,-0.411,30.9524,,0.54,-0.6125,-6.2669,2.7957,1.7802,1.7484,-4.0,-3.0,-0.8281,-12.0,-17.0,4.6357,55.1714,cnn,3,9,2,14,0.9333,0,0,0,0,normal,Normal / Mild Pullback,False,13.5925,1.8504,12.3304,1.6396,10.5436,4.041,10.515,7.9771,10.7897,1.4502,1.4502
2024-09-19,16.33,92.64,556.394,477.8456,71.3055,85.5727,55.6382,100.61,171.7059,3.1,0.93,3.73,1.56,-0.411,26.4026,,-0.74,0.0,-3.8969,3.253,1.8535,1.7985,-17.0,-5.0,-0.4256,-6.0,-16.0,5.5343,63.8,cnn,3,9,2,14,0.9333,0,0,0,0,normal,Normal / Mild Pullback,False,14.8183,0.5386,4.5004,-0.2484,6.2588,2.3041,8.9196,6.1444,10.2885,-0.2519,-0.2519
2024-09-20,16.15,91.0,555.4321,476.936,71.3944,85.6691,54.5137,100.72,171.0792,3.15,0.93,3.73,1.58,-0.419,26.4026,,-0.41,-0.1729,-4.0798,3.5731,2.1097,1.9979,-6.0,-4.0,-0.7782,-13.0,-18.0,2.4681,61.2,cnn,3,9,2,14,0.9333,0,0,0,0,normal,Normal / Mild Pullback,False,14.4915,0.5667,4.3939,0.8324,7.7135,2.8755,8.9011,6.7822,10.294,-0.0792,-0.0792
2024-09-23,15.89,93.87,556.8201,478.2002,71.261,85.5113,54.0781,100.92,171.9552,3.15,0.92,3.75,1.58,-0.419,26.4026,,-1.25,0.0,-3.8256,3.8809,1.3798,1.2739,-4.0,-4.0,0.1986,-6.0,-10.0,-2.4791,63.8571,cnn,3,9,2,14,0.9333,0,0,0,0,normal,Normal / Mild Pullback,False,14.0764,0.7179,4.7992,-0.3282,9.0812,2.4505,8.9556,6.0772,10.3448,-0.3282,-0.3282
2024-09-24,15.39,93.3,558.4133,480.5069,71.2699,85.5552,53.3456,100.37,172.2069,3.21,0.92,3.74,1.55,-0.419,26.4026,,-2.22,0.0,-3.3617,3.2524,1.5971,1.504,6.0,-4.0,-0.476,-8.0,-12.0,-3.585,66.4286,cnn,3,9,2,14,0.9333,0,0,0,0,normal,Normal / Mild Pullback,False,14.0393,-0.4691,8.5186,0.3273,10.2468,2.104,8.9538,2.6221,12.156,-0.6126,-0.6126
2024-09-25,15.41,91.64,557.1816,480.9524,71.1898,85.4587,52.5466,100.92,171.1422,3.19,0.92,3.79,1.61,-0.419,26.4026,,-2.82,-0.2206,-3.2721,3.8936,1.419,1.3477,2.0,-4.0,0.368,-4.0,-7.0,-3.7648,65.7429,cnn,3,9,2,14,0.9333,0,0,0,0,normal,Normal / Mild Pullback,False,14.0881,-0.207,8.4766,1.2455,10.6292,1.3946,9.6074,2.8173,12.1446,-0.3929,-0.3929
2024-09-26,15.37,90.14,559.3907,484.5658,71.3055,85.4938,53.1268,100.56,172.5747,3.14,0.92,3.79,1.63,-0.419,23.6842,,-0.96,0.0,-2.5454,4.5833,1.6351,1.3788,-5.0,-4.0,-0.5243,-5.0,-6.0,-4.4738,70.7429,cnn,3,9,2,14,0.9333,0,0,0,0,normal,Normal / Mild Pullback,False,13.8931,-0.7828,7.5404,0.6692,10.6066,1.2127,9.5475,3.6414,12.3511,-0.7863,-0.7863
2024-09-27,16.96,92.53,558.5795,481.8731,71.4834,85.7129,53.1934,100.42,173.1942,3.14,0.92,3.75,1.6,-0.426,23.6842,,0.81,-0.145,-3.0869,5.5351,1.7859,1.5756,-1.0,-4.0,-0.9078,-12.0,-11.0,-4.4736,67.3143,cnn,3,9,2,14,0.9333,0,0,0,0,normal,Normal / Mild Pullback,False,13.9235,0.2642,10.6768,1.4191,10.8433,1.3246,9.5239,4.4134,12.3922,-0.6422,-0.6422
2024-09-30,16.73,94.61,560.8177,483.1798,71.43,85.7129,53.8402,100.78,173.4168,3.03,0.92,3.81,1.63,-0.426,23.6842,,0.84,0.0,-2.8241,5.9012,1.6971,1.5546,-10.0,-3.0,-0.9046,-10.0,-13.0,-3.5014,73.6857,cnn,3,9,2,14,0.9333,0,0,0,0,normal,Normal / Mild Pullback,False,13.6268,-1.0387,11.959,1.8405,11.3102,1.2323,9.4869,5.1526,12.5552,-1.0387,-1.0387
2024-10-01,19.26,104.14,555.7938,476.448,71.3942,85.6759,52.0424,101.19,172.4972,3.07,0.92,3.74,1.55,-0.426,23.6842,,3.87,-0.8958,-4.178,6.2068,2.0079,1.8949,-24.0,-6.0,-0.6285,-10.0,-18.0,-6.6226,70.3143,cnn,3,9,2,14,0.9333,0,0,0,0,normal,Normal / Mild Pullback,False,11.6601,0.8002,12.3918,1.9626,11.0009,2.3126,8.7828,6.1102,12.3882,-0.1442,-0.1442
2024-10-02,18.9,102.17,556.0283,477.1211,71.4032,85.6671,51.9282,101.68,172.3134,3.06,0.91,3.79,1.58,-0.426,23.6842,,3.49,-0.854,-4.0426,6.3335,1.646,1.4508,-29.0,-8.0,0.3157,2.0,-12.0,-5.9203,70.5714,cnn,3,9,2,14,0.9333,0,0,0,0,normal,Normal / Mild Pullback,False,11.5888,1.4556,12.8512,2.3626,11.0248,1.9601,8.905,4.949,12.6129,-0.1863,-0.1863
2024-10-03,20.49,101.16,555.0118,476.7647,71.2334,85.5173,52.0519,101.99,171.5003,3.04,0.9,3.85,1.64,-0.426,27.2727,,5.12,-1.0353,-4.1143,6.1991,1.0587,0.9799,-25.0,-9.0,0.8703,12.0,-6.0,-4.8252,69.4286,cnn,3,9,2,14,0.9333,2,0,0,2,normal,Normal / Mild Pullback,False,11.5616,1.4635,12.8332,2.5589,10.8629,0.1444,11.5466,3.9413,12.8517,-0.0035,-0.0035
2024-10-04,19.21,100.15,560.0555,482.4374,71.1529,85.438,53.1173,102.52,172.8457,2.89,0.87,3.98,1.75,-0.43,27.2727,,2.25,-0.1359,-2.9734,3.9012,1.0721,1.0222,-50.0,-12.0,1.3244,26.0,6.0,-3.6289,71.4,cnn,3,9,2,14,0.9333,0,0,0,0,normal,Normal / Mild Pullback,False,9.4952,1.1519,12.069,2.0262,10.287,-0.3386,11.1696,2.6306,12.7602,-0.904,-0.904
2024-10-07,22.64,124.23,554.9923,477.2697,70.849,85.0238,52.8795,102.54,171.5003,2.95,0.86,4.03,1.76,-0.43,27.2727,,5.91,-1.0387,-4.0127,3.7759,0.3994,0.3141,-41.0,-13.0,0.9749,33.0,10.0,-2.8628,70.8286,cnn,3,9,2,14,0.9333,3,0,0,3,normal,Normal / Mild Pullback,False,9.916,2.9095,6.956,2.7879,8.578,0.354,10.6973,3.3124,12.6207,0.1479,0.1479
2024-10-08,21.42,123.77,560.2411,484.3975,71.0188,85.2,52.7178,102.55,171.9068,2.99,0.87,4.04,1.77,-0.43,27.2727,,2.16,-0.1028,-2.5792,3.2144,0.8307,0.7408,-47.0,-14.0,0.9053,39.0,14.0,-2.8052,71.1714,cnn,3,9,2,14,0.9333,2,0,0,2,normal,Normal / Mild Pullback,False,10.2308,1.1532,10.8612,1.7708,7.8355,0.6159,11.0305,3.6241,12.7258,-0.7903,-0.7903
2024-10-09,20.86,122.39,564.1216,488.209,70.9741,85.1119,53.4027,102.93,173.0877,2.94,0.85,4.06,1.77,-0.43,27.2727,,1.96,0.0,-1.8127,2.0128,0.6148,0.47,-50.0,-16.0,1.2293,41.0,16.0,-0.0491,71.1429,cnn,3,9,2,14,0.9333,2,0,0,2,normal,Normal / Mild Pullback,False,9.9536,0.8941,10.3142,0.1473,8.9563,2.4084,13.8513,3.5041,12.7034,-1.4728,-1.4728
2024-10-10,20.93,116.56,563.1343,487.6545,70.9384,85.1031,53.3551,102.99,172.4392,2.99,0.84,4.09,1.76,-0.43,20.5534,,0.44,-0.175,-1.9242,0.7921,0.4248,0.3454,-40.0,-15.0,1.5981,41.0,13.0,0.4899,70.2857,cnn,3,9,2,14,0.9333,1,0,0,1,normal,Normal / Mild Pullback,False,9.7608,1.0796,9.9954,0.5398,8.9394,3.3812,13.9909,2.5135,12.9295,-1.3,-1.3
2024-10-11,20.46,118.47,566.5065,488.4168,71.1261,85.297,55.2005,102.89,174.1331,2.98,0.84,4.08,1.75,-0.434,20.5534,,1.25,0.0,-1.7709,1.2693,0.4124,0.2735,-39.0,-15.0,1.7605,42.0,17.0,1.1693,71.6571,cnn,3,9,2,14,0.9333,1,0,0,1,normal,Normal / Mild Pullback,False,9.8014,0.8644,9.5881,-0.0932,8.4115,3.211,13.9357,2.0522,12.8797,-1.8876,-1.8876
2024-10-14,19.7,118.47,571.1396,492.5153,71.1618,85.3499,55.6381,103.3,175.4108,2.97,0.84,4.08,1.75,-0.434,20.5534,,-2.94,0.0,-0.9466,1.1934,0.2111,0.1293,-35.0,-14.0,2.5208,45.0,21.0,0.0035,74.2286,cnn,3,9,2,14,0.9333,0,0,0,0,normal,Normal / Mild Pullback,False,10.0652,-0.1181,7.8101,-0.5973,7.3393,2.4713,13.7185,-0.3211,13.17,-2.6834,-2.6834
2024-10-15,20.64,127.23,566.702,485.932,71.1439,85.3499,56.2469,103.26,174.6171,2.93,0.83,4.03,1.75,-0.434,20.5534,,-0.78,-0.777,-2.2706,1.7673,0.1608,0.0676,-32.0,-14.0,2.3491,38.0,22.0,1.0907,71.1429,cnn,3,9,2,14,0.9333,2,0,0,2,normal,Normal / Mild Pullback,False,10.6438,0.6106,4.2839,0.3433,6.1836,2.9529,13.407,0.6152,13.0741,-1.9214,-1.9214
2024-10-16,19.58,121.86,569.1652,485.9914,71.2691,85.5261,57.0174,103.59,175.798,2.9,0.83,4.02,1.75,-0.434,20.5534,,-1.28,-0.3457,-2.2587,2.2134,0.2492,0.161,-31.0,-12.0,2.9722,32.0,17.0,1.2853,69.0286,cnn,3,9,2,14,0.9333,1,0,0,1,normal,Normal / Mild Pullback,False,10.5403,-0.7402,7.5698,-0.3933,5.9527,2.5571,13.3668,0.3176,13.0472,-2.3459,-2.3459
2024-10-17,19.11,122.14,569.214,486.3279,71.1618,85.3146,57.512,103.83,175.5173,2.89,0.83,4.09,1.79,-0.434,25.3788,,-1.82,-0.3372,-2.191,0.9103,-0.2015,-0.3016,-21.0,-10.0,3.2005,36.0,23.0,1.0398,68.5714,cnn,3,9,2,14,0.9333,1,1,0,2,normal,Normal / Mild Pullback,False,8.9213,-0.534,7.9737,-2.3542,11.3895,1.8889,13.6417,2.1336,13.5572,-2.3542,-2.3542
2024-10-18,18.03,123.13,571.4035,489.5157,71.3317,85.5614,56.732,103.49,176.0399,2.88,0.83,4.08,1.77,-0.439,25.3788,,-2.43,0.0,-1.5499,0.1778,-0.0879,-0.1258,-27.0,-10.0,2.7502,35.0,19.0,1.1604,72.4286,cnn,3,9,2,14,0.9333,1,0,0,1,normal,Normal / Mild Pullback,False,8.9018,-0.9494,6.8203,-2.3179,11.4479,0.1984,14.4388,1.5466,13.5454,-2.7284,-2.7284
2024-10-21,18.37,128.95,570.4652,490.4562,71.0456,85.2177,55.0673,104.01,174.5396,2.88,0.85,4.19,1.88,-0.439,25.3788,,-1.33,-0.1642,-1.3607,-0.8149,-0.3022,-0.3434,-27.0,-7.0,3.0618,44.0,30.0,-0.6063,69.8,cnn,3,9,2,14,0.9333,1,1,0,2,normal,Normal / Mild Pullback,False,8.9572,-0.4797,7.7052,-2.368,11.442,0.7745,14.4903,2.7348,13.6848,-2.5684,-2.5684
2024-10-22,18.2,129.26,570.1622,490.9908,70.9473,85.0679,55.7617,104.08,173.7556,2.92,0.85,4.2,1.87,-0.439,25.3788,,-2.44,-0.2172,-1.2532,-1.2837,-0.4526,-0.5696,-29.0,-7.0,3.6963,46.0,32.0,2.3753,70.3714,cnn,3,9,2,14,0.9333,1,1,0,2,normal,Normal / Mild Pullback,False,8.956,-0.2657,7.9285,-1.1349,13.5544,1.1966,14.5311,3.7303,13.7975,-2.5166,-2.5166
2024-10-23,19.24,129.05,564.9523,483.4669,70.7328,84.7859,55.7998,104.43,173.1845,2.95,0.86,4.24,1.93,-0.439,25.3788,,-0.34,-1.129,-2.7664,-1.6782,-0.642,-0.7874,-24.0,-6.0,3.478,45.0,32.0,4.7305,63.2,cnn,3,9,2,14,0.9333,1,1,0,2,normal,Normal / Mild Pullback,False,9.6054,0.3495,3.8622,2.2578,17.8531,2.1644,14.0673,5.2754,13.6817,-1.6176,-1.6176
2024-10-24,19.08,127.48,566.1742,487.3872,70.9384,85.0502,56.0852,104.06,173.2232,2.93,0.86,4.21,1.91,-0.439,29.918,,-0.03,-0.9152,-1.9779,-0.7441,-0.5148,-0.5188,-21.0,-6.0,3.4805,42.0,28.0,4.3036,62.9429,cnn,3,9,2,14,0.9333,1,1,0,2,normal,Normal / Mild Pullback,False,9.5456,-1.83,14.7464,2.8261,18.0623,2.4912,14.1456,5.6215,13.7115,-1.83,-1.83
2024-10-25,20.33,128.4,565.9786,490.3572,70.8669,84.918,55.0769,104.26,172.4005,2.89,0.85,4.25,1.96,-0.444,29.918,,2.3,-0.9494,-1.3806,-1.4843,-0.8625,-0.9274,-25.0,-7.0,3.8239,50.0,36.0,2.1872,58.7429,cnn,3,9,2,14,0.9333,2,1,0,3,normal,Normal / Mild Pullback,False,9.5218,-1.3816,15.721,3.3072,17.9875,2.8444,14.1475,5.3496,13.7318,-1.7961,-1.7961
2024-10-28,19.8,130.92,567.7285,490.4364,71.0456,85.1648,56.6559,104.32,173.3781,2.82,0.84,4.28,1.99,-0.444,29.918,,1.43,-0.6432,-1.3647,-1.3727,-0.5381,-0.6395,-21.0,-8.0,3.5126,47.0,36.0,3.9488,60.8571,cnn,3,9,2,14,0.9333,1,1,0,2,normal,Normal / Mild Pullback,False,9.4848,-1.8973,14.9074,3.0869,18.0249,2.8752,14.1526,3.5393,14.0676,-2.0987,-2.0987
2024-10-29,19.34,131.87,568.6472,495.1487,71.0635,85.1912,56.323,104.28,172.8554,2.85,0.84,4.28,1.98,-0.444,29.918,,1.14,-0.4824,-0.417,-2.3818,-0.4633,-0.5657,-22.0,-8.0,3.0537,54.0,43.0,5.7789,60.0571,cnn,3,9,2,14,0.9333,1,1,0,2,normal,Normal / Mild Pullback,False,8.7839,-0.8715,18.6594,2.6007,18.2839,3.2453,14.2166,4.2602,14.161,-2.2569,-2.2569
2024-10-30,20.35,130.8,566.9268,491.4066,70.9384,85.0238,56.8937,103.99,172.4779,2.8,0.84,4.29,1.95,-0.444,29.918,,1.11,-0.7835,-1.1696,-2.3996,-0.6509,-0.751,-26.0,-7.0,2.2718,50.0,37.0,7.456,57.2,cnn,3,9,2,14,0.9333,2,0,0,2,normal,Normal / Mild Pullback,False,8.9066,1.9017,26.2181,2.962,18.0664,3.2448,14.2168,4.1078,14.1806,-1.9603,-1.9603
2024-10-31,23.16,135.18,555.8134,479.0021,70.7417,84.8652,56.0757,103.98,170.6388,2.88,0.86,4.28,1.95,-0.444,30.9013,,4.08,-2.7284,-3.6643,-1.4731,-0.6902,-0.7626,-16.0,-4.0,1.9512,43.0,31.0,7.5749,40.4571,cnn,3,9,2,14,0.9333,2,0,0,2,normal,Normal / Mild Pullback,False,11.5068,4.7429,15.8744,4.3454,14.1949,5.9633,11.8208,6.7593,13.5529,0.2057,0.2057
2024-11-01,21.88,132.58,558.1592,482.5462,70.7462,84.8395,55.7808,104.28,170.7453,2.83,0.86,4.37,2.04,-0.45,30.9013,,1.55,-2.3179,-2.9515,-1.3443,-0.5716,-0.7005,-6.0,-1.0,1.7167,39.0,29.0,5.3711,50.4857,cnn,3,9,2,14,0.9333,2,0,0,2,normal,Normal / Mild Pullback,False,11.1258,4.7545,15.8524,2.576,16.6015,5.7071,11.8163,5.7449,13.6001,-0.2154,-0.2154
2024-11-04,21.98,136.25,556.9568,481.1405,70.9438,85.0521,55.2956,103.89,170.9486,2.87,0.86,4.31,2.03,-0.45,30.9013,,2.18,-2.5283,-3.2343,-0.7859,0.1339,0.0334,-8.0,0.0,1.3166,28.0,27.0,4.2003,42.4286,cnn,3,9,2,14,0.9333,2,0,0,2,normal,Normal / Mild Pullback,False,10.6542,5.0807,14.5373,3.2186,16.4013,5.9845,11.7074,5.26,13.6771,1.2092,1.2092
2024-11-05,20.49,130.43,563.6915,487.2784,71.1415,85.2648,56.2469,103.42,172.9425,2.86,0.84,4.26,1.99,-0.45,30.9013,,1.15,-1.3497,-1.9998,-0.2971,0.1727,0.0761,-13.0,-3.0,0.8484,22.0,22.0,6.0413,43.5429,cnn,3,9,2,14,0.9333,2,0,0,2,normal,Normal / Mild Pullback,False,10.9934,3.5027,16.9273,2.3583,15.6578,5.3685,11.2807,4.7001,13.534,1.5693,0.996
2024-11-06,16.27,117.64,577.708,500.5144,71.2673,85.4598,63.7902,105.09,177.0369,2.74,0.8,4.42,2.04,-0.45,30.9013,,-4.08,0.0,0.0,0.0843,0.413,0.4087,-20.0,-5.0,2.0985,36.0,27.0,16.6421,44.0,cnn,3,9,2,14,0.9333,0,0,0,0,normal,Normal / Mild Pullback,False,13.8851,1.0405,6.5164,-0.0914,9.5642,2.6428,7.8245,2.574,12.6152,-0.895,-1.4544
2024-11-07,15.2,104.08,582.1749,508.3947,71.5727,85.8319,61.4787,104.51,177.2111,2.73,0.78,4.31,1.98,-0.45,27.5735,,-7.96,0.0,0.0,-0.4799,0.8942,0.8564,-26.0,-6.0,1.4759,22.0,22.0,11.457,59.0571,cnn,3,9,2,14,0.9333,0,0,0,0,normal,Normal / Mild Pullback,False,14.0227,-0.3794,6.5562,-0.3257,9.0892,2.0483,7.4576,2.1408,12.5405,-1.6554,-2.2106
2024-11-08,14.94,99.85,584.6968,508.9886,71.6895,86.018,61.8117,105.0,178.1985,2.63,0.77,4.3,1.95,-0.458,27.5735,,-6.94,0.0,0.0,-0.0055,0.7921,0.8453,-35.0,-7.0,2.0507,22.0,20.0,8.4929,59.4286,cnn,3,9,2,14,0.9333,0,0,0,0,normal,Normal / Mild Pullback,False,13.9677,-2.0796,9.06,-0.448,8.9329,1.0849,7.6569,0.7693,12.6632,-2.0796,-2.6323
2024-11-11,14.97,99.85,585.2539,508.6916,71.6086,85.9649,63.7236,105.54,179.089,2.63,0.77,4.3,1.95,-0.458,27.5735,,-7.01,0.0,-0.0584,0.382,0.6279,0.7206,-34.0,-7.0,2.1684,22.0,20.0,11.7703,66.6,cnn,3,9,2,14,0.9333,0,0,0,0,normal,Normal / Mild Pullback,False,13.7514,-1.772,10.3641,-0.2054,9.1214,0.6747,7.7631,1.3571,12.7352,-2.1728,-2.725
2024-11-12,14.71,108.55,583.4359,507.771,71.3212,85.5484,63.3527,106.02,177.7242,2.61,0.77,4.43,2.08,-0.458,27.5735,,-5.78,-0.3106,-0.2392,0.1208,0.2491,0.2326,-32.0,-6.0,2.6729,40.0,33.0,9.4027,66.7143,cnn,3,9,2,14,0.9333,0,0,0,0,normal,Normal / Mild Pullback,False,13.4416,-1.1057,11.5933,0.6282,9.333,1.7691,8.0689,1.7503,12.7166,-1.868,-2.4219
2024-11-13,14.02,102.08,583.7192,507.1176,71.3391,85.6104,62.9627,106.48,177.821,2.64,0.78,4.44,2.09,-0.458,27.5735,,-2.25,-0.2622,-0.3676,0.3604,0.0982,0.0986,-26.0,-5.0,2.7899,42.0,34.0,7.6738,66.3143,cnn,3,9,2,14,0.9333,0,0,0,0,normal,Normal / Mild Pullback,False,13.4026,-1.1202,11.5721,0.2746,9.5134,1.1956,8.3498,1.3732,12.7369,-1.9156,-2.4693
2024-11-14,14.31,99.43,579.9659,503.5932,71.1864,85.4332,62.6202,106.67,176.3981,2.6,0.8,4.43,2.1,-0.458,28.3489,,-0.89,-0.9035,-1.06,-0.153,0.0345,0.139,-29.0,-3.0,2.7352,34.0,31.0,6.8634,60.3143,cnn,3,9,2,14,0.9333,0,0,0,0,normal,Normal / Mild Pullback,False,13.6774,0.0539,11.9042,1.5505,9.12,1.8303,7.9347,3.1065,12.8308,-1.2808,-1.8381
2024-11-15,16.14,102.47,572.5374,491.5947,71.1774,85.3889,62.6297,106.69,175.1397,2.72,0.8,4.43,2.1,-0.465,28.3489,,1.2,-2.1728,-3.4173,-0.0836,-0.2162,-0.2016,-16.0,-3.0,3.0921,35.0,33.0,10.1771,51.2,cnn,3,9,2,14,0.9333,0,1,0,1,normal,Normal / Mild Pullback,False,14.4679,1.6662,2.9457,3.0525,4.3421,3.592,6.1033,4.4391,12.5242,0.4097,-0.5645
2024-11-18,15.58,102.01,574.8832,495.0101,71.3122,85.5307,62.5156,106.28,175.8463,2.72,0.8,4.42,2.08,-0.465,28.3489,,0.61,-1.772,-2.7463,-0.2969,0.3752,0.3673,-16.0,-5.0,2.1825,23.0,20.0,12.6532,50.2857,cnn,3,9,2,14,0.9333,0,0,0,0,normal,Normal / Mild Pullback,False,14.5176,1.5948,2.8692,2.6796,4.4687,2.7442,6.379,4.3183,12.5131,0.3656,-0.9702
2024-11-19,16.35,105.12,576.9847,498.4156,71.42,85.6724,62.1541,106.21,175.3721,2.69,0.8,4.39,2.05,-0.465,28.3489,,1.64,-1.4129,-2.0773,-1.1471,0.6662,0.7107,-23.0,-5.0,2.0465,19.0,18.0,10.1456,49.5143,cnn,3,9,2,14,0.9333,0,0,0,0,normal,Normal / Mild Pullback,False,14.557,1.7533,3.2263,2.9409,4.7986,-0.681,12.8411,4.1831,12.5029,-0.681,-1.3309
2024-11-20,17.16,106.69,577.1802,498.1285,71.402,85.6193,61.9829,106.68,175.9625,2.67,0.81,4.41,2.06,-0.465,28.3489,,3.14,-1.3795,-2.1337,-0.7573,0.9462,0.983,-28.0,-5.0,2.1546,17.0,13.0,8.7275,49.5143,cnn,3,9,2,14,0.9333,0,0,0,0,normal,Normal / Mild Pullback,False,14.0945,1.4107,5.4296,2.7367,5.1833,-0.7451,12.8386,3.7145,12.5423,-0.7451,-1.3643
2024-11-21,16.87,101.9,580.2787,499.9204,71.429,85.6459,62.9056,106.97,178.1791,2.61,0.81,4.43,2.09,-0.465,33.2258,,2.56,-0.8501,-1.7816,-0.3497,0.6916,0.7003,-32.0,-5.0,2.7965,22.0,18.0,9.4346,56.6,cnn,3,9,2,14,0.9333,0,0,0,0,normal,Normal / Mild Pullback,False,14.172,1.4958,5.7038,2.3818,4.9741,-0.0893,13.4276,1.3963,13.0233,-1.2751,-1.891
2024-11-22,15.24,99.14,582.0772,500.7223,71.411,85.6459,64.4846,107.49,179.5826,2.61,0.8,4.41,2.07,-0.47,33.2258,,-0.9,-0.5428,-1.6241,-0.239,0.7678,0.8571,-28.0,-5.0,3.098,16.0,11.0,13.843,60.7143,cnn,3,9,2,14,0.9333,0,1,0,1,normal,Normal / Mild Pullback,False,14.1728,1.3635,5.7606,1.5399,6.2047,0.1984,13.555,0.623,13.0459,-1.5802,-2.1941
2024-11-25,14.6,99.96,584.0516,501.5143,71.6805,85.9915,65.5405,106.82,181.2088,2.64,0.8,4.27,1.98,-0.47,33.2258,,-0.98,-0.2054,-1.4685,0.5043,0.8936,0.9707,-18.0,-4.0,2.3965,-1.0,-1.0,12.4486,62.8857,cnn,3,9,2,14,0.9333,0,0,0,0,normal,Normal / Mild Pullback,False,14.1778,1.0677,5.9155,0.882,6.5102,0.9696,14.0652,-0.2159,13.0687,-1.9129,-2.5248
2024-11-26,14.1,99.18,587.1013,504.207,71.5458,85.8319,64.8366,107.01,181.2281,2.68,0.81,4.3,2.02,-0.47,33.2258,,-2.25,0.0,-0.9394,-0.79,0.6786,0.7521,-17.0,-3.0,2.618,2.0,4.0,11.4973,65.9143,cnn,3,9,2,14,0.9333,0,0,0,0,normal,Normal / Mild Pullback,False,14.2408,1.1671,6.2688,1.1338,7.0706,0.4518,13.9541,-0.6841,13.0236,-2.4224,-3.0311
2024-11-27,14.1,97.74,585.3223,500.2372,71.7613,86.0801,64.6273,106.08,181.0539,2.69,0.82,4.25,1.99,-0.47,33.2258,,-3.06,-0.303,-1.7194,-0.6445,1.1601,1.2423,-11.0,-2.0,2.0098,-4.0,4.0,10.023,64.4,cnn,3,9,2,14,0.9333,0,0,0,0,normal,Normal / Mild Pullback,False,14.241,1.3076,5.5592,0.9185,7.4904,-0.3035,14.4368,-1.9723,13.4175,-2.1258,-2.7364
2024-11-29,13.51,95.22,588.9583,504.6327,71.9051,86.275,64.4276,105.74,181.6056,2.72,0.82,4.18,1.92,-0.474,38.6454,,-3.36,0.0,-0.8558,-0.59,1.6446,1.6613,-16.0,-4.0,1.6926,-10.0,-3.0,8.4281,65.0,cnn,3,9,2,14,0.9333,0,0,0,0,normal,Normal / Mild Pullback,False,11.8884,0.873,4.5549,0.2755,6.8925,-2.0497,14.7656,-1.0572,13.7418,-2.7301,-3.3369
2024-12-02,13.34,97.81,590.014,510.1271,71.8789,86.234,63.8188,106.45,181.1507,2.68,0.81,4.19,1.93,-0.474,38.6454,,-1.9,0.0,0.0,-1.6262,1.6011,1.6438,-15.0,-5.0,2.0809,-18.0,-11.0,8.233,65.3143,cnn,3,9,2,14,0.9333,0,0,0,0,normal,Normal / Mild Pullback,False,11.8846,0.174,6.6826,0.5235,7.1513,-2.5806,14.7537,-2.9646,14.1943,-2.9041,-3.5098
2024-12-03,13.3,95.6,590.2877,511.6912,71.8789,86.2519,63.2575,106.37,180.3473,2.66,0.8,4.23,1.95,-0.474,38.6454,,-1.3,0.0,0.0,-1.9609,1.3181,1.4106,-21.0,-6.0,2.3871,-8.0,-8.0,7.9392,59.5714,cnn,3,9,2,14,0.9333,0,0,0,0,normal,Normal / Mild Pullback,False,11.7755,-0.1838,7.1124,0.0629,7.5237,-2.865,14.7436,-4.1577,14.3836,-2.9491,-4.1577
2024-12-04,13.45,92.25,593.9531,518.0173,72.0504,86.4389,63.4573,106.34,180.357,2.66,0.8,4.19,1.9,-0.474,38.6454,,-0.65,0.0,0.0,-2.1931,1.2776,1.377,-20.0,-4.0,2.8234,-7.0,-9.0,7.0711,57.4857,cnn,3,9,2,14,0.9333,0,0,0,0,normal,Normal / Mild Pullback,False,11.3463,-0.0329,8.0136,-3.5184,16.3185,-2.2575,15.327,-3.7254,14.5048,-3.548,-4.7491
2024-12-05,13.54,91.48,592.9756,516.5817,71.9872,86.3677,63.1339,105.71,179.4568,2.66,0.81,4.17,1.92,-0.474,30.6667,,-0.56,-0.1646,-0.2771,-1.5665,1.0102,1.0624,-8.0,1.0,0.59,-25.0,-12.0,-3.5772,54.9143,cnn,3,9,2,14,0.9333,0,0,0,0,normal,Normal / Mild Pullback,False,7.8109,-0.3841,8.8017,-3.3891,16.3767,-1.5324,15.518,-5.2785,14.9301,-3.3891,-5.2785
2024-12-06,12.77,83.2,594.0997,521.205,72.1045,86.5191,63.3146,105.97,179.2535,2.67,0.81,4.15,1.91,-0.476,30.6667,,-0.74,0.0,0.0,-1.6483,0.7431,0.8006,-6.0,3.0,1.397,-16.0,-7.0,0.9191,52.1429,cnn,3,9,2,14,0.9333,0,0,0,0,normal,Normal / Mild Pullback,False,7.4411,-0.5923,8.5238,-2.4136,17.991,-2.8296,15.9246,-4.9278,14.9788,-3.5718,-5.4577
2024-12-09,14.19,85.63,591.0404,517.1461,72.0143,86.3944,62.2873,106.15,178.5179,2.67,0.81,4.2,1.93,-0.476,30.6667,,0.85,-0.515,-0.7788,-1.9694,0.4531,0.4376,4.0,4.0,1.0952,-10.0,-2.0,-0.3121,49.2571,cnn,3,9,2,14,0.9333,0,0,0,0,normal,Normal / Mild Pullback,False,7.6407,0.3489,8.3796,-1.3211,18.3836,-2.184,15.8924,-6.9811,15.8885,-3.0727,-6.9811
2024-12-10,14.18,90.1,589.2028,515.3839,72.0504,86.3944,62.2778,106.4,177.4241,2.67,0.8,4.22,1.93,-0.476,30.6667,,0.88,-0.8243,-1.1169,-2.827,0.6169,0.4997,4.0,3.0,0.8149,-8.0,-2.0,-2.924,46.9714,cnn,3,9,2,14,0.9333,0,0,0,0,normal,Normal / Mild Pullback,False,7.7476,0.2472,8.6953,0.0869,19.349,-3.377,16.6759,-7.4667,15.9514,-3.377,-7.4667
2024-12-11,13.58,82.4,593.7577,524.6104,72.0684,86.4122,62.6012,106.71,177.5887,2.64,0.78,4.26,1.96,-0.476,30.6667,,0.13,-0.0576,0.0,-3.5858,1.0477,1.0098,3.0,1.0,0.6508,-17.0,-12.0,-2.904,49.2,cnn,3,9,2,14,0.9333,0,0,0,0,normal,Normal / Mild Pullback,False,8.0557,-3.4866,21.3789,-0.6743,18.8817,-3.9695,16.355,-7.6892,15.901,-4.1182,-8.1765
2024-12-12,13.92,82.66,590.6982,521.2248,71.8699,86.1806,61.8402,106.96,176.9401,2.66,0.79,4.32,2.0,-0.476,31.6667,,0.38,-0.5725,-0.6454,-3.5464,0.744,0.666,2.0,1.0,0.4508,-12.0,-9.0,-2.9432,47.1143,cnn,3,9,2,14,0.9333,0,0,0,0,normal,Normal / Mild Pullback,False,8.3369,-3.0166,21.9267,-1.2108,19.4301,-3.3393,16.3532,-8.448,16.075,-3.6216,-8.448
2024-12-13,13.81,85.66,590.581,525.2144,71.6623,85.9133,61.6119,107.0,176.3206,2.68,0.78,4.4,2.07,-0.478,31.6667,,1.04,-0.5923,0.0,-3.2567,0.6686,0.562,8.0,-2.0,0.3094,-3.0,-3.0,-3.3787,49.1143,cnn,3,9,2,14,0.9333,0,0,0,0,normal,Normal / Mild Pullback,False,7.9223,-1.8322,25.4105,-2.3188,20.0785,-1.5615,17.7912,-6.5384,16.6897,-3.6025,-8.4299
2024-12-16,14.69,90.88,593.1027,532.7778,71.7977,86.0558,61.9163,106.86,175.7399,2.69,0.78,4.39,2.07,-0.478,31.6667,,0.5,-0.1678,0.0,-3.8002,0.8715,0.7811,-3.0,-2.0,0.1593,-4.0,-3.0,-4.567,56.0571,cnn,3,9,2,14,0.9333,0,0,0,0,normal,Normal / Mild Pullback,False,6.1094,-1.6642,25.7742,-3.0879,19.7394,-2.1686,17.6937,-6.2181,16.7515,-4.0123,-8.8192
2024-12-17,15.87,90.42,590.6591,530.4316,71.6443,85.9044,60.4609,106.96,174.3557,2.75,0.79,4.4,2.09,-0.478,31.6667,,1.69,-0.5791,-0.4404,-4.413,0.4658,0.4369,3.0,-1.0,0.6398,-2.0,1.0,-5.8698,51.4,cnn,3,9,2,14,0.9333,0,0,0,0,normal,Normal / Mild Pullback,False,6.3848,-0.1599,27.6715,-2.9261,19.7337,-0.7775,18.0783,-6.848,16.8606,-3.6152,-8.442
2024-12-18,27.62,87.21,573.0555,511.2952,70.9086,85.0134,57.3218,108.03,169.1966,2.73,0.79,4.5,2.18,-0.478,31.6667,,14.04,-3.5422,-4.0322,-4.2585,-0.716,-0.7692,4.0,-1.0,1.7136,11.0,13.0,-7.1423,33.1286,cnn,3,9,2,14,0.9333,4,0,1,5,normal,Normal / Mild Pullback,False,12.707,2.9139,9.2387,1.3069,14.0107,3.2066,14.4988,-2.9408,15.9104,-0.6544,-5.6294
2024-12-19,24.09,90.41,572.8794,509.0183,70.8361,84.897,56.8176,108.41,168.6352,2.91,0.82,4.57,2.28,-0.478,31.4286,,10.17,-3.5718,-4.4595,-4.1649,-0.7926,-0.8436,24.0,1.0,1.6217,16.0,22.0,-7.6452,19.5143,cnn,3,9,2,14,0.9333,3,0,2,5,normal,Normal / Mild Pullback,False,12.7047,1.8619,14.728,1.9218,14.1452,3.8187,14.5487,-3.1917,15.9179,-0.6238,-5.6004
2024-12-20,18.36,91.75,579.7603,513.4634,71.2805,85.4434,57.845,107.62,170.997,2.86,0.82,4.52,2.23,-0.479,31.4286,,4.55,-2.4136,-3.6252,-4.3956,-0.2078,-0.2363,25.0,1.0,0.6076,9.0,14.0,-7.9625,27.6,cnn,3,9,2,14,0.9333,0,0,1,1,normal,Normal / Mild Pullback,False,13.3054,-0.4957,15.8071,-0.4263,14.3525,3.1464,14.1293,-4.3091,15.7055,-1.8033,-6.7208
2024-12-23,16.78,95.85,583.2321,518.4658,71.0901,85.2732,58.0384,108.04,171.2301,2.85,0.82,4.59,2.27,-0.479,31.4286,,2.09,-1.8293,-2.6863,-5.313,-0.4494,-0.4351,24.0,2.0,0.5117,18.0,20.0,-10.1747,30.1429,cnn,3,9,2,14,0.9333,0,1,1,2,normal,Normal / Mild Pullback,False,13.4338,-1.4478,14.5633,-0.8744,13.9628,2.2331,14.1128,-3.1753,16.1009,-2.3878,-7.2761
2024-12-24,14.27,96.95,589.7147,525.4962,71.3168,85.4972,58.4598,108.26,172.522,2.86,0.82,4.59,2.24,-0.479,31.4286,,-1.6,-0.7381,-1.3667,-5.3909,-0.5074,-0.5748,22.0,2.0,1.3481,32.0,26.0,-11.6601,34.5143,cnn,3,9,2,14,0.9333,0,1,1,2,normal,Normal / Mild Pullback,False,13.952,-2.7707,8.1394,-3.4608,13.9446,-0.321,14.5963,-4.0094,15.9316,-3.4608,-8.2954
2024-12-26,14.73,95.2,589.754,525.1391,71.4982,85.7032,58.7376,108.13,172.8037,2.86,0.81,4.58,2.23,-0.479,34.1463,,-12.89,-0.7315,-1.4337,-5.591,-0.0664,-0.15,18.0,0.0,1.0466,28.0,21.0,-9.8143,34.1714,cnn,3,9,2,14,0.9333,0,1,1,2,normal,Normal / Mild Pullback,False,13.8412,-1.5615,15.2245,-3.3176,14.0707,0.5288,14.9213,-5.1617,16.0987,-3.4673,-8.3015
2024-12-27,15.95,94.8,583.546,518.1584,71.2533,85.4793,58.0097,108.0,171.6283,2.84,0.81,4.62,2.28,-0.483,34.1463,,-8.14,-1.7764,-2.744,-5.0944,-0.7079,-0.698,15.0,-1.0,1.81,37.0,29.0,-9.9664,33.8286,cnn,3,9,2,14,0.9333,0,1,1,2,normal,Normal / Mild Pullback,False,14.325,0.0588,14.6009,-2.1546,13.6289,1.1428,14.4844,-4.4073,15.9762,-2.4403,-7.3259
2024-12-30,17.4,99.08,576.8867,511.2669,71.3531,85.542,57.866,108.13,169.8993,2.94,0.82,4.55,2.24,-0.483,34.1463,,-0.96,-2.8973,-4.0375,-4.69,-0.7677,-0.8496,22.0,0.0,2.2603,37.0,32.0,-8.3049,28.6,cnn,3,9,2,14,0.9333,0,1,1,2,normal,Normal / Mild Pullback,False,14.6551,0.0697,14.5464,0.7752,15.8576,2.8595,13.846,-5.2512,16.3299,-1.3141,-6.2561
2024-12-31,17.35,98.8,574.788,506.9239,71.344,85.5241,57.799,108.49,170.2101,2.92,0.82,4.58,2.24,-0.483,34.1463,,0.57,-3.2506,-4.8527,-4.0489,-0.7442,-0.8233,24.0,1.0,1.9164,39.0,31.0,-7.0335,26.3143,cnn,3,9,2,14,0.9333,0,0,1,1,normal,Normal / Mild Pullback,False,14.6449,0.5818,14.156,0.9487,15.7466,2.6856,13.9406,-4.2669,16.3929,-0.9538,-5.9139
2025-01-02,17.93,96.67,573.3757,505.9323,71.5164,85.7749,57.1573,109.39,169.7148,2.88,0.83,4.57,2.23,-0.483,34.1772,,3.66,-3.4883,-5.0388,-4.2139,-0.5044,-0.553,22.0,3.0,2.8391,34.0,28.0,-6.9784,24.3143,cnn,3,9,2,14,0.9333,0,0,2,2,normal,Normal / Mild Pullback,False,14.6359,-0.7099,18.5352,2.2133,16.2259,2.2458,14.1764,-3.76,16.4048,-0.7099,-5.6821
2025-01-03,16.13,93.35,580.5449,514.212,71.6253,85.954,57.9905,108.95,171.2689,2.81,0.83,4.6,2.26,-0.487,34.1772,,1.4,-2.2816,-3.4847,-3.8554,-0.59,-0.561,15.0,3.0,2.4544,41.0,36.0,-6.5042,28.8857,cnn,3,9,2,14,0.9333,0,0,1,1,normal,Normal / Mild Pullback,False,15.229,-1.7839,14.6069,1.8752,15.7179,1.6606,13.7074,-4.347,16.2438,-1.936,-6.8469
2025-01-06,16.04,97.89,583.8891,520.1218,71.7522,86.0526,58.1151,108.26,171.1524,2.76,0.84,4.62,2.28,-0.487,34.1772,,0.09,-1.7187,-2.3755,-4.4658,-0.3264,-0.3648,10.0,3.0,2.4123,45.0,36.0,-6.517,33.7714,cnn,3,9,2,14,0.9333,0,0,1,1,normal,Normal / Mild Pullback,False,15.4193,-2.2121,13.0975,1.8611,15.7084,1.4882,13.6397,-9.5817,19.1238,-2.4976,-9.5817
2025-01-07,17.82,102.78,577.2889,510.8406,71.5164,85.7928,57.5691,108.54,170.5793,2.79,0.84,4.67,2.29,-0.487,34.1772,,0.42,-2.8296,-4.1175,-3.5041,-0.8157,-0.8395,12.0,3.0,2.4252,52.0,38.0,-6.4267,34.3143,cnn,3,9,2,14,0.9333,0,0,1,1,normal,Normal / Mild Pullback,False,15.8281,0.705,18.7529,3.588,13.9137,3.0053,12.8891,-13.9018,22.5148,-1.3829,-13.9018
2025-01-08,17.7,100.76,578.1323,510.9299,71.6071,85.8824,57.55,109.09,170.7833,2.84,0.83,4.67,2.27,-0.487,34.1772,,0.35,-2.6877,-4.1008,-3.8959,-0.5654,-0.5926,17.0,2.0,2.7697,47.0,34.0,-5.5426,31.9143,cnn,3,9,2,14,0.9333,0,0,1,1,normal,Normal / Mild Pullback,False,15.7935,0.3647,18.9001,3.1349,14.2654,1.9135,13.4348,-14.1805,22.5002,-1.5268,-14.1805
2025-01-10,19.54,96.57,569.3056,502.918,71.2352,85.4076,55.8452,109.65,168.2869,2.81,0.83,4.77,2.34,-0.494,37.3656,,1.61,-4.1734,-5.6046,-3.7522,-1.1314,-1.1422,14.0,3.0,3.0545,55.0,41.0,-7.1948,25.6286,cnn,3,9,2,14,0.9333,0,1,1,2,normal,Normal / Mild Pullback,False,16.5736,2.9441,12.9053,3.2524,13.8582,4.1965,12.0975,-14.215,22.5102,0.1551,-14.215
2025-01-13,19.19,103.51,570.1884,501.3017,71.2171,85.3718,56.6785,109.96,169.6662,2.85,0.84,4.79,2.34,-0.494,37.3656,,3.06,-4.0248,-5.9079,-3.4294,-1.1813,-1.204,21.0,6.0,3.0456,53.0,38.0,-5.7185,25.3429,cnn,3,9,2,14,0.9333,0,1,1,2,normal,Normal / Mild Pullback,False,16.251,3.7255,12.4435,3.9784,14.0692,4.1143,12.1051,-5.3526,30.7755,0.1376,-14.3478
2025-01-14,18.71,101.99,570.973,500.8257,71.3078,85.4434,58.6035,109.27,171.0358,2.8,0.84,4.78,2.34,-0.494,37.3656,,2.67,-3.8927,-5.9973,-3.0169,-0.7822,-0.8553,14.0,5.0,2.1597,46.0,34.0,-1.9601,25.1429,cnn,3,9,2,14,0.9333,0,0,1,1,normal,Normal / Mild Pullback,False,16.2468,4.1653,11.4975,3.37,14.6602,3.6363,12.2468,-9.6243,32.0573,1.6232,-14.4655
2025-01-15,16.12,93.1,581.3589,512.3478,71.9337,86.2318,60.0784,109.09,172.6774,2.72,0.83,4.66,2.24,-0.494,37.3656,,-1.7,-2.1446,-3.8346,-3.6732,0.3786,0.3707,4.0,5.0,1.9533,26.0,17.0,-0.9421,27.4286,cnn,3,9,2,14,0.9333,0,0,1,1,normal,Normal / Mild Pullback,False,17.7095,2.8628,7.456,2.0682,12.2875,2.8594,11.1671,-9.6552,32.0485,-0.1923,-15.9935
2025-01-16,16.6,92.72,580.2409,508.7583,72.0153,86.3303,59.5133,108.96,174.0373,2.73,0.83,4.61,2.19,-0.494,40.5714,,-1.1,-2.3327,-4.5084,-2.6433,0.3031,0.3189,4.0,5.0,1.9652,22.0,12.0,-1.7503,27.3429,cnn,3,9,2,14,0.9333,0,0,2,2,normal,Normal / Mild Pullback,False,17.6139,2.7601,8.1006,1.7206,12.7084,3.0525,11.1125,-8.6029,32.1326,1.004,-15.8317
2025-01-17,15.97,95.6,586.0664,517.3454,72.0788,86.4019,60.404,109.35,174.8824,2.64,0.82,4.61,2.2,-0.499,40.5714,,-3.57,-1.3522,-2.8966,-2.4709,0.6065,0.5792,-11.0,3.0,2.2345,21.0,11.0,0.6889,36.0286,cnn,3,9,2,14,0.9333,0,0,2,2,normal,Normal / Mild Pullback,False,17.9981,0.2995,14.9296,0.0318,12.4288,2.3277,10.6713,-9.7649,32.0441,0.0318,-16.6683
2025-01-21,15.06,96.78,591.431,520.3796,72.2693,86.6528,61.1511,108.06,176.9125,2.61,0.82,4.57,2.19,-0.499,40.5714,,-4.13,-0.4492,-2.3271,-1.8446,1.9189,1.9284,-12.0,3.0,0.0278,7.0,1.0,3.3658,39.9143,cnn,3,9,2,14,0.9333,0,0,2,2,normal,Normal / Mild Pullback,False,14.511,0.2438,14.7338,-0.2106,11.9842,1.6383,10.2644,-12.5709,32.2417,-0.8756,-17.4242
2025-01-22,15.1,89.9,594.7557,527.0331,72.1695,86.5095,60.4232,108.17,176.2908,2.59,0.81,4.6,2.2,-0.499,40.5714,,-3.61,0.0,-1.0783,-3.3073,1.8825,1.8993,-32.0,-1.0,-0.2214,3.0,-8.0,2.4342,41.6286,cnn,3,9,2,14,0.9333,0,0,1,1,normal,Normal / Mild Pullback,False,14.5592,-0.7635,14.2602,-0.3661,11.7964,0.6497,10.2454,-12.9356,32.2096,-1.4297,-17.8858
2025-01-23,15.02,88.51,598.0019,528.1536,72.2602,86.6349,60.2029,108.05,177.1262,2.61,0.8,4.65,2.23,-0.499,29.4286,,-1.1,0.0,-0.8679,-3.1891,1.3744,1.3944,-25.0,-2.0,0.3996,13.0,0.0,0.9015,43.6857,cnn,3,9,2,14,0.9333,0,0,0,0,normal,Normal / Mild Pullback,False,14.1362,-0.7724,14.2325,-0.5625,11.5635,-1.6089,11.7919,-15.4693,32.4736,-1.9647,-18.3315
2025-01-24,14.85,86.75,596.2562,525.1689,72.3419,86.7245,60.653,107.44,176.9708,2.6,0.8,4.63,2.2,-0.504,29.4286,,-1.75,-0.2919,-1.4281,-2.5616,1.7609,1.7019,-25.0,-2.0,-0.5553,4.0,-7.0,2.2222,45.8,cnn,3,9,2,14,0.9333,0,0,0,0,normal,Normal / Mild Pullback,False,14.122,-1.0116,14.48,-1.1842,12.3254,-1.7698,11.845,-13.0161,32.9941,-1.7698,-18.0924
2025-01-27,17.9,95.05,587.8218,509.8788,72.3963,86.823,61.2947,107.34,177.0873,2.66,0.81,4.53,2.13,-0.504,29.4286,,1.93,-1.7023,-4.298,-1.352,1.5136,1.5507,-20.0,-1.0,-0.8498,-6.0,-11.0,5.1869,37.9714,cnn,3,9,2,14,0.9333,0,0,1,1,normal,Normal / Mild Pullback,False,14.5948,-0.2669,11.0748,0.9143,10.4674,-0.8559,10.8768,-10.4008,33.0953,-0.8559,-16.9172
2025-01-28,16.41,92.83,592.8728,517.4147,72.3691,86.7692,60.9882,107.87,176.2131,2.66,0.81,4.55,2.13,-0.504,29.4286,,1.35,-0.8577,-2.8836,-2.223,1.218,1.2439,-20.0,0.0,-0.2404,-3.0,-10.0,3.2855,40.6286,cnn,3,9,2,14,0.9333,0,0,0,0,normal,Normal / Mild Pullback,False,14.9195,-0.4533,10.1486,0.1307,9.5657,-1.6509,10.3577,-9.2942,33.3544,-1.7006,-17.625
2025-01-29,16.56,90.73,590.2149,516.4431,72.3237,86.6976,60.9212,108.0,175.6303,2.68,0.81,4.55,2.15,-0.504,29.4286,,1.46,-1.3022,-3.066,-2.1901,1.5022,1.4253,-16.0,0.0,0.0,-7.0,-13.0,3.8324,42.4,cnn,3,9,2,14,0.9333,0,0,0,0,normal,Normal / Mild Pullback,False,14.4854,0.4004,10.0587,0.2575,9.4142,-2.7849,11.6401,-8.2274,33.3975,-2.7849,-17.254
2025-01-30,15.84,90.54,593.3827,518.6443,72.4598,86.8768,61.6012,107.8,177.505,2.67,0.81,4.52,2.14,-0.504,34.0361,,0.82,-0.7724,-2.6528,-2.5623,1.551,1.5604,-27.0,-1.0,-0.3052,-3.0,-10.0,3.4954,45.9143,cnn,3,9,2,14,0.9333,0,0,0,0,normal,Normal / Mild Pullback,False,13.8493,0.2116,9.6,0.7751,10.4883,-1.7949,12.9078,-8.6826,33.3699,-3.3039,-17.6958
2025-01-31,16.43,91.76,590.2247,517.8907,72.3147,86.6797,61.4479,108.37,176.048,2.68,0.82,4.58,2.16,-0.507,34.0361,,1.58,-1.3005,-2.7942,-2.4959,1.3605,1.3512,-24.0,0.0,-0.1106,0.0,-8.0,3.5327,43.7714,cnn,3,9,2,14,0.9333,0,0,0,0,normal,Normal / Mild Pullback,False,13.9439,-0.1745,11.2992,1.3094,9.948,-2.9992,14.1526,-7.6156,33.398,-2.9992,-17.2554
2025-02-03,18.62,94.15,586.2527,513.7459,72.2235,86.568,60.1742,108.99,175.0863,2.73,0.83,4.54,2.09,-0.507,34.0361,,0.72,-1.9647,-3.5722,-2.6976,0.9888,0.9246,-15.0,0.0,-0.3657,-3.0,-14.0,2.9657,37.4,cnn,3,9,2,14,0.9333,0,0,1,1,normal,Normal / Mild Pullback,False,14.1796,1.1844,10.5225,2.2952,8.8838,-3.498,14.5188,-6.9528,33.3805,-3.498,-16.6948
2025-02-04,17.21,90.28,590.1854,520.0523,72.4513,86.8202,61.3426,107.96,175.3,2.71,0.82,4.52,2.08,-0.507,34.0361,,0.8,-1.3071,-2.3885,-3.1871,1.1533,1.0077,-10.0,-1.0,-0.9087,-8.0,-18.0,4.0525,37.1429,cnn,3,9,2,14,0.9333,0,0,1,1,normal,Normal / Mild Pullback,False,13.7054,0.5866,9.8022,1.8528,8.5403,-3.1108,14.8933,-6.9178,33.3844,-4.141,-17.2499
2025-02-05,15.77,94.68,592.5784,522.4123,72.6427,87.0544,62.013,107.58,176.1548,2.69,0.83,4.43,2.01,-0.507,34.0361,,-0.79,-0.9069,-1.9456,-2.9952,1.241,1.1642,-7.0,-1.0,-0.6281,-19.0,-27.0,5.1426,38.6286,cnn,3,9,2,14,0.9333,0,0,1,1,normal,Normal / Mild Pullback,False,13.6377,-0.1423,9.8175,1.0195,8.9317,-5.215,15.8046,-5.9175,33.5276,-5.215,-17.5841
2025-02-06,15.5,93.9,594.638,525.1391,72.5333,86.9463,62.7313,107.69,175.9217,2.66,0.84,4.45,2.03,-0.507,42.8571,,-0.34,-0.5625,-1.4337,-2.8083,1.422,1.3445,-13.0,0.0,-0.7831,-22.0,-26.0,5.7877,39.6857,cnn,3,9,2,14,0.9333,0,0,2,2,normal,Normal / Mild Pullback,False,12.8902,0.5624,12.4329,-1.0523,12.6289,-5.0139,15.9313,-6.781,33.5281,-5.5433,-17.8695
2025-02-07,16.54,93.13,589.195,518.5154,72.3055,86.6941,61.8981,108.04,175.0572,2.67,0.84,4.49,2.07,-0.506,42.8571,,0.11,-1.4727,-2.677,-2.5128,0.9754,0.9451,-17.0,1.0,-0.9625,-18.0,-20.0,5.5359,38.3714,cnn,3,9,2,14,0.9333,0,0,2,2,normal,Normal / Mild Pullback,False,13.4351,1.4864,8.8227,-0.5926,11.9909,-6.6898,18.028,-6.7062,33.5203,-6.6898,-17.1108
2025-02-10,15.81,87.68,593.1962,524.7921,72.4513,86.8923,61.1798,108.32,175.5526,2.66,0.84,4.51,2.07,-0.506,42.8571,,-2.81,-0.8036,-1.4989,-3.2871,1.7072,1.7383,-15.0,1.0,-1.213,-26.0,-27.0,5.1402,44.7143,cnn,3,9,2,14,0.9333,0,0,1,1,normal,Normal / Mild Pullback,False,12.1131,1.0978,8.1735,-1.7542,11.4077,-8.0896,17.6856,-6.9458,33.4985,-8.0896,-17.6699
2025-02-11,16.02,85.58,593.6475,523.5427,72.424,86.7932,62.1854,107.96,175.572,2.66,0.83,4.54,2.08,-0.506,42.8571,,-1.19,-0.7282,-1.7334,-2.9103,1.6947,1.6649,-19.0,-1.0,-1.8188,-25.0,-26.0,5.3805,45.4,cnn,3,9,2,14,0.9333,0,0,1,1,normal,Normal / Mild Pullback,False,12.121,1.2588,8.0764,-1.7793,11.3925,-7.6721,17.9263,-6.3687,33.5379,-8.1595,-17.7325
2025-02-12,15.89,86.58,591.735,523.8501,72.2691,86.595,60.7296,107.94,174.5521,2.65,0.81,4.62,2.16,-0.506,42.8571,,0.12,-1.048,-1.6757,-3.168,1.3481,1.3477,-15.0,-3.0,-1.2172,-16.0,-18.0,-0.0079,41.3714,cnn,3,9,2,14,0.9333,0,0,1,1,normal,Normal / Mild Pullback,False,12.2637,1.1635,8.5133,-3.0347,13.4835,-8.6084,18.2312,-6.1857,33.535,-8.6084,-17.4666
2025-02-13,15.1,84.57,597.9822,531.3861,72.5971,86.9823,60.9978,107.31,176.0674,2.65,0.81,4.52,2.08,-0.506,47.2678,,-0.4,-0.0033,-0.2612,-3.1947,0.9223,0.8704,-7.0,-2.0,-1.6317,-14.0,-16.0,-1.2921,46.6,cnn,3,9,2,14,0.9333,0,0,1,1,normal,Normal / Mild Pullback,False,11.1619,-1.6056,13.2041,-2.5503,15.0321,-7.6952,19.6063,-4.0979,34.1569,-9.5632,-18.3288
2025-02-14,14.77,84.67,597.9529,533.6172,72.6791,87.0904,61.1894,106.57,175.8926,2.62,0.8,4.47,2.04,-0.501,47.2678,,-1.77,-0.0082,0.0,-3.8389,0.9218,0.8805,-11.0,-3.0,-2.1935,-14.0,-15.0,-0.2293,43.6857,cnn,3,9,2,14,0.9333,0,0,1,1,normal,Normal / Mild Pullback,False,11.1068,-2.0485,12.9028,-4.2529,16.7106,-6.9788,20.0012,-3.4599,34.1893,-9.5588,-18.3248
2025-02-18,15.35,84.51,599.7084,534.8268,72.6154,87.0364,61.7353,107.05,177.2428,2.62,0.79,4.55,2.1,-0.501,47.2678,,-0.46,0.0,0.0,-3.3783,0.7444,0.7343,-2.0,-3.0,-2.1033,-6.0,-10.0,-0.121,46.8,cnn,3,9,2,14,0.9333,0,0,1,1,normal,Normal / Mild Pullback,False,10.6621,-2.821,11.2932,-5.6632,16.5607,-8.2536,20.0017,-3.6194,34.1837,-9.8235,-18.5639
2025-02-19,15.27,83.86,601.1206,534.9757,72.67,87.1085,61.5054,107.17,177.6021,2.68,0.79,4.53,2.08,-0.501,47.2678,,-0.75,0.0,0.0,-2.7946,0.5545,0.5258,7.0,-3.0,-0.8236,-4.0,-11.0,-1.0418,47.6286,cnn,3,9,2,14,0.9333,0,0,1,1,normal,Normal / Mild Pullback,False,10.2523,-3.0003,10.51,-4.8733,18.1655,-7.4723,20.5939,-3.3762,34.1969,-10.0354,-18.7552
2025-02-20,15.66,86.26,598.6198,532.7048,72.7156,87.1715,60.3945,106.34,177.1553,2.66,0.8,4.5,2.05,-0.501,40.4624,,-0.23,-0.416,-0.4245,-2.9279,0.7567,0.7653,7.0,-1.0,-1.6918,-10.0,-15.0,-0.6927,44.2286,cnn,3,9,2,14,0.9333,0,0,1,1,normal,Normal / Mild Pullback,False,10.2343,-4.1499,12.3773,-6.1716,19.2667,-7.3544,20.5965,-2.358,34.2173,-9.6596,-18.4158
2025-02-21,18.21,91.83,588.3809,521.6489,72.5789,87.0454,58.8238,106.61,174.6687,2.78,0.81,4.42,2.0,-0.492,40.4624,,3.11,-2.1193,-2.4911,-3.3201,0.441,0.4739,17.0,1.0,-1.3327,-23.0,-23.0,-0.6931,36.9714,cnn,3,9,2,14,0.9333,0,0,2,2,normal,Normal / Mild Pullback,False,11.7589,-0.9601,18.2038,-4.0037,19.0653,-5.7112,20.0129,-0.5502,34.0374,-8.0875,-16.9961
2025-02-24,18.98,88.44,585.7037,515.4911,72.67,87.1265,58.3928,106.6,174.8144,2.78,0.81,4.4,1.98,-0.492,40.4624,,4.21,-2.5647,-3.6422,-3.2579,0.4536,0.4635,18.0,1.0,-0.7818,-23.0,-22.0,-1.992,29.5429,cnn,3,9,2,14,0.9333,0,0,2,2,normal,Normal / Mild Pullback,False,11.8123,-2.2505,21.4836,-6.1335,22.2778,-3.5839,21.299,-0.4315,34.0316,-7.6673,-16.6167
2025-02-25,19.43,96.61,582.7906,508.9963,72.8523,87.3427,58.4311,106.31,174.9892,2.84,0.84,4.3,1.92,-0.492,40.4624,,4.08,-3.0493,-4.8562,-3.2233,0.6298,0.5985,18.0,3.0,-0.9596,-23.0,-21.0,-3.8489,24.2,cnn,3,9,2,14,0.9333,0,0,3,3,normal,Normal / Mild Pullback,False,10.8546,-2.9247,22.124,-6.4486,22.2849,-2.869,21.315,-1.62,34.1943,-7.2058,-16.1999
2025-02-26,19.1,97.52,583.085,510.2259,72.9525,87.4238,58.5843,106.42,174.6201,2.81,0.84,4.25,1.89,-0.492,40.4624,,3.83,-3.0003,-4.6263,-2.9826,0.8062,0.7543,15.0,3.0,-1.3442,-30.0,-24.0,-2.3291,21.2571,cnn,3,9,2,14,0.9333,0,0,3,3,normal,Normal / Mild Pullback,False,10.3322,-1.9309,24.9886,-5.9996,22.839,-4.077,21.623,-1.6308,34.1942,-7.2527,-16.2422
2025-02-27,21.13,96.27,573.7778,496.0562,72.8158,87.2436,58.6705,107.24,173.0951,2.81,0.85,4.29,1.92,-0.492,60.6154,,5.47,-4.5486,-7.275,-2.4722,0.6804,0.6298,13.0,4.0,-0.7037,-26.0,-23.0,-0.9355,12.7571,cnn,3,9,2,14,0.9333,2,0,6,8,normal,Normal / Mild Pullback,False,11.599,-2.1092,25.5744,-5.7482,22.5523,-2.7799,20.985,-0.7175,34.0638,-5.7482,-14.8836
2025-02-28,19.63,104.46,582.7319,503.8897,73.0163,87.4868,59.4463,107.61,175.0183,2.87,0.88,4.24,1.86,-0.478,60.6154,,1.42,-3.0591,-5.8107,-2.5975,0.768,0.7022,20.0,7.0,-0.1763,-28.0,-28.0,-1.7343,20.6571,cnn,3,9,2,14,0.9333,0,0,5,5,normal,Normal / Mild Pullback,False,12.8874,-3.0732,21.3814,-5.2796,23.9637,-6.2016,21.0131,-0.2107,34.1792,-7.1965,-16.1915
2025-03-03,22.78,105.65,572.5224,492.8633,72.8643,87.2948,58.5939,106.75,173.1534,2.94,0.89,4.16,1.8,-0.478,60.6154,,3.8,-4.7575,-7.8718,-1.4944,0.7601,0.7096,26.0,7.0,-1.4949,-42.0,-36.0,-1.6963,12.3429,cnn,3,9,2,14,0.9333,1,0,6,7,normal,Normal / Mild Pullback,False,14.1147,-3.9724,25.2037,-2.847,23.7134,-3.888,20.5622,0.9812,34.0036,-5.5416,-14.697
2025-03-04,23.51,108.87,565.7456,491.376,72.8552,87.1952,56.5444,105.74,170.3559,2.99,0.89,4.22,1.87,-0.478,60.6154,,4.08,-5.8848,-8.1499,-1.4424,0.8746,0.7245,26.0,6.0,-2.9819,-32.0,-22.0,-2.626,11.0429,cnn,3,9,2,14,0.9333,1,0,6,7,normal,Normal / Mild Pullback,False,14.4782,-3.63,24.9914,-2.7459,23.6081,-2.462,20.2821,2.5942,33.9184,-4.4101,-13.6752
2025-03-05,21.93,104.32,571.8261,497.7816,72.8918,87.2314,56.2283,105.74,171.9391,2.88,0.87,4.28,1.94,-0.478,60.6154,,2.83,-4.8733,-6.9525,-0.9784,0.6079,0.4736,17.0,5.0,-2.0563,-24.0,-14.0,-5.3943,11.5143,cnn,3,9,2,14,0.9333,1,0,6,7,normal,Normal / Mild Pullback,False,14.8569,-4.1488,22.7211,-2.7321,23.6309,-2.8885,19.9977,1.3897,33.852,-5.4265,-14.5931
2025-03-06,24.87,108.95,561.6756,484.0879,72.6171,86.9234,55.3185,104.06,170.0353,2.99,0.88,4.29,1.95,-0.478,57.1111,,3.74,-6.5619,-9.5122,0.0301,-0.0352,-0.1505,30.0,5.0,-3.272,-14.0,-6.0,-5.8874,17.2,cnn,3,9,2,14,0.9333,1,0,4,5,normal,Normal / Mild Pullback,False,15.7573,-3.7174,21.7491,-1.2607,22.089,-6.0057,26.0067,3.8035,33.6563,-6.0057,-13.0496
2025-03-07,23.37,104.41,564.8237,487.6476,72.7362,87.0502,55.2514,103.84,171.6283,2.97,0.89,4.32,1.99,-0.462,57.1111,,3.74,-6.0382,-8.8468,0.7089,0.2796,0.1195,31.0,5.0,-3.5751,-13.0,-4.0,-7.2745,17.6429,cnn,3,9,2,14,0.9333,1,0,4,5,normal,Normal / Mild Pullback,False,15.8843,-2.2764,28.8219,-1.7786,21.7876,-12.0017,32.7404,3.8136,33.657,-12.0017,-13.5342
2025-03-10,27.86,112.5,549.7793,468.7482,72.4615,86.7151,53.0678,103.91,169.2096,3.16,0.91,4.22,1.91,-0.462,57.1111,,5.08,-8.5409,-12.3795,1.8995,0.2157,0.0243,49.0,7.0,-3.8227,-27.0,-16.0,-8.1192,17.0714,cnn,3,9,2,14,0.9333,3,1,4,8,panic,Panic Pullback,False,17.9326,1.172,21.4108,2.7163,18.6482,-9.7547,31.8469,6.6258,33.1622,-9.7547,-11.1682
2025-03-11,26.92,114.6,545.209,467.6277,72.2052,86.3257,52.7805,103.44,166.9561,3.22,0.94,4.28,1.97,-0.462,57.1111,,3.41,-9.3012,-12.589,1.6931,-0.3398,-0.6521,56.0,10.0,-4.5052,-23.0,-10.0,-6.1356,15.1143,cnn,3,9,2,14,0.9333,2,0,4,6,normal,Normal / Mild Pullback,False,17.5929,0.9174,22.2604,3.8263,17.6207,-10.4235,32.0554,6.9999,33.1275,-10.4235,-10.4235
2025-03-12,24.23,104.11,548.1022,472.9029,72.2876,86.4072,53.3934,103.61,166.1693,3.2,0.96,4.32,1.99,-0.462,57.1111,,2.3,-8.8199,-11.6029,1.3639,-0.1884,-0.4447,54.0,13.0,-4.0293,-22.0,-9.0,-7.0035,15.9143,cnn,3,9,2,14,0.9333,1,0,4,5,normal,Normal / Mild Pullback,False,17.8336,1.478,23.134,2.0453,19.2623,-1.5388,49.247,7.5281,33.1693,-10.8964,-10.8964
2025-03-13,24.66,106.19,540.7958,464.3951,71.8848,85.9181,52.7997,103.83,164.5763,3.4,0.97,4.27,1.98,-0.462,59.2357,,-0.21,-10.0354,-13.1932,1.5953,-0.5318,-0.7817,75.0,16.0,-3.8077,-35.0,-18.0,-4.8685,15.1857,cnn,3,9,2,14,0.9333,1,0,4,5,normal,Normal / Mild Pullback,False,18.1392,2.5516,19.3426,3.1493,17.5255,-4.5813,51.5237,9.0791,33.029,-9.6925,-9.6925
2025-03-14,21.77,101.01,551.9662,475.6198,72.2143,86.3438,54.3608,103.72,167.7138,3.25,0.94,4.31,2.01,-0.443,59.2357,,-1.6,-8.1771,-11.0951,1.773,-0.5273,-0.7342,60.0,13.0,-3.3454,-21.0,-7.0,-3.4512,22.0571,cnn,3,9,2,14,0.9333,1,0,4,5,normal,Normal / Mild Pullback,False,19.5454,0.5093,13.6967,-0.9734,18.1723,-4.8442,51.3708,7.4775,32.804,-11.5201,-11.5201
2025-03-17,20.51,99.78,556.2227,478.7036,72.3882,86.5702,54.7151,103.37,169.977,3.18,0.93,4.31,2.02,-0.443,59.2357,,-7.35,-7.469,-10.5186,3.1338,-0.4003,-0.5974,56.0,13.0,-3.0027,-16.0,-2.0,-3.8721,22.5714,cnn,3,9,2,14,0.9333,1,0,4,5,normal,Normal / Mild Pullback,False,19.9396,1.5264,17.9792,-1.0716,18.0464,-4.6563,51.4274,6.3509,32.7862,-12.1972,-12.1972
2025-03-18,21.7,96.68,550.2108,470.5429,72.2601,86.4162,54.5619,103.24,169.0931,3.23,0.93,4.29,1.99,-0.443,59.2357,,-5.22,-8.4691,-12.0441,4.1112,-0.4892,-0.7125,61.0,14.0,-3.5591,-26.0,-11.0,-3.6688,22.2286,cnn,3,9,2,14,0.9333,1,0,4,5,normal,Normal / Mild Pullback,False,19.9448,2.8825,13.4033,0.2919,17.2581,-3.8845,51.3305,7.9402,32.6972,-11.2378,-11.2378
2025-03-19,19.9,91.4,556.2031,476.8394,72.7362,86.9325,55.2419,103.43,170.3462,3.19,0.91,4.25,1.94,-0.443,59.2357,,-4.33,-7.4723,-10.8671,3.7299,0.091,-0.202,51.0,12.0,-3.4898,-28.0,-14.0,-2.9304,21.6,cnn,3,9,2,14,0.9333,0,0,4,4,normal,Normal / Mild Pullback,False,20.5395,0.559,17.1591,-0.1608,16.6222,-7.0334,51.5889,5.5835,32.7345,-12.1941,-12.1941
2025-03-20,19.8,95.74,554.5947,475.2232,72.6354,86.8238,54.8683,103.85,169.6371,3.17,0.91,4.24,1.93,-0.443,58.1197,,-4.86,-7.7399,-11.1692,3.9106,-0.1102,-0.3989,51.0,11.0,-2.3415,-26.0,-12.0,-1.9381,21.6857,cnn,3,9,2,14,0.9333,0,0,4,4,normal,Normal / Mild Pullback,False,20.5414,0.5828,17.125,-4.8056,30.3513,-6.6308,51.62,6.8972,32.7712,-11.9395,-11.9395
2025-03-21,19.28,94.54,554.7776,476.7899,72.5256,86.7332,54.8396,104.09,168.86,3.21,0.92,4.25,1.92,-0.425,58.1197,,-2.49,-7.7094,-10.8763,3.1972,-0.0735,-0.3586,43.0,11.0,-2.3638,-17.0,-8.0,-1.1262,22.6857,cnn,3,9,2,14,0.9333,0,0,4,4,normal,Normal / Mild Pullback,False,19.9602,-1.4752,23.0297,-10.4082,40.8641,-8.8833,52.1096,5.9488,32.8311,-11.9685,-11.9685
2025-03-24,17.48,95.22,564.7129,487.2527,72.7362,87.0684,56.332,104.26,171.4767,3.05,0.9,4.34,1.98,-0.425,58.1197,,-3.03,-6.0566,-8.9206,3.4281,0.091,-0.0667,27.0,9.0,-2.1951,-6.0,0.0,0.0568,25.4,cnn,3,9,2,14,0.9333,0,0,3,3,normal,Normal / Mild Pullback,False,21.2579,-2.5589,17.4138,-12.1412,38.1004,-8.1574,52.6355,4.0691,32.6446,-13.5173,-13.5173
2025-03-25,17.15,93.57,566.0704,490.0332,72.6995,86.9778,56.1585,104.18,171.0668,3.09,0.9,4.31,1.96,-0.425,58.1197,,-4.55,-5.8308,-8.4008,3.2982,-0.2097,-0.4178,25.0,6.0,-2.0036,1.0,4.0,-1.0505,29.2857,cnn,3,9,2,14,0.9333,0,0,3,3,normal,Normal / Mild Pullback,False,21.2702,-2.518,17.5311,-13.7247,37.131,-6.9579,53.053,3.5757,32.6484,-13.7247,-13.7247
2025-03-26,18.33,91.41,559.3125,481.0163,72.4066,86.5611,55.9271,104.55,170.7447,3.19,0.91,4.35,1.98,-0.425,58.1197,,-1.57,-6.955,-10.0863,4.1863,-0.7484,-0.9867,38.0,7.0,-1.7572,10.0,9.0,-0.4782,28.8857,cnn,3,9,2,14,0.9333,0,0,3,3,normal,Normal / Mild Pullback,False,21.5812,-0.7158,17.8039,-3.5122,68.5936,-3.8516,53.6404,5.8626,32.5952,-12.6823,-12.6823
2025-03-27,18.69,91.03,557.8271,478.2755,72.2692,86.3981,55.4836,104.07,170.3055,3.27,0.91,4.38,1.99,-0.425,52.1505,,-1.11,-7.2021,-10.5987,3.8042,-0.7506,-0.9691,46.0,6.0,-2.956,9.0,7.0,-2.7278,28.3429,cnn,3,9,2,14,0.9333,0,0,3,3,normal,Normal / Mild Pullback,False,20.9462,-5.3573,39.3191,-7.4945,71.632,-2.8991,53.7376,7.3171,32.6506,-12.4498,-12.4498
2025-03-28,21.65,96.83,546.5933,465.6836,72.1411,86.2351,54.3846,104.04,167.68,3.47,0.94,4.27,1.9,-0.408,52.1505,,2.37,-9.0709,-12.9524,4.1635,-1.1986,-1.4308,60.0,6.0,-3.3175,3.0,4.0,-2.4662,26.3714,cnn,3,9,2,14,0.9333,1,0,3,4,normal,Normal / Mild Pullback,False,20.9569,-9.0667,53.1208,-3.9089,72.3066,-0.8656,53.2737,9.5841,32.3417,-10.6504,-10.6504
2025-03-31,22.28,101.35,550.2625,465.6636,72.2235,86.3166,54.8088,104.21,169.0757,3.55,0.97,4.23,1.85,-0.408,52.1505,,4.8,-8.4605,-12.9561,3.7608,-0.8795,-1.1205,61.0,8.0,-2.3794,7.0,5.0,-2.676,21.1143,cnn,3,9,2,14,0.9333,1,0,4,5,normal,Normal / Mild Pullback,False,20.5078,-9.8339,50.8295,-3.6236,72.4443,-0.9063,53.2666,9.705,32.35,-11.2462,-11.2462
2025-04-01,21.77,104.73,551.8167,469.4174,72.3909,86.5461,54.3942,104.26,169.2514,3.5,0.98,4.17,1.84,-0.408,52.1505,,4.62,-8.202,-12.2544,3.6232,-0.6372,-0.7443,51.0,9.0,-1.3997,-5.0,-3.0,-1.3744,19.5714,cnn,3,9,2,14,0.9333,1,0,4,5,normal,Normal / Mild Pullback,False,20.2241,-11.4962,46.9746,-4.1642,72.3577,-1.1462,53.2538,9.9395,32.3566,-11.4962,-11.4962
2025-04-02,21.51,106.39,555.3088,472.8434,72.5381,86.7101,55.1655,103.81,170.6666,3.42,0.96,4.2,1.88,-0.408,52.1505,,3.18,-7.6211,-11.614,4.1768,-0.4852,-0.5976,54.0,9.0,-1.8252,-8.0,-6.0,1.028,22.6,cnn,3,9,2,14,0.9333,1,0,4,5,normal,Normal / Mild Pullback,False,19.9376,-2.8165,101.196,-6.8837,72.6237,-1.0717,53.2674,9.7705,32.3485,-12.0527,-12.0527
2025-04-03,30.02,112.0,527.9429,447.5304,71.6365,85.526,49.4677,102.07,162.5364,4.01,1.06,4.06,1.78,-0.408,61.9171,,11.33,-12.1736,-16.3457,5.0294,-1.3503,-1.6077,102.0,18.0,-1.9124,-23.0,-17.0,-4.8629,12.1429,cnn,3,9,2,14,0.9333,4,1,6,11,extreme,Extreme Panic,False,25.6828,-2.2583,99.6678,-1.9173,68.4954,5.6009,50.0855,15.4231,30.4777,-7.494,-7.494
2025-04-04,45.31,125.71,497.0354,419.7348,70.6154,84.2053,47.4913,103.02,153.4106,4.45,1.14,4.01,1.83,-0.393,61.9171,,23.66,-17.3152,-21.5413,4.4564,-2.9157,-3.2682,148.0,25.0,-0.7897,-31.0,-16.0,-2.3222,5.3857,cnn,3,9,2,14,0.9333,7,2,6,15,extreme,Extreme Panic,False,32.1287,5.6721,86.7188,1.702,61.9485,11.5243,44.3966,23.1563,27.5333,-1.7416,-1.7416
2025-04-07,46.98,137.3,496.1501,420.7478,70.0082,83.4402,47.5009,103.26,152.132,4.61,1.2,4.15,1.96,-0.393,61.9171,,24.7,-17.4625,-21.352,3.7981,-3.3856,-3.7766,145.0,29.0,-0.6255,-7.0,5.0,-0.815,4.0,cnn,3,9,2,14,0.9333,7,5,6,18,normal,Normal / Mild Pullback,False,31.2279,6.8877,86.0313,4.5343,63.0426,10.7895,44.601,24.3484,27.5256,-1.5663,-1.5663
2025-04-08,52.33,139.88,488.379,413.1707,69.6862,83.0941,47.0574,102.96,149.2625,4.57,1.18,4.26,2.04,-0.393,61.9171,,30.56,-18.7552,-22.7683,3.3925,-3.4886,-3.7434,135.0,24.0,-0.464,-2.0,7.0,-0.4684,2.9,cnn,3,9,2,14,0.9333,7,4,6,17,normal,Normal / Mild Pullback,False,31.4418,8.2843,83.7269,7.8432,62.1788,13.0257,43.9173,25.3857,27.3272,3.5047,3.5047
2025-04-09,33.62,128.83,539.6683,462.764,71.5537,85.3347,50.7403,102.9,161.1992,4.37,1.21,4.34,2.07,-0.393,61.9171,,12.11,-10.223,-13.4981,0.3827,-1.0151,-1.2411,117.0,25.0,-0.6853,2.0,8.0,-3.4839,9.5,cnn,3,9,2,14,0.9333,5,1,6,12,panic,Panic Pullback,False,50.218,-4.1851,40.1704,-0.3518,36.8059,2.9966,26.5723,13.4071,18.6012,-6.3323,-6.3323
2025-04-10,40.72,128.35,516.0206,443.0815,70.3854,83.9503,47.6263,100.87,155.7725,4.42,1.18,4.4,2.21,-0.393,58.9354,,10.7,-14.1569,-17.1773,0.7749,-2.0858,-2.2903,102.0,21.0,-2.8508,13.0,23.0,-5.4674,5.6143,cnn,3,9,2,14,0.9333,6,1,5,12,extreme,Extreme Panic,False,52.3856,0.3488,24.0586,4.9678,27.2313,7.5794,20.2582,19.3154,15.838,-2.0397,-2.0397
2025-04-11,37.56,137.26,525.2278,451.2445,70.597,84.1507,47.4913,99.78,158.1345,4.26,1.18,4.48,2.28,-0.383,58.9354,,-7.75,-12.6252,-15.6514,1.3649,-2.2396,-2.54,101.0,24.0,-3.7987,17.0,27.0,-8.1893,8.3857,cnn,3,9,2,14,0.9333,4,2,5,11,extreme,Extreme Panic,False,52.2348,-3.757,23.7518,3.167,26.3174,9.1864,22.2102,17.5544,15.5372,-3.757,-3.757
2025-04-14,30.89,132.46,530.3233,454.3031,70.9466,84.6425,48.3204,99.64,160.1549,4.14,1.15,4.38,2.15,-0.383,58.9354,,-16.09,-11.7776,-15.0797,0.6852,-1.9916,-2.2267,96.0,22.0,-3.6084,7.0,13.0,-7.3743,12.3429,cnn,3,9,2,14,0.9333,3,1,5,9,panic,Panic Pullback,False,52.2885,-2.2017,32.3011,2.8194,26.1366,8.8515,22.1403,16.0156,15.5197,-4.6817,-4.6817
2025-04-15,30.12,122.56,528.8378,454.8095,71.1398,84.8884,49.1399,100.22,159.6375,4.09,1.14,4.35,2.16,-0.383,58.9354,,-22.21,-12.0247,-14.985,1.1611,-1.5504,-1.7679,86.0,21.0,-2.9252,6.0,17.0,-6.2974,13.1143,cnn,3,9,2,14,0.9333,3,1,5,9,extreme,Extreme Panic,False,52.1842,-0.4074,35.323,3.1491,25.994,9.2967,22.0151,16.5635,15.4812,-4.414,-4.414
2025-04-16,32.64,119.4,517.0829,441.0955,71.1306,84.8156,49.1302,99.38,157.5879,4.16,1.13,4.29,2.12,-0.383,58.9354,,-0.98,-13.9802,-17.5485,1.8846,-2.2074,-2.4352,97.0,22.0,-3.9157,4.0,18.0,-4.3348,11.1429,cnn,3,9,2,14,0.9333,2,1,5,8,extreme,Extreme Panic,False,52.4665,4.0007,31.7956,6.2417,21.7358,12.3274,19.5854,18.704,14.6514,-2.241,-2.241
2025-04-17,29.65,114.64,517.8206,441.0161,71.5445,85.3621,49.5737,99.38,158.7592,4.02,1.11,4.34,2.11,-0.383,56.8579,,-11.07,-13.8575,-17.5633,3.4352,-1.5019,-1.6836,85.0,20.0,-4.3043,10.0,18.0,-3.2333,16.0571,cnn,3,9,2,14,0.9333,2,1,4,7,normal,Normal / Mild Pullback,False,52.4916,4.6029,31.3219,7.6651,21.9678,12.8778,19.5169,18.9311,14.6487,-2.3803,-2.3803
2025-04-21,33.82,128.56,505.4951,430.1023,71.1214,84.8429,48.9182,98.28,155.5676,4.16,1.12,4.42,2.2,-0.383,56.8579,,-3.74,-15.9079,-19.6034,3.9015,-1.9362,-2.1795,95.0,20.0,-5.5817,17.0,28.0,-2.1011,12.3714,cnn,3,9,2,14,0.9333,3,1,5,9,extreme,Extreme Panic,False,52.9902,7.1943,16.2036,9.6579,15.623,15.7566,16.1068,22.5766,13.5383,2.6018,2.6018
2025-04-22,30.57,118.35,518.647,441.3934,71.3973,85.1617,50.4896,98.92,159.4033,3.99,1.11,4.41,2.14,-0.383,56.8579,,-0.32,-13.72,-17.4928,3.5516,-1.8406,-2.1899,94.0,21.0,-5.1218,7.0,16.0,-2.4106,13.6,cnn,3,9,2,14,0.9333,2,1,5,8,extreme,Extreme Panic,False,53.5129,5.1342,12.8086,5.9839,14.9168,12.4419,14.9738,19.3808,12.7393,1.5495,1.5495
2025-04-23,28.45,116.6,526.6836,451.4034,71.7561,85.6535,51.6273,99.84,160.9454,3.75,1.08,4.4,2.11,-0.383,56.8579,,-1.67,-12.383,-15.6217,1.4348,-1.2976,-1.5225,66.0,18.0,-4.1659,9.0,15.0,-1.1938,21.5429,cnn,3,9,2,14,0.9333,2,0,4,6,normal,Normal / Mild Pullback,False,53.9119,3.571,13.2638,4.8056,13.9328,8.8603,16.5699,17.7821,12.4746,2.1049,2.1049
2025-04-24,26.47,108.28,537.7698,464.1046,72.4001,86.3913,52.4949,99.29,163.6685,3.73,1.06,4.32,2.02,-0.383,55.5556,,-6.17,-10.5388,-13.2475,2.3982,-0.0089,-0.1963,54.0,15.0,-5.0311,-3.0,4.0,-2.3768,24.0857,cnn,3,9,2,14,0.9333,2,0,4,6,normal,Normal / Mild Pullback,False,54.4605,2.1548,5.6426,3.3602,10.8273,6.6583,15.4036,15.3705,11.8995,0.7225,0.7225
2025-04-25,24.84,105.79,541.6553,469.2784,72.4645,86.5461,52.0129,99.47,163.4343,3.67,1.04,4.29,2.02,-0.39,55.5556,,-4.81,-9.8924,-12.2804,1.3983,0.2702,0.1714,40.0,13.0,-4.4201,-9.0,3.0,-3.4566,34.5143,cnn,3,9,2,14,0.9333,1,0,3,4,normal,Normal / Mild Pullback,False,54.5435,2.9275,9.3986,2.488,10.8096,5.1704,15.7265,15.5174,11.9243,0.0381,0.0381
2025-04-28,25.15,110.01,541.8619,469.1295,72.5013,86.5552,52.3214,99.01,163.893,3.73,1.04,4.23,1.98,-0.39,55.5556,,-8.67,-9.858,-12.3083,1.1105,0.4993,0.3713,26.0,10.0,-4.8347,-4.0,8.0,-2.9536,32.1429,cnn,3,9,2,14,0.9333,2,0,3,5,normal,Normal / Mild Pullback,False,54.0689,2.2983,12.2036,5.8346,18.43,7.316,16.9485,15.5116,11.9247,0.6299,0.6299
2025-04-29,24.17,112.27,545.2753,472.2278,72.6945,86.7738,52.7938,99.24,164.8495,3.74,1.06,4.19,1.96,-0.39,55.5556,,-6.4,-9.2902,-11.7291,1.358,0.6522,0.5297,19.0,9.0,-4.7692,-4.0,11.0,-2.7953,32.7429,cnn,3,9,2,14,0.9333,1,0,3,4,normal,Normal / Mild Pullback,False,54.0624,0.8082,15.012,5.8666,18.4334,6.0272,17.2289,15.2734,11.9035,0.0397,0.0397
2025-04-30,24.7,112.48,545.4917,472.1682,72.3081,86.2638,52.1864,99.47,165.0838,3.94,1.09,4.17,1.94,-0.39,55.5556,,-3.75,-9.2542,-11.7403,1.3325,-0.1144,-0.3263,44.0,11.0,-4.5943,0.0,10.0,-2.9464,32.3714,cnn,3,9,2,14,0.9333,1,0,3,4,normal,Normal / Mild Pullback,False,54.0529,1.192,15.0609,5.9599,18.3677,6.4035,17.2058,15.1987,11.9088,0.7087,0.7087
2025-05-01,24.6,107.33,549.3575,478.335,72.4015,86.3728,52.7649,100.25,164.8593,3.78,1.09,4.25,2.0,-0.39,59.292,,-1.87,-8.6111,-10.5875,1.0334,-0.1883,-0.389,36.0,13.0,-3.4293,5.0,12.0,-3.3155,41.2571,cnn,3,9,2,14,0.9333,1,0,2,3,normal,Normal / Mild Pullback,False,54.0655,1.18,15.0379,5.7282,18.3581,5.5366,17.2012,14.0864,11.9112,0.0591,0.0591
2025-05-02,22.68,101.4,557.5123,485.4354,72.6234,86.6201,54.2207,100.0,167.7678,3.6,1.06,4.33,2.06,-0.403,59.292,,-2.16,-7.2545,-9.2603,1.2291,1.3776,1.2792,-41.0,0.0,-2.028,27.0,28.0,3.7948,38.2857,cnn,3,9,2,14,0.9333,1,0,3,4,normal,Normal / Mild Pullback,False,51.0187,-0.427,10.2668,4.8416,17.6541,4.5787,16.6504,12.276,11.64,-1.4045,-1.4045
2025-05-05,23.64,104.45,554.3153,482.5555,72.5957,86.5834,54.0278,99.83,167.2115,3.6,1.05,4.36,2.08,-0.403,59.292,,-1.51,-7.7863,-9.7986,1.963,2.8043,2.8242,-85.0,-9.0,-3.0965,35.0,25.0,2.008,53.0571,cnn,3,9,2,14,0.9333,1,0,2,3,normal,Normal / Mild Pullback,False,45.7086,3.4569,24.644,5.5616,16.8318,5.7816,16.4158,12.5,11.5909,-0.8358,-0.8358
2025-05-06,24.76,106.18,549.6821,478.067,72.5402,86.5376,53.4687,99.24,165.972,3.66,1.05,4.3,2.04,-0.403,59.292,,0.59,-8.5571,-10.6376,1.6254,3.6167,3.7121,-95.0,-15.0,-3.8931,15.0,8.0,1.6012,54.6571,cnn,3,9,2,14,0.9333,1,0,2,3,normal,Normal / Mild Pullback,False,45.9133,5.0179,20.8261,6.0934,15.8373,6.6446,15.9263,11.5888,12.0134,0.4206,0.4206
2025-05-07,23.55,99.87,551.9938,479.9438,72.6049,86.556,53.5169,99.61,167.0651,3.67,1.05,4.26,2.01,-0.403,59.292,,-1.15,-8.1725,-10.2868,2.2687,4.1883,4.1661,-90.0,-13.0,-3.2537,0.0,-3.0,0.6202,54.1429,cnn,3,9,2,14,0.9333,1,0,2,3,normal,Normal / Mild Pullback,False,45.2342,4.7118,21.415,3.8688,19.6055,5.6848,16.174,12.8104,12.3087,0.5685,0.5685
2025-05-08,22.48,98.66,555.84,484.8992,72.5864,86.5834,54.8088,100.64,168.4705,3.51,1.02,4.37,2.08,-0.403,51.5337,,-2.12,-7.5327,-9.3605,2.482,1.4432,1.4633,-86.0,-19.0,-2.1963,3.0,1.0,4.8755,57.6571,cnn,3,9,2,14,0.9333,1,0,2,3,normal,Normal / Mild Pullback,False,26.3705,4.4951,21.6027,3.1908,19.5867,6.0312,16.3271,11.4619,12.3495,-0.1274,-0.1274
2025-05-09,21.9,100.4,555.1318,484.5814,72.6327,86.6018,54.5485,100.34,168.4315,3.53,1.02,4.37,2.08,-0.42,51.5337,,-0.78,-7.6505,-9.4199,2.8559,3.1928,3.1584,-89.0,-16.0,-0.5254,-3.0,-13.0,6.465,60.0286,cnn,3,9,2,14,0.9333,1,0,2,3,normal,Normal / Mild Pullback,False,20.2677,5.2911,19.9855,2.6172,20.1309,6.2622,16.271,12.4589,12.3893,2.6172,2.6172
2025-05-12,18.39,102.9,573.4775,504.3233,73.3539,87.6093,57.0551,101.79,173.0481,3.15,0.97,4.45,2.16,-0.42,51.5337,,-5.25,-4.5986,-5.7297,2.4849,3.9051,4.11,-111.0,-21.0,2.0144,-3.0,-12.0,10.0302,64.4857,cnn,3,9,2,14,0.9333,0,0,2,2,normal,Normal / Mild Pullback,False,22.289,2.0343,4.2479,1.3997,15.5275,3.446,12.0679,8.7701,10.6376,-0.6655,-0.6655
2025-05-13,18.22,100.13,577.2646,512.0096,73.4834,87.7467,57.3251,101.0,173.4385,3.09,0.94,4.49,2.17,-0.42,51.5337,,-6.54,-3.9686,-4.2929,2.1386,3.5756,3.6674,-105.0,-21.0,1.3649,11.0,2.0,8.9882,68.2,cnn,3,9,2,14,0.9333,0,0,2,2,normal,Normal / Mild Pullback,False,22.2201,1.0241,5.9931,0.1517,15.6123,2.4743,12.0258,8.8991,10.6649,-1.3172,-1.3172
2025-05-14,18.62,100.73,578.0025,515.0781,73.2152,87.4261,57.0647,101.04,172.3941,3.1,0.93,4.53,2.16,-0.42,51.5337,,-4.93,-3.8458,-3.7193,0.917,2.9174,2.9894,-99.0,-21.0,0.8182,18.0,0.0,6.2494,70.4,cnn,3,9,2,14,0.9333,0,0,2,2,normal,Normal / Mild Pullback,False,22.093,-0.805,14.8893,0.4186,15.7228,2.7502,12.0653,8.545,10.6877,-1.4432,-1.4432
2025-05-15,17.83,98.65,580.8256,515.6442,73.3539,87.5818,57.1226,100.88,173.9655,3.2,0.94,4.45,2.11,-0.42,44.4068,,-4.65,-3.3762,-3.6135,1.375,3.1257,3.2615,-96.0,-19.0,1.5094,16.0,-1.0,3.5079,69.1429,cnn,3,9,2,14,0.9333,0,0,1,1,normal,Normal / Mild Pullback,False,19.7018,-1.2482,13.971,-0.1812,15.5341,1.1076,12.7775,9.1674,10.831,-1.9222,-1.9222
2025-05-16,17.24,96.7,584.5046,517.8885,73.4371,87.6917,57.1129,101.09,175.6736,3.16,0.93,4.43,2.09,-0.438,44.4068,,-4.66,-2.7642,-3.194,1.5583,2.6453,2.7292,-86.0,-18.0,1.7207,9.0,-2.0,2.0644,70.6,cnn,3,9,2,14,0.9333,0,0,1,1,normal,Normal / Mild Pullback,False,19.6309,-2.5395,11.6674,-0.2508,15.4563,1.4271,13.0131,8.8516,10.7918,-2.5395,-2.5395
2025-05-19,18.14,103.81,585.1439,518.3849,73.4001,87.6368,56.8816,100.43,175.6541,3.21,0.92,4.46,2.1,-0.438,44.4068,,-0.25,-2.6578,-3.1012,1.1205,3.204,3.293,-95.0,-20.0,2.1876,4.0,-10.0,0.4514,69.7429,cnn,3,9,2,14,0.9333,0,0,1,1,normal,Normal / Mild Pullback,False,16.2996,-0.622,21.9226,0.2085,15.7375,0.4505,13.422,8.7428,10.795,-2.646,-2.646
2025-05-20,18.09,101.37,583.1766,516.6572,73.3632,87.6001,56.6213,100.12,175.1953,3.2,0.9,4.48,2.13,-0.438,44.4068,,-0.13,-2.9851,-3.4242,0.6522,2.7533,2.8633,-79.0,-21.0,1.2131,7.0,-1.0,-0.2646,69.1714,cnn,3,9,2,14,0.9333,0,0,1,1,normal,Normal / Mild Pullback,False,15.142,-0.8636,22.1379,0.5195,15.6168,0.7742,13.3562,8.8542,10.7778,-2.3176,-2.3176
2025-05-21,20.87,102.1,573.3495,509.4773,72.8731,87.0139,54.6159,99.56,171.3791,3.25,0.91,4.58,2.23,-0.438,44.4068,,2.25,-4.6199,-4.7663,-0.4504,1.5566,1.5883,-50.0,-17.0,-0.2804,18.0,12.0,-2.8214,66.2286,cnn,3,9,2,14,0.9333,1,0,1,2,normal,Normal / Mild Pullback,False,16.7027,1.2336,17.5628,1.7483,12.7251,2.2607,11.7429,10.6958,10.0797,-0.6434,-0.6434
2025-05-22,20.28,99.47,573.5759,510.4306,73.021,87.1605,54.6159,99.96,170.8325,3.32,0.92,4.54,2.2,-0.438,36.7213,,2.45,-4.5822,-4.5881,-0.5471,0.8576,0.8904,-41.0,-14.0,0.6748,22.0,18.0,-2.4544,66.8,cnn,3,9,2,14,0.9333,1,0,0,1,normal,Normal / Mild Pullback,False,15.5242,1.0804,17.7069,2.7526,13.3745,3.2301,12.1367,10.0519,10.1822,-0.6826,-0.6826
2025-05-23,22.29,100.91,569.6608,505.7036,73.0025,87.1238,54.3749,99.11,170.1493,3.4,0.93,4.51,2.18,-0.453,36.7213,,5.05,-5.2335,-5.4717,-0.9914,0.7425,0.6675,-27.0,-11.0,-0.3619,22.0,16.0,-0.5982,64.0857,cnn,3,9,2,14,0.9333,2,0,0,2,normal,Normal / Mild Pullback,False,15.8476,2.3484,15.8277,3.552,12.3492,5.0878,12.1432,10.5138,10.0693,1.4885,1.4885
2025-05-27,18.96,97.93,581.5043,517.6005,73.4464,87.6825,55.6668,99.52,173.3214,3.24,0.91,4.43,2.11,-0.453,36.7213,,0.82,-3.2633,-3.2478,-0.7605,1.3035,1.3024,-49.0,-13.0,0.5151,20.0,13.0,-0.8592,65.7429,cnn,3,9,2,14,0.9333,0,0,0,0,normal,Normal / Mild Pullback,False,17.0814,0.8357,7.9561,2.0181,8.1135,3.0051,10.0925,7.8286,9.331,-0.5785,-0.5785
2025-05-28,19.31,93.2,578.1401,515.3065,73.4001,87.6368,54.7606,99.88,171.8476,3.23,0.9,4.47,2.15,-0.453,36.7213,,1.22,-3.8229,-3.6767,-1.7185,0.9707,0.9945,-51.0,-16.0,0.6449,28.0,19.0,-2.171,64.7429,cnn,3,9,2,14,0.9333,0,0,0,0,normal,Normal / Mild Pullback,False,17.3636,1.3952,5.1646,2.3191,7.4261,4.4151,9.9441,10.1216,9.6424,0.2824,0.2824
2025-05-29,19.18,92.67,580.4223,516.3194,73.5111,87.7467,55.233,99.28,172.2672,3.22,0.9,4.43,2.11,-0.453,41.8605,,-1.69,-3.4433,-3.4873,-1.435,1.6637,1.7191,-72.0,-19.0,-0.191,26.0,17.0,-0.5317,64.4571,cnn,3,9,2,14,0.9333,0,0,1,1,normal,Normal / Mild Pullback,False,17.3391,0.5084,7.2546,2.3218,7.4278,4.5213,9.9747,9.2059,9.7078,-0.1119,-0.1119
2025-05-30,18.57,92.11,579.773,515.5051,73.5758,87.8474,54.8377,99.33,172.1989,3.31,0.91,4.41,2.07,-0.465,41.8605,,-1.71,-3.5513,-3.6395,-1.2217,1.622,1.7073,-47.0,-18.0,-0.9177,16.0,7.0,-1.5238,61.9143,cnn,3,9,2,14,0.9333,0,0,1,1,normal,Normal / Mild Pullback,False,17.3375,1.6543,9.3231,1.2912,10.0179,5.1386,9.9329,9.7859,9.7082,0.5633,0.5633
2025-06-02,18.36,95.76,583.0389,519.5767,73.5628,87.8437,54.4328,98.7,172.3356,3.27,0.91,4.46,2.13,-0.465,41.8605,,-3.93,-3.008,-2.8784,-2.3609,1.2935,1.4127,-33.0,-15.0,-1.3,13.0,7.0,-4.0041,62.4286,cnn,3,9,2,14,0.9333,0,0,1,1,normal,Normal / Mild Pullback,False,16.7851,1.1759,9.1788,1.6821,10.6512,4.5159,9.9099,9.4197,9.6726,0.0574,0.0574
2025-06-03,17.69,100.0,586.3637,523.6382,73.7022,88.0464,55.2908,99.25,173.7703,3.19,0.89,4.46,2.14,-0.465,41.8605,,-1.27,-2.4549,-2.1193,-2.4713,1.5242,1.6897,-41.0,-16.0,-0.581,10.0,6.0,-3.2558,54.5714,cnn,3,9,2,14,0.9333,0,0,1,1,normal,Normal / Mild Pullback,False,16.5489,1.1726,9.1713,0.2416,11.5171,4.3943,9.8642,9.1846,9.6428,-0.51,-0.51
2025-06-04,17.61,96.98,586.2064,525.098,73.8415,88.249,54.6063,98.79,173.3799,3.23,0.89,4.37,2.06,-0.465,41.8605,,-1.7,-2.4811,-1.8464,-3.9026,1.7939,1.9776,-43.0,-16.0,-0.4534,7.0,2.0,-4.2355,54.8857,cnn,3,9,2,14,0.9333,0,0,1,1,normal,Normal / Mild Pullback,False,16.0632,0.9112,9.7962,0.2534,11.5158,5.2454,10.0199,8.5626,9.7571,-0.4833,-0.4833
2025-06-05,18.48,94.65,583.3734,521.1456,73.6836,88.0648,54.5677,98.74,172.9114,3.18,0.89,4.4,2.11,-0.465,41.4141,,-0.7,-2.9524,-2.5852,-3.2084,1.4856,1.7432,-49.0,-16.0,-0.8734,14.0,10.0,-3.521,57.9714,cnn,3,9,2,14,0.9333,0,0,1,1,normal,Normal / Mild Pullback,False,16.3118,1.8042,7.8212,0.5036,11.2722,4.9684,10.3173,8.2814,9.8417,0.5036,0.5036
2025-06-06,16.77,89.65,589.364,526.24,73.6743,88.074,55.9368,99.19,174.4047,3.09,0.87,4.51,2.2,-0.474,41.4141,,-1.8,-1.9558,-1.6329,-2.392,1.4987,1.7216,-42.0,-15.0,-1.4408,14.0,12.0,-3.7472,61.7714,cnn,3,9,2,14,0.9333,0,0,1,1,normal,Normal / Mild Pullback,False,16.4646,-0.3572,10.6641,0.4647,11.18,3.8445,9.9397,7.7616,9.7045,-0.5179,-0.5179
2025-06-09,17.16,92.62,589.8951,527.0147,73.7115,88.1661,56.2163,98.94,174.434,3.12,0.87,4.49,2.18,-0.474,41.4141,,-1.2,-1.8674,-1.4881,-2.8322,1.4853,1.8064,-41.0,-15.0,-1.3953,12.0,10.0,-3.0157,63.4286,cnn,3,9,2,14,0.9333,0,0,1,1,normal,Normal / Mild Pullback,False,16.408,0.5003,12.9683,1.4831,12.3732,4.3732,10.0359,8.5644,9.8118,-0.6075,-0.6075
2025-06-10,16.95,91.22,593.2397,530.5002,73.888,88.3595,56.8141,99.05,175.3027,3.12,0.87,4.47,2.18,-0.474,41.4141,,-0.74,-1.311,-0.8366,-2.7472,0.7281,0.8564,-3.0,-10.0,-2.6918,2.0,2.0,-3.7396,64.0,cnn,3,9,2,14,0.9333,0,0,1,1,normal,Normal / Mild Pullback,False,12.0879,-0.9203,13.6677,0.9675,12.1535,4.0774,9.9544,7.6397,9.8089,-1.1679,-1.1679
2025-06-11,17.26,89.36,591.5477,528.7127,73.8694,88.3135,56.0428,98.63,174.8049,3.12,0.87,4.41,2.14,-0.474,41.4141,,-0.35,-1.5925,-1.1707,-3.3009,0.5253,0.6459,3.0,-7.0,-2.3465,-8.0,-3.0,-4.5973,64.2,cnn,3,9,2,14,0.9333,0,0,1,1,normal,Normal / Mild Pullback,False,12.0475,-0.6518,13.677,2.0485,12.39,4.0082,10.0001,8.2128,9.7748,-0.8852,-0.8852
2025-06-12,18.02,88.99,593.8987,529.954,73.953,88.424,55.7054,97.92,175.2148,3.17,0.88,4.36,2.11,-0.474,33.5897,,-0.46,-1.2014,-0.9387,-4.0021,1.0077,1.1415,7.0,-5.0,-3.0879,-17.0,-5.0,-4.995,64.6,cnn,3,9,2,14,0.9333,0,0,0,0,normal,Normal / Mild Pullback,False,12.0862,-1.2775,12.8527,2.1495,12.4432,3.7941,9.9721,8.0336,9.7615,-1.2775,-1.2775
2025-06-13,20.82,95.31,587.2589,523.3006,73.73,88.1477,54.211,98.18,173.0969,3.18,0.88,4.41,2.13,-0.482,33.5897,,4.05,-2.306,-2.1824,-3.7589,0.5128,0.6462,-2.0,-6.0,-2.6764,-4.0,2.0,-6.1367,59.5429,cnn,3,9,2,14,0.9333,1,0,0,1,normal,Normal / Mild Pullback,False,12.7938,0.8248,12.5995,3.7984,9.9779,4.5191,9.0195,9.5709,9.41,-0.1613,-0.1613
2025-06-16,19.11,93.48,592.8462,530.5797,73.8787,88.3503,54.4617,98.0,174.7659,3.1,0.87,4.46,2.16,-0.482,33.5897,,1.95,-1.3765,-0.8217,-3.6238,0.6013,0.7511,-6.0,-6.0,-3.0567,3.0,7.0,-5.9839,61.1143,cnn,3,9,2,14,0.9333,0,0,0,0,normal,Normal / Mild Pullback,False,13.0311,0.9779,13.2239,2.7869,9.6042,3.8802,8.6186,9.4402,9.37,-1.1023,-1.1023
2025-06-17,21.6,97.18,587.7802,525.4059,73.7951,88.2306,53.7868,98.82,173.0871,3.17,0.88,4.39,2.08,-0.482,33.5897,,4.65,-2.2193,-1.7888,-3.252,0.5381,0.6776,-4.0,-4.0,-1.6031,-7.0,-2.0,-5.8648,57.4286,cnn,3,9,2,14,0.9333,1,0,0,1,normal,Normal / Mild Pullback,False,13.4392,1.9053,9.7837,4.1428,7.2364,5.4167,7.785,10.3465,9.1405,-0.2499,-0.2499
2025-06-18,20.14,93.64,587.6917,525.3165,73.9066,88.3688,54.5003,98.91,173.1066,3.16,0.88,4.38,2.07,-0.482,33.5897,,2.88,-2.234,-1.8055,-2.9967,0.7407,0.8774,-4.0,-2.0,-1.2085,-10.0,-6.0,-4.4854,54.2857,cnn,3,9,2,14,0.9333,1,0,0,1,normal,Normal / Mild Pullback,False,13.3726,2.7181,9.3934,4.9794,7.0452,5.3554,7.8153,10.9507,9.1632,-0.2349,-0.2349
2025-06-20,20.62,90.1,586.3115,523.1715,74.1388,88.6359,54.9148,98.71,173.3897,3.13,0.88,4.38,2.05,-0.488,41.4179,,2.6,-2.4636,-2.2065,-2.1412,1.7369,1.864,-12.0,-3.0,-0.8538,-20.0,-18.0,-1.6756,54.5143,cnn,3,9,2,14,0.9333,1,0,1,2,normal,Normal / Mild Pullback,False,11.7851,3.4714,6.6419,4.4424,8.7734,5.8037,7.6003,11.0588,9.1469,0.9877,0.9877
2025-06-23,19.83,95.03,592.1027,528.551,74.2782,88.8109,56.1778,98.42,174.9204,3.12,0.89,4.34,2.04,-0.488,41.4179,,-0.99,-1.5002,-1.2009,-3.2277,1.7217,1.8935,-20.0,-3.0,-1.5406,-20.0,-16.0,-0.3588,56.6,cnn,3,9,2,14,0.9333,0,0,1,1,normal,Normal / Mild Pullback,False,12.1792,2.9493,6.1536,3.3642,8.4999,4.7838,7.1819,9.8359,9.0095,1.1047,1.1047
2025-06-24,17.48,92.62,598.6439,536.6336,74.4826,89.0504,56.7117,97.86,176.5766,3.06,0.88,4.3,2.01,-0.488,41.4179,,-1.63,-0.412,0.0,-3.387,2.0274,2.2112,-34.0,-5.0,-1.2612,-21.0,-17.0,-0.752,57.8857,cnn,3,9,2,14,0.9333,0,0,1,1,normal,Normal / Mild Pullback,False,12.1881,1.7914,5.349,2.8478,7.5522,4.5206,6.8268,9.1433,8.8182,0.056,0.056
2025-06-25,16.76,91.24,598.9792,538.0055,74.464,89.078,56.4399,97.68,175.3026,3.04,0.88,4.29,2.01,-0.488,41.4179,,-4.84,-0.3562,0.0,-4.5975,1.3856,1.5915,-20.0,-3.0,-1.8489,-14.0,-10.0,-1.5692,59.2571,cnn,3,9,2,14,0.9333,0,0,1,1,normal,Normal / Mild Pullback,False,10.101,2.1956,4.6468,3.0801,7.4484,4.4967,6.8346,9.6225,8.8448,0.7824,0.7824
2025-06-26,16.59,89.47,603.6656,543.0361,74.6777,89.3635,57.7407,97.15,176.6256,3.04,0.89,4.26,1.98,-0.488,40.2778,,-3.55,0.0,0.0,-4.7761,1.7405,1.9704,-19.0,-1.0,-2.7333,-21.0,-17.0,0.9836,63.0,cnn,3,9,2,14,0.9333,0,0,1,1,normal,Normal / Mild Pullback,False,9.9531,2.2014,4.6735,1.9203,7.5883,4.1234,6.5586,9.2861,8.774,0.4968,0.4968
2025-06-27,16.32,87.93,606.6648,544.8951,74.6405,89.2898,57.7116,97.4,177.2724,3.02,0.88,4.29,2.0,-0.495,40.2778,,-4.3,0.0,0.0,-4.7303,1.5364,1.7586,-20.0,-2.0,-1.8936,-14.0,-11.0,-0.0323,64.8,cnn,3,9,2,14,0.9333,0,0,1,1,normal,Normal / Mild Pullback,False,9.9836,0.9384,9.5063,1.61,7.3966,3.5826,6.5097,8.1538,8.8569,0.4456,0.4456
2025-06-30,16.73,90.26,609.5654,548.4245,74.9285,89.5938,57.6533,96.88,178.1054,2.96,0.86,4.24,1.95,-0.495,40.2778,,-3.1,0.0,0.0,-4.9301,1.8385,1.988,-35.0,-5.0,-2.4665,-17.0,-12.0,-0.0039,69.2286,cnn,3,9,2,14,0.9333,0,0,1,1,normal,Normal / Mild Pullback,False,9.9405,0.403,9.2292,0.6944,7.6992,2.8178,6.5863,7.2967,8.8741,-0.0324,-0.0324
2025-07-01,16.83,93.48,609.3681,543.8016,74.8342,89.529,59.624,96.82,180.1928,2.91,0.84,4.26,1.97,-0.495,40.2778,,-0.65,-0.0324,-0.8429,-3.9507,1.7284,1.9184,-36.0,-7.0,-1.9048,-20.0,-16.0,4.8041,67.5429,cnn,3,9,2,14,0.9333,0,0,1,1,normal,Normal / Mild Pullback,False,9.9186,1.0378,9.8102,1.0637,7.7829,2.7216,6.6269,6.8363,8.9486,0.4355,0.4355
2025-07-02,16.64,91.37,612.1306,547.5894,74.9743,89.705,60.6821,96.78,180.6044,2.88,0.83,4.3,2.0,-0.495,40.2778,,-0.12,0.0,-0.1523,-4.4091,1.726,1.8838,-31.0,-6.0,-2.4887,-16.0,-14.0,5.1309,63.7143,cnn,3,9,2,14,0.9333,0,0,1,1,normal,Normal / Mild Pullback,False,9.8728,0.8655,9.6136,1.2233,8.0164,1.8745,6.7506,6.9635,8.9713,-0.0177,-0.0177
2025-07-03,16.38,86.09,616.955,552.9777,75.021,89.7605,61.381,97.18,181.4766,2.8,0.8,4.35,2.02,-0.495,33.119,,-0.21,0.0,0.0,-4.0688,1.5972,1.7128,-43.0,-9.0,-1.6297,-2.0,-4.0,6.8042,77.6286,cnn,3,9,2,14,0.9333,0,0,0,0,normal,Normal / Mild Pullback,False,10.0284,-0.2751,8.3552,0.3582,7.1371,-0.5789,8.6997,6.4253,8.8687,-0.7996,-0.7996
2025-07-07,17.79,88.53,612.3575,548.8123,74.7689,89.4363,60.75,97.48,180.0262,2.86,0.81,4.4,2.05,-0.501,33.119,,1.47,-0.7452,-0.7533,-3.8084,1.473,1.5574,-32.0,-8.0,-1.2761,0.0,-6.0,6.0601,75.0857,cnn,3,9,2,14,0.9333,0,0,0,0,normal,Normal / Mild Pullback,False,10.3238,0.6654,5.6804,1.3034,5.6515,1.6901,9.8391,7.6282,8.7053,-0.0548,-0.0548
2025-07-08,16.81,88.05,612.022,549.1204,74.6662,89.2974,61.3034,97.51,180.477,2.92,0.82,4.42,2.07,-0.501,33.119,,0.08,-0.7996,-0.6976,-1.2769,1.3464,1.389,-17.0,-5.0,-1.6937,-9.0,-13.0,5.5367,74.6286,cnn,3,9,2,14,0.9333,0,0,0,0,normal,Normal / Mild Pullback,False,9.9439,0.2902,6.9366,1.3734,5.5988,1.23,10.0531,8.0542,8.7085,0.2225,0.2225
2025-07-09,15.94,84.31,615.6921,553.0076,74.8716,89.529,61.2742,97.47,181.016,2.94,0.83,4.34,2.01,-0.501,33.119,,-0.89,-0.2047,0.0,-2.6066,1.5739,1.5458,-18.0,-4.0,-1.4858,-15.0,-17.0,4.4303,75.9143,cnn,3,9,2,14,0.9333,0,0,0,0,normal,Normal / Mild Pullback,False,10.0396,0.0256,5.802,1.6264,6.2733,1.3973,10.1863,7.5338,8.6536,-0.375,-0.375
2025-07-10,15.78,81.58,617.4285,552.2122,74.7969,89.4826,61.7111,97.65,182.0646,2.92,0.83,4.35,2.01,-0.501,35.6322,,-0.86,0.0,-0.1438,-2.06,1.2301,1.2711,-20.0,-4.0,-1.4134,-12.0,-17.0,4.364,76.9714,cnn,3,9,2,14,0.9333,0,0,0,0,normal,Normal / Mild Pullback,False,9.9582,0.3547,7.1095,1.3742,6.2639,1.0274,10.1679,7.2298,8.6506,-0.6551,-0.6551
2025-07-11,16.4,85.48,615.258,550.9695,74.7036,89.3252,61.051,97.85,180.7318,2.97,0.83,4.43,2.06,-0.508,35.6322,,0.02,-0.3515,-0.3685,-2.7302,1.1292,1.1456,-15.0,-4.0,-0.7908,2.0,-8.0,4.7382,75.2571,cnn,3,9,2,14,0.9333,0,0,0,0,normal,Normal / Mild Pullback,False,10.0039,0.635,6.2929,2.1616,5.7575,2.1744,10.3618,7.994,8.6086,-0.3047,-0.3047
2025-07-14,17.2,90.73,616.4321,552.9679,74.7596,89.4086,61.7402,98.08,180.918,2.95,0.82,4.43,2.04,-0.508,35.6322,,-0.59,-0.1614,-0.0072,-2.7736,1.0906,1.1134,-22.0,-6.0,0.1634,7.0,-7.0,6.782,76.1143,cnn,3,9,2,14,0.9333,0,0,0,0,normal,Normal / Mild Pullback,False,9.9763,0.6338,6.2921,1.9414,5.8824,1.7781,10.4122,7.3887,8.6681,-0.4946,-0.4946
2025-07-15,17.38,88.95,613.7979,553.4748,74.5355,89.1214,59.5754,98.62,178.4092,2.95,0.81,4.5,2.09,-0.508,35.6322,,0.57,-0.588,0.0,-4.6262,1.0925,1.1046,-23.0,-7.0,0.4482,9.0,-4.0,5.1438,73.4857,cnn,3,9,2,14,0.9333,0,0,0,0,normal,Normal / Mild Pullback,False,9.0335,1.0801,4.3053,2.1088,5.4386,3.3031,10.7662,8.4926,8.6458,-0.0675,-0.0675
2025-07-16,17.16,89.52,615.85,554.0414,74.7316,89.3252,60.0996,98.39,179.105,3.0,0.81,4.46,2.05,-0.508,35.6322,,1.22,-0.2557,0.0,-5.1421,1.1545,1.1034,-10.0,-6.0,0.398,0.0,-11.0,6.2302,72.9429,cnn,3,9,2,14,0.9333,0,0,0,0,normal,Normal / Mild Pullback,False,8.6299,1.6004,6.2857,1.6405,5.6289,3.3113,10.7679,7.8179,8.6792,-0.4005,-0.4005
2025-07-17,16.52,85.57,619.6187,558.5252,74.8063,89.4363,61.3228,98.73,180.5652,2.91,0.8,4.47,2.04,-0.508,38.9831,,0.74,0.0,0.0,-5.3093,1.3703,1.3666,-26.0,-8.0,-0.0911,8.0,-4.0,8.1525,74.1714,cnn,3,9,2,14,0.9333,0,0,0,0,normal,Normal / Mild Pullback,False,7.8016,1.0159,5.9178,0.6433,5.6107,2.6925,10.6475,4.2657,10.421,-1.0063,-1.0063
2025-07-18,16.41,83.29,619.165,557.9883,74.9089,89.566,61.4199,98.48,180.4966,2.93,0.8,4.44,2.03,-0.512,38.9831,,0.01,-0.0732,-0.0961,-5.15,1.3562,1.3548,-23.0,-8.0,-0.4347,6.0,-4.0,6.9679,73.9429,cnn,3,9,2,14,0.9333,0,0,0,0,normal,Normal / Mild Pullback,False,7.832,1.5169,5.4944,-0.9338,10.3194,2.5272,10.7041,5.9432,10.8327,-0.9338,-0.9338
2025-07-21,16.65,86.62,620.339,560.8814,75.0116,89.6864,61.2257,97.85,179.8792,2.89,0.8,4.38,1.98,-0.512,38.9831,,-0.55,0.0,0.0,-5.1094,1.1772,1.1853,-24.0,-8.0,-0.8712,0.0,-7.0,5.3765,73.2857,cnn,3,9,2,14,0.9333,0,0,0,0,normal,Normal / Mild Pullback,False,7.6166,1.2994,5.9605,0.3817,13.0867,2.3109,10.7134,5.6135,10.8401,-1.1212,-1.1212
2025-07-22,16.5,89.89,620.4278,557.9785,75.1423,89.8531,61.5072,97.39,182.1724,2.9,0.81,4.35,1.96,-0.512,38.9831,,-0.88,0.0,-0.5176,-3.5233,1.1633,1.1736,-22.0,-8.0,-1.0465,1.0,-8.0,4.4883,73.8857,cnn,3,9,2,14,0.9333,0,0,0,0,normal,Normal / Mild Pullback,False,7.195,1.0177,6.9275,-0.1415,13.3731,1.7412,10.9629,6.0672,10.8627,-1.1354,-1.1354
2025-07-23,15.37,85.95,625.706,560.5236,75.1796,89.918,61.5072,97.21,183.6816,2.83,0.79,4.4,2.03,-0.512,38.9831,,-1.79,0.0,-0.0638,-2.7084,0.9358,0.9743,-23.0,-9.0,-0.6642,10.0,2.0,3.7652,76.3714,cnn,3,9,2,14,0.9333,0,0,0,0,normal,Normal / Mild Pullback,False,6.8353,0.0394,4.0839,-0.2255,13.2273,0.6149,10.6457,4.4562,10.8648,-1.9694,-1.9694
2025-07-24,15.39,82.75,625.9133,561.7165,75.0863,89.7883,60.3617,97.38,183.0936,2.82,0.79,4.43,1.98,-0.512,34.0426,,-1.13,0.0,0.0,-3.2865,0.8357,0.7974,-22.0,-9.0,-0.3071,14.0,-3.0,2.3466,75.2571,cnn,3,9,2,14,0.9333,0,0,0,0,normal,Normal / Mild Pullback,False,6.8431,-0.3688,4.8792,-0.3421,13.2266,0.1781,10.7559,5.0143,10.9113,-2.0018,-2.0018
2025-07-25,14.93,82.09,628.5573,563.0685,75.133,89.8809,60.1191,97.65,183.9756,2.84,0.78,4.4,1.96,-0.517,34.0426,,-1.48,0.0,0.0,-3.1848,0.6097,0.579,-20.0,-11.0,0.5147,14.0,-2.0,-0.0042,74.6571,cnn,3,9,2,14,0.9333,0,0,0,0,normal,Normal / Mild Pullback,False,6.5652,-2.4141,10.543,0.0125,13.6817,1.2887,11.9612,5.6602,11.0642,-2.4141,-2.4141
2025-07-28,15.03,83.73,628.3994,564.8282,75.0956,89.8439,60.0705,98.66,182.8878,2.82,0.78,4.42,1.98,-0.517,34.0426,,-1.62,-0.0251,0.0,-3.8315,0.6097,0.6205,-20.0,-10.0,1.2936,13.0,-2.0,0.4874,73.8,cnn,3,9,2,14,0.9333,0,0,0,0,normal,Normal / Mild Pullback,False,6.5166,-0.9059,17.8687,-0.1601,13.7184,0.8682,12.0928,5.6852,11.0632,-2.3896,-2.3896
2025-07-29,15.98,85.07,626.7419,563.9534,75.1423,89.8624,59.7793,98.91,182.7996,2.86,0.79,4.34,1.91,-0.517,34.0426,,-0.52,-0.2888,-0.1549,-2.8085,0.2853,0.2998,-10.0,-7.0,2.0954,10.0,-4.0,0.8458,70.6286,cnn,3,9,2,14,0.9333,0,0,0,0,normal,Normal / Mild Pullback,False,6.5935,-1.1476,18.0228,1.1696,14.6263,1.5584,12.1051,5.4138,11.1111,-2.1314,-2.1314
2025-07-30,15.48,81.88,625.9527,564.7089,74.9836,89.705,59.0124,99.94,181.6138,2.89,0.78,4.38,1.96,-0.517,34.0426,,0.11,-0.4144,-0.0211,-3.5831,0.1996,0.1966,-2.0,-6.0,3.2225,12.0,-1.0,-3.648,68.0286,cnn,3,9,2,14,0.9333,0,1,0,1,normal,Normal / Mild Pullback,False,6.6342,-0.2648,19.4011,1.6439,14.5978,1.9182,12.0914,6.1726,11.1492,-2.008,-2.008
2025-07-31,16.72,79.84,623.6047,561.7165,75.0303,89.742,58.3037,100.03,179.9577,2.86,0.79,4.37,1.98,-0.517,33.0,,1.33,-0.7879,-0.5509,-4.3353,0.0747,0.0413,-2.0,-4.0,3.3581,7.0,-2.0,-5.6872,63.7143,cnn,3,9,2,14,0.9333,0,1,0,1,normal,Normal / Mild Pullback,False,6.7578,0.0269,19.2048,2.0361,14.3252,2.6642,11.9915,7.4433,11.199,-1.639,-1.639
2025-08-01,20.38,83.83,613.3835,550.6514,75.034,89.7411,57.1,98.69,177.929,3.13,0.82,4.23,1.9,-0.519,33.0,,5.45,-2.4141,-2.5099,-3.9291,0.0174,-0.0217,33.0,2.0,1.5538,-12.0,-12.0,-6.4329,49.8,cnn,3,9,2,14,0.9333,2,0,0,2,normal,Normal / Mild Pullback,False,8.6713,2.4866,12.6,3.4935,10.4228,3.7525,10.3876,10.5224,10.7782,1.0053,1.0053
2025-08-04,17.52,87.95,622.7067,560.8118,75.2873,90.0764,57.9057,98.78,180.1046,3.02,0.82,4.22,1.85,-0.519,33.0,,2.49,-0.9308,-0.7111,-4.437,0.6933,0.7156,16.0,1.0,1.3336,-18.0,-20.0,-6.2662,56.8857,cnn,3,9,2,14,0.9333,0,0,0,0,normal,Normal / Mild Pullback,False,9.8348,0.7526,9.3163,1.9218,8.2341,1.4418,9.628,9.1568,10.4121,-0.507,-0.507
2025-08-05,17.85,89.2,619.5496,557.0042,75.2498,90.0112,58.0999,98.78,179.6049,2.98,0.82,4.22,1.86,-0.519,33.0,,1.87,-1.4331,-1.3852,-4.3538,0.7816,0.7993,6.0,0.0,1.3024,-20.0,-21.0,-6.3772,55.0286,cnn,3,9,2,14,0.9333,0,0,0,0,normal,Normal / Mild Pullback,False,10.0491,2.3441,8.9781,1.8855,8.3204,2.5113,9.5092,9.7657,10.3248,0.6816,0.6816
2025-08-06,16.77,83.89,624.2952,564.0131,75.3249,90.1323,57.6339,98.18,179.203,2.98,0.81,4.22,1.88,-0.519,33.0,,1.29,-0.6781,-0.1443,-5.3919,0.6054,0.6739,4.0,-2.0,0.7284,-12.0,-13.0,-7.2372,55.3143,cnn,3,9,2,14,0.9333,0,0,0,0,normal,Normal / Mild Pullback,False,10.1833,1.9138,8.5816,0.8423,7.9188,2.5822,9.5739,7.7333,10.5627,-0.0838,-0.0838
2025-08-07,16.57,80.15,623.7723,565.9219,75.2498,90.067,57.1291,98.4,179.0952,2.95,0.8,4.23,1.88,-0.519,43.2277,,-0.15,-0.7613,0.0,-4.8503,0.6055,0.6531,3.0,-3.0,0.768,-12.0,-13.0,-8.3664,54.7143,cnn,3,9,2,14,0.9333,0,1,1,2,normal,Normal / Mild Pullback,False,10.1657,2.0087,8.2856,0.5219,8.2612,2.3709,9.6618,8.1773,10.5617,0.5219,0.5219
2025-08-08,15.15,79.2,628.6361,571.2009,75.2592,90.0857,57.8184,98.18,179.4186,2.94,0.8,4.27,1.88,-0.521,43.2277,,-5.23,0.0,0.0,-5.0057,0.7438,0.8514,-3.0,-3.0,0.3373,-16.0,-18.0,-7.3104,58.3714,cnn,3,9,2,14,0.9333,0,0,1,1,normal,Normal / Mild Pullback,False,10.3598,0.9825,8.4792,1.2759,10.6134,1.8284,9.3601,7.5418,10.4765,-0.2558,-0.2558
2025-08-11,16.25,81.76,627.3931,569.5108,75.2592,90.067,57.663,98.52,178.9286,2.94,0.8,4.27,1.87,-0.521,43.2277,,-1.27,-0.1977,-0.2959,-4.3803,0.6683,0.7365,-1.0,-2.0,0.4486,-16.0,-17.0,-8.2355,57.6286,cnn,3,9,2,14,0.9333,0,1,1,2,normal,Normal / Mild Pullback,False,10.4111,1.1605,8.0454,1.03,10.8883,2.266,9.3084,6.4776,10.7992,-0.0582,-0.0582
2025-08-12,14.73,77.42,634.0723,576.6688,75.4281,90.244,59.7405,98.1,181.2022,2.93,0.79,4.29,1.91,-0.521,43.2277,,-3.12,0.0,0.0,-4.5871,1.1974,1.2596,-2.0,-2.0,-0.5273,-21.0,-18.0,-2.9293,62.2571,cnn,3,9,2,14,0.9333,0,0,1,1,normal,Normal / Mild Pullback,False,10.7683,-0.4481,5.1919,0.3843,9.7248,1.4813,8.6472,5.721,10.6276,-1.111,-1.111
2025-08-13,14.49,77.31,636.2429,576.9572,75.6251,90.5048,60.8083,97.84,183.7895,2.9,0.78,4.24,1.87,-0.521,43.2277,,-2.28,0.0,0.0,-3.8876,1.1956,1.3206,-10.0,-3.0,-0.559,-22.0,-18.0,-2.0639,63.3429,cnn,3,9,2,14,0.9333,0,0,1,1,normal,Normal / Mild Pullback,False,10.77,-1.0513,3.5389,0.2698,9.6417,1.9755,9.0114,4.2299,10.8811,-1.4483,-1.4483
2025-08-14,14.83,76.77,636.302,576.5099,75.4281,90.244,60.7695,98.25,182.5939,2.89,0.77,4.29,1.9,-0.521,46.1538,,-1.74,0.0,-0.0775,-4.4067,0.8312,0.9031,-2.0,-3.0,-0.4862,-18.0,-14.0,-3.5006,63.2571,cnn,3,9,2,14,0.9333,0,0,1,1,normal,Normal / Mild Pullback,False,10.6502,-1.4575,3.1006,0.6155,9.7779,1.9319,9.0182,4.3228,10.8805,-1.4575,-1.4575
2025-08-15,15.09,76.66,634.8123,573.9747,75.4843,90.272,59.789,97.85,182.1431,2.88,0.75,4.33,1.95,-0.524,46.1538,,-0.06,-0.2341,-0.5169,-4.4909,0.7682,0.7882,-5.0,-5.0,-0.6397,-11.0,-8.0,-5.0547,63.5429,cnn,3,9,2,14,0.9333,0,0,1,1,normal,Normal / Mild Pullback,False,10.7071,0.2906,13.3633,0.2502,10.2453,2.7151,9.0559,6.1994,11.2735,-1.2262,-1.2262
2025-08-18,14.99,81.82,634.6741,573.746,75.4281,90.2254,60.1191,98.17,182.1039,2.88,0.75,4.34,1.96,-0.524,46.1538,,-1.26,-0.2558,-0.5566,-4.0091,0.5552,0.601,-1.0,-5.0,0.327,-4.0,-2.0,-4.0253,64.2,cnn,3,9,2,14,0.9333,0,0,1,1,normal,Normal / Mild Pullback,False,10.717,-0.129,13.8439,-0.471,10.9542,2.596,9.0916,6.4657,11.2736,-1.2047,-1.2047
2025-08-19,15.57,82.15,631.231,565.9616,75.4093,90.2161,60.0123,98.27,182.9564,2.9,0.76,4.3,1.95,-0.524,46.1538,,0.84,-0.797,-1.9058,-2.685,0.3553,0.4039,0.0,-5.0,0.9036,-5.0,-1.0,-4.1004,59.8857,cnn,3,9,2,14,0.9333,0,0,1,1,normal,Normal / Mild Pullback,False,10.9667,0.8362,13.2469,0.6142,10.9299,3.0275,8.7974,7.106,11.193,-0.6658,-0.6658
2025-08-20,15.69,80.75,629.5538,562.6013,75.3811,90.1509,60.2258,98.22,182.7898,2.94,0.77,4.29,1.94,-0.524,46.1538,,1.2,-1.0605,-2.4882,-2.7913,0.2681,0.259,11.0,-2.0,1.039,-11.0,-9.0,-2.6818,55.9143,cnn,3,9,2,14,0.9333,0,0,1,1,normal,Normal / Mild Pullback,False,10.6491,1.3352,12.6829,1.7254,11.39,3.7846,8.7227,5.6092,11.7547,-0.4012,-0.4012
2025-08-21,16.6,80.52,627.028,559.9966,75.2404,89.9925,59.9831,98.62,182.1528,2.95,0.77,4.33,1.94,-0.524,44.8052,,1.77,-1.4575,-2.9396,-2.5347,0.2053,0.2275,13.0,-2.0,1.2734,-10.0,-4.0,-0.8039,52.6,cnn,3,9,2,14,0.9333,0,0,1,1,normal,Normal / Mild Pullback,False,10.76,2.1037,11.2296,1.8394,11.2452,4.7188,8.4989,6.0173,11.7121,0.7427,0.7427
2025-08-22,14.22,78.1,636.6572,568.6359,75.8502,90.747,62.944,97.72,185.7005,2.88,0.77,4.26,1.85,-0.525,44.8052,,-0.87,0.0,-1.4423,-1.8711,0.9546,0.9635,4.0,-1.0,0.0717,-14.0,-11.0,3.3668,55.5429,cnn,3,9,2,14,0.9333,0,0,1,1,normal,Normal / Mild Pullback,False,11.9808,-0.0403,7.5439,0.5455,8.4605,3.6229,7.0768,3.4411,11.5157,-0.781,-0.781
2025-08-25,14.79,77.56,633.8553,566.9955,75.7001,90.6352,62.6042,98.43,184.2794,2.8,0.76,4.28,1.87,-0.525,44.8052,,-0.2,-0.4401,-1.7266,-2.0447,0.805,0.8808,-2.0,-2.0,-0.2331,-14.0,-11.0,3.3208,53.9429,cnn,3,9,2,14,0.9333,0,0,1,1,normal,Normal / Mild Pullback,False,12.1128,-0.3424,8.8343,1.2234,8.0196,3.5144,7.207,3.0258,11.619,-0.3424,-0.3424
2025-08-26,14.62,79.36,636.5092,569.2722,75.869,90.8308,63.3226,98.23,184.4068,2.78,0.78,4.26,1.84,-0.525,44.8052,,-0.95,-0.0232,-1.332,-2.4561,0.9671,1.0777,-8.0,-1.0,-0.6875,-8.0,-7.0,4.3018,55.4,cnn,3,9,2,14,0.9333,0,0,1,1,normal,Normal / Mild Pullback,False,12.1236,-0.2201,9.291,1.0928,7.9115,2.7548,7.3475,2.9926,11.6148,-0.7579,-0.7579
2025-08-27,14.85,77.66,637.9595,570.1471,75.9628,90.9705,63.8274,98.23,185.0733,2.78,0.78,4.24,1.81,-0.525,44.8052,,-0.84,0.0,-1.1803,-1.8539,1.3059,1.4108,-11.0,0.0,-1.711,-14.0,-15.0,6.1236,59.1143,cnn,3,9,2,14,0.9333,0,0,1,1,normal,Normal / Mild Pullback,False,12.1089,0.3851,11.2004,1.7011,8.6982,2.0482,7.6359,1.1922,12.0531,-0.9836,-0.9836
2025-08-28,14.43,77.55,640.2188,573.7162,76.0003,90.9798,63.6041,97.81,184.985,2.75,0.79,4.22,1.81,-0.525,39.4464,,-2.17,0.0,-0.5617,-2.5011,1.2929,1.3793,-11.0,0.0,-2.2193,-15.0,-17.0,6.2599,64.4286,cnn,3,9,2,14,0.9333,0,0,0,0,normal,Normal / Mild Pullback,False,12.0074,-0.2589,11.1306,1.3083,8.6849,2.2707,7.7692,1.8395,12.1985,-1.333,-1.333
2025-08-29,15.36,79.39,636.4006,567.0751,75.8596,90.8215,63.5944,97.77,184.8478,2.82,0.8,4.23,1.82,-0.526,39.4464,,1.14,-0.5964,-1.7128,-1.7945,1.1003,1.2039,-31.0,-2.0,-0.9322,0.0,-8.0,7.3456,61.5429,cnn,3,9,2,14,0.9333,0,0,0,0,normal,Normal / Mild Pullback,False,10.4321,0.586,10.0839,2.4587,7.8431,3.1734,7.3164,3.9585,12.4723,-0.741,-0.741
2025-09-02,17.17,85.28,631.6848,562.323,75.7776,90.6895,63.1769,98.4,183.3876,2.92,0.82,4.28,1.87,-0.526,39.4464,,2.38,-1.333,-2.5364,-2.0527,0.6512,0.6806,-10.0,0.0,-0.3847,6.0,2.0,7.5524,62.4571,cnn,3,9,2,14,0.9333,0,0,0,0,normal,Normal / Mild Pullback,False,9.6571,1.5712,6.6234,3.0815,6.1061,4.3352,6.5266,5.7197,12.4823,0.542,0.542
2025-09-03,16.35,89.67,635.1082,566.7471,75.985,90.9704,63.2643,98.14,183.1034,2.88,0.81,4.22,1.82,-0.526,39.4464,,1.73,-0.7982,-1.7696,-2.5742,0.977,1.0657,-10.0,-1.0,-0.6479,0.0,-4.0,6.2214,61.3714,cnn,3,9,2,14,0.9333,0,0,0,0,normal,Normal / Mild Pullback,False,9.5381,1.3158,6.3095,2.3985,6.2928,4.1264,6.431,5.8757,12.5086,0.5437,0.5437
2025-09-04,15.3,88.26,640.4161,571.877,76.1923,91.2233,64.1962,98.35,184.4558,2.84,0.79,4.17,1.79,-0.526,43.3657,,0.45,0.0,-0.8805,-2.5967,1.1517,1.2104,-14.0,-2.0,0.1731,-5.0,-9.0,8.5824,61.1714,cnn,3,9,2,14,0.9333,0,0,1,1,normal,Normal / Mild Pullback,False,9.6032,1.311,6.2828,2.0243,5.5473,3.3823,5.9876,5.5713,12.4499,-0.2896,-0.2896
2025-09-05,15.18,85.29,638.5613,572.7021,76.2301,91.3169,63.5361,97.77,184.6714,2.83,0.79,4.1,1.73,-0.526,43.3657,,0.75,-0.2896,-0.7375,-2.1324,1.3027,1.3877,-12.0,-1.0,-0.6402,-13.0,-15.0,8.6392,58.6857,cnn,3,9,2,14,0.9333,0,0,1,1,normal,Normal / Mild Pullback,False,9.6912,1.5713,4.9993,2.8274,4.973,3.6811,5.7799,5.3946,12.4765,0.2457,0.2457
2025-09-08,15.11,84.0,640.13,575.4957,76.2301,91.3263,63.6041,97.45,184.5244,2.84,0.8,4.05,1.7,-0.526,43.3657,,-0.25,-0.0447,-0.2533,-2.4512,1.29,1.3771,-10.0,0.0,-0.7435,-22.0,-18.0,8.0315,58.2286,cnn,3,9,2,14,0.9333,0,0,1,1,normal,Normal / Mild Pullback,False,9.3889,1.8618,5.1685,3.0607,5.0597,3.7979,5.8104,5.3311,12.4738,0.2312,0.2312
2025-09-09,15.04,82.2,641.61,577.1262,76.1452,91.2139,62.9537,97.79,183.956,2.87,0.8,4.08,1.72,-0.526,43.3657,,-2.13,0.0,0.0,-2.8183,1.1773,1.2733,-7.0,0.0,-0.741,-19.0,-15.0,6.7559,57.9429,cnn,3,9,2,14,0.9333,0,0,1,1,normal,Normal / Mild Pullback,False,9.3365,1.4869,6.3227,2.2633,6.6239,3.1745,6.1335,5.452,12.4817,0.2891,0.2891
2025-09-10,15.35,79.58,643.4647,577.3151,76.2018,91.2982,63.0216,97.78,183.7699,2.84,0.79,4.04,1.69,-0.526,43.3657,,-1.0,0.0,0.0,-3.1076,1.0258,1.1681,-9.0,0.0,-0.3262,-25.0,-22.0,3.9525,57.9429,cnn,3,9,2,14,0.9333,0,0,1,1,normal,Normal / Mild Pullback,False,8.6711,1.0687,6.9937,1.6441,7.139,3.4906,6.3145,5.2249,12.4747,0.7973,0.3264
2025-09-11,14.71,75.07,648.812,580.6754,76.3903,91.5604,63.3031,97.54,186.5236,2.78,0.78,4.01,1.67,-0.526,49.481,,-0.59,0.0,0.0,-2.4785,1.0119,1.1663,-12.0,0.0,-0.3066,-23.0,-20.0,2.0861,60.3429,cnn,3,9,2,14,0.9333,0,0,1,1,normal,Normal / Mild Pullback,False,9.0367,0.704,5.2432,0.3413,6.7004,2.3403,6.0136,4.5559,12.3807,-0.0335,-0.5004
2025-09-12,14.76,73.37,648.5949,583.2403,76.3149,91.4855,63.0896,97.55,185.181,2.79,0.77,4.06,1.7,-0.526,49.481,,-0.42,-0.0335,0.0,-3.0443,1.1757,1.3756,-10.0,0.0,-0.7125,-23.0,-20.0,1.8502,61.3429,cnn,3,9,2,14,0.9333,0,0,1,1,normal,Normal / Mild Pullback,False,9.0436,1.2367,5.4741,0.9499,7.1989,-0.3924,11.797,4.2767,12.4027,-0.3924,-0.4671
2025-09-15,15.69,76.88,652.048,588.231,76.5317,91.7664,62.478,97.3,184.8577,2.75,0.75,4.05,1.68,-0.526,49.481,,0.58,0.0,0.0,-3.7516,1.3875,1.6555,-13.0,0.0,-0.5621,-28.0,-27.0,1.7353,64.4571,cnn,3,9,2,14,0.9333,0,0,1,1,normal,Normal / Mild Pullback,False,9.0803,1.177,5.2936,0.6975,6.8764,0.6004,12.886,3.6349,12.3692,-0.9199,-0.9942
2025-09-16,16.36,77.09,651.1502,587.734,76.4751,91.7009,61.8276,96.63,184.3676,2.79,0.76,4.04,1.67,-0.526,49.481,,1.32,-0.1377,-0.0845,-4.2567,1.3882,1.6353,-9.0,1.0,-1.5687,-30.0,-29.0,0.2397,64.3714,cnn,3,9,2,14,0.9333,0,0,1,1,normal,Normal / Mild Pullback,False,9.1162,0.765,7.452,1.2162,6.9262,0.6161,12.8834,4.4661,12.423,-0.7833,-0.8577
2025-09-17,15.72,75.95,650.3412,586.5609,76.3997,91.5885,62.5654,96.87,184.5441,2.79,0.76,4.06,1.68,-0.526,49.481,,0.37,-0.2618,-0.2839,-3.946,1.3134,1.5213,-11.0,0.0,-1.4246,-24.0,-27.0,1.1908,63.7714,cnn,3,9,2,14,0.9333,0,0,1,1,normal,Normal / Mild Pullback,False,8.8233,0.5693,8.0133,1.6874,6.858,1.1885,12.9501,4.8394,12.4203,-0.6598,-0.7344
2025-09-18,15.7,71.91,653.3799,591.8499,76.5694,91.7945,64.2351,97.35,185.7494,2.71,0.75,4.11,1.73,-0.526,42.3611,,0.99,0.0,0.0,-3.6177,1.5763,1.8232,-23.0,-2.0,-0.8858,-18.0,-21.0,2.7676,66.5429,cnn,3,9,2,14,0.9333,0,0,1,1,normal,Normal / Mild Pullback,False,8.7478,-0.3602,8.1495,1.3311,6.653,0.032,13.1126,3.2299,12.6174,-1.1218,-1.196
2025-09-19,15.45,72.51,656.616,595.8563,76.5977,91.8601,63.4293,97.64,185.4261,2.72,0.74,4.14,1.75,-0.525,42.3611,,0.69,0.0,0.0,-3.5099,1.8039,2.0752,-23.0,-3.0,-0.9937,-19.0,-19.0,0.9802,66.2286,cnn,3,9,2,14,0.9333,0,0,1,1,normal,Normal / Mild Pullback,False,8.5238,-0.2833,8.4983,0.8302,6.3569,0.104,13.1509,2.5659,12.5903,-1.6092,-1.683
2025-09-22,16.1,75.8,659.7226,599.3838,76.6542,91.9537,62.6479,97.33,185.5146,2.69,0.74,4.15,1.78,-0.525,42.3611,,0.41,0.0,0.0,-3.892,1.06,1.3298,-19.0,-3.0,-0.3991,-11.0,-7.0,-3.9501,66.5143,cnn,3,9,2,14,0.9333,0,0,1,1,normal,Normal / Mild Pullback,False,7.0809,-0.4739,7.8306,0.7153,6.1848,0.6688,13.5611,1.804,12.5743,-2.0725,-2.146
2025-09-23,16.64,75.66,656.1312,595.4025,76.5977,91.8975,62.5698,97.26,185.741,2.71,0.75,4.12,1.75,-0.525,42.3611,,0.28,-0.5444,-0.6642,-3.1221,1.1857,1.3927,-9.0,-1.0,-1.1887,-16.0,-12.0,-3.4481,56.7714,cnn,3,9,2,14,0.9333,0,0,1,1,normal,Normal / Mild Pullback,False,7.2104,0.4478,7.1958,0.8911,5.7437,1.2183,13.3893,1.2349,12.7354,-1.5365,-1.6103
2025-09-24,16.18,75.13,654.0437,593.3123,76.494,91.7571,62.4428,97.87,185.3079,2.7,0.75,4.16,1.78,-0.525,42.3611,,0.46,-0.8608,-1.013,-3.0316,0.8238,1.0197,-8.0,-3.0,-0.3665,-10.0,-6.0,-4.033,54.5714,cnn,3,9,2,14,0.9333,0,0,1,1,normal,Normal / Mild Pullback,False,7.3515,1.1118,6.3076,1.8167,5.7595,1.0135,13.4844,2.3249,12.8025,-1.2222,-1.2963
2025-09-25,16.74,75.44,651.0263,590.7543,76.2772,91.4667,62.4038,98.55,183.7823,2.76,0.76,4.18,1.8,-0.525,39.2086,,1.04,-1.3182,-1.4397,-4.5343,0.4139,0.5455,-2.0,-2.0,0.3258,-6.0,-1.0,-4.1927,50.6571,cnn,3,9,2,14,0.9333,0,0,0,0,normal,Normal / Mild Pullback,False,7.6399,1.6974,2.6183,1.9923,5.2651,2.0834,13.4716,3.7309,12.8798,-0.7644,-0.8388
2025-09-26,15.29,74.38,654.756,593.1829,76.428,91.6353,62.6968,98.15,185.6032,2.75,0.75,4.2,1.82,-0.524,39.2086,,-0.16,-0.7528,-1.0345,-3.9225,0.5627,0.7204,0.0,-4.0,0.3476,-2.0,1.0,-3.6151,51.2857,cnn,3,9,2,14,0.9333,0,0,0,0,normal,Normal / Mild Pullback,False,7.7738,1.1166,2.541,-1.3297,15.319,2.3314,13.6102,3.7825,12.8886,-1.3297,-1.4037
2025-09-29,16.12,75.51,656.5962,595.93,76.56,91.832,62.0912,97.91,186.2233,2.74,0.75,4.15,1.8,-0.524,39.2086,,0.02,-0.4739,-0.5762,-3.5797,0.9233,1.1126,-8.0,-5.0,0.1432,-8.0,-2.0,-5.3668,50.9714,cnn,3,9,2,14,0.9333,0,0,0,0,normal,Normal / Mild Pullback,False,7.3219,1.1948,2.7071,-0.0964,17.3892,3.2486,14.1132,3.9647,12.9063,-1.6062,-1.68
2025-09-30,16.28,77.93,659.0695,597.5624,76.5317,91.7664,61.8275,97.77,186.7154,2.8,0.76,4.16,1.8,-0.524,39.2086,,-0.36,-0.099,-0.3039,-3.6352,0.9952,1.1875,-12.0,-6.0,-0.6402,-12.0,-7.0,-6.2023,51.4,cnn,3,9,2,14,0.9333,0,0,0,0,normal,Normal / Mild Pullback,False,6.5357,0.4413,4.7379,-0.5929,17.2592,3.1343,14.0962,3.9389,12.9039,-1.9754,-2.049
2025-10-01,16.29,73.5,661.3153,600.4288,76.6747,91.9435,61.5052,97.71,187.1387,2.81,0.76,4.12,1.77,-0.524,39.2086,,0.11,0.0,0.0,-4.0378,0.9077,1.0696,-7.0,-5.0,-0.4381,-10.0,-5.0,-6.6333,52.4857,cnn,3,9,2,14,0.9333,0,0,0,0,normal,Normal / Mild Pullback,False,6.4398,0.6971,5.8127,-0.4907,17.3334,2.8334,14.0833,3.5754,12.8918,-2.3083,-2.3816
2025-10-02,16.63,71.21,662.077,602.8973,76.6463,91.8964,61.3587,97.85,187.5816,2.81,0.75,4.1,1.76,-0.524,39.1667,,-0.11,0.0,0.0,-3.633,0.5958,0.7379,-3.0,-4.0,-0.5084,-7.0,-3.0,-7.5472,54.5429,cnn,3,9,2,14,0.9333,0,0,0,0,normal,Normal / Mild Pullback,False,5.9935,0.2899,6.5788,-1.2821,17.5831,1.5854,14.7621,3.0876,12.9193,-2.4207,-2.4939
2025-10-03,16.65,69.53,662.0672,600.3592,76.5611,91.7834,61.974,97.72,188.241,2.8,0.75,4.13,1.8,-0.523,39.1667,,1.36,-0.0015,-0.421,-3.5786,0.4342,0.5108,-3.0,-4.0,-0.0511,3.0,7.0,-5.9217,52.5714,cnn,3,9,2,14,0.9333,0,0,0,0,normal,Normal / Mild Pullback,False,5.786,-2.4193,21.0176,-0.7203,17.9259,1.9202,14.7846,2.9632,12.9237,-2.4193,-2.4925
2025-10-06,16.37,72.99,664.4415,604.868,76.58,91.8022,62.5991,98.11,188.182,2.76,0.74,4.18,1.84,-0.523,39.1667,,0.25,0.0,0.0,-3.5852,0.459,0.5211,-8.0,-6.0,0.6773,13.0,14.0,-5.1812,53.9714,cnn,3,9,2,14,0.9333,0,0,0,0,normal,Normal / Mild Pullback,False,5.8164,-1.276,25.19,-0.0462,18.6864,1.7466,14.7567,1.8351,13.008,-2.768,-2.8409
2025-10-07,17.24,75.43,661.9781,601.683,76.4948,91.6986,62.1498,98.58,187.3552,2.82,0.75,4.14,1.79,-0.523,39.1667,,0.96,-0.3707,-0.5266,-3.567,0.459,0.5314,-5.0,-5.0,0.8079,6.0,7.0,-4.3145,51.8571,cnn,3,9,2,14,0.9333,0,0,0,0,normal,Normal / Mild Pullback,False,6.1395,-1.0297,25.1807,0.3243,18.575,0.9146,15.3697,2.4015,12.9845,-2.4061,-2.4794
2025-10-08,16.3,74.87,665.9255,608.5806,76.3811,91.5668,61.7689,98.85,187.9655,2.84,0.75,4.13,1.78,-0.523,39.1667,,0.01,0.0,0.0,-2.8908,0.2354,0.2942,0.0,-4.0,1.0943,9.0,9.0,-5.2936,52.9429,cnn,3,9,2,14,0.9333,0,0,0,0,normal,Normal / Mild Pullback,False,6.3212,-1.1796,24.8982,-0.7889,18.4737,0.6641,15.277,2.4724,12.9979,-2.9847,-3.0574
2025-10-09,16.43,74.12,663.9964,607.8441,76.1633,91.2843,61.4856,99.54,186.4103,2.95,0.77,4.14,1.8,-0.523,35.6436,,-0.2,-0.2897,-0.121,-3.468,-0.2972,-0.3015,17.0,-1.0,2.0504,13.0,13.0,-5.0923,48.6286,cnn,3,9,2,14,0.9333,0,0,0,0,normal,Normal / Mild Pullback,False,6.0171,-1.5674,25.1064,0.0894,18.7201,-0.1266,15.7475,3.3813,13.0279,-2.7028,-2.7758
2025-10-10,21.66,81.65,646.05,586.7432,75.7182,90.7193,58.7898,98.98,182.2075,3.18,0.81,4.05,1.75,-0.521,35.6436,,5.01,-2.9847,-3.5883,-3.2189,-0.7819,-0.8375,39.0,4.0,1.4659,-1.0,5.0,-6.4482,30.1429,cnn,3,9,2,14,0.9333,2,0,1,3,normal,Normal / Mild Pullback,False,11.6875,1.7411,13.0938,3.7104,11.029,2.7488,11.9864,5.9106,11.6852,1.1669,-0.075
2025-10-13,19.03,81.65,655.963,599.1946,76.1917,91.2654,60.0791,99.27,183.9792,3.18,0.81,4.05,1.75,-0.521,35.6436,,2.66,-1.496,-1.5423,-3.7886,-0.4443,-0.5459,43.0,6.0,2.0247,0.0,7.0,-4.4135,29.7429,cnn,3,9,2,14,0.9333,0,0,1,1,normal,Normal / Mild Pullback,False,12.8005,1.2458,10.5375,3.3482,10.1008,2.7751,12.026,4.2995,11.3016,-0.362,-1.5851
2025-10-14,20.81,79.95,655.1617,595.2034,76.2769,91.322,61.9349,99.05,185.5048,3.11,0.81,4.03,1.73,-0.521,35.6436,,3.57,-1.6164,-2.1981,-2.354,-0.2592,-0.4132,32.0,5.0,2.5044,-1.0,6.0,-0.4397,28.2857,cnn,3,9,2,14,0.9333,1,0,1,2,normal,Normal / Mild Pullback,False,12.7978,1.3681,10.3028,3.7494,9.7986,3.1364,11.9902,5.1177,11.3581,-0.2401,-1.4647
2025-10-15,20.64,75.11,658.0703,599.4036,76.5232,91.6609,60.5382,98.79,185.8788,2.95,0.78,4.05,1.76,-0.521,35.6436,,4.34,-1.1796,-1.5079,-3.802,0.1616,0.0791,16.0,2.0,1.982,-1.0,8.0,-4.3765,27.4143,cnn,3,9,2,14,0.9333,1,0,1,2,normal,Normal / Mild Pullback,False,12.8635,0.3954,11.498,3.3405,9.914,2.7376,11.9453,4.8174,11.3345,-0.681,-1.9003
2025-10-16,25.31,81.23,653.5887,597.1841,76.2485,91.3785,56.7875,98.39,184.117,3.04,0.8,3.99,1.71,-0.521,46.0784,,8.88,-1.8526,-1.8726,-4.0392,-0.4191,-0.4532,33.0,5.0,1.0683,-12.0,-2.0,-11.6224,23.1143,cnn,3,9,2,14,0.9333,3,1,3,7,normal,Normal / Mild Pullback,False,13.0287,1.6832,9.574,2.9048,11.2574,1.7256,13.2865,5.3251,11.2387,0.5676,-1.2276
2025-10-17,20.78,78.62,657.2986,601.1057,76.4474,91.5668,57.6959,98.43,185.052,3.04,0.8,4.02,1.75,-0.518,46.0784,,-0.88,-1.2955,-1.2283,-3.7564,-0.1962,-0.3193,32.0,6.0,0.8091,-12.0,0.0,-9.1336,22.3286,cnn,3,9,2,14,0.9333,1,1,3,5,normal,Normal / Mild Pullback,False,13.0673,1.9356,10.1001,2.6596,11.1547,1.1349,13.1674,4.2159,11.2552,0.5133,-1.7851
2025-10-20,18.23,77.22,664.1349,608.6801,76.5989,91.7645,59.1317,98.59,186.9025,2.99,0.79,4.0,1.74,-0.518,46.0784,,-0.8,-0.2689,0.0,-3.8513,-0.0721,-0.2057,30.0,5.0,1.2946,-15.0,-4.0,-6.2398,29.8571,cnn,3,9,2,14,0.9333,0,0,2,2,normal,Normal / Mild Pullback,False,13.483,2.0766,10.6918,1.7935,10.2898,-0.8387,13.0834,3.424,11.0828,-0.8387,-2.7961
2025-10-21,17.87,77.18,664.1249,608.5209,76.4853,91.6892,59.2196,98.93,187.7588,2.97,0.79,3.98,1.7,-0.518,46.0784,,-2.94,-0.2704,-0.0261,-2.8593,-0.1467,-0.2267,26.0,4.0,1.717,-14.0,-5.0,-6.4936,28.5429,cnn,3,9,2,14,0.9333,0,0,2,2,normal,Normal / Mild Pullback,False,13.3093,2.3492,10.1998,0.5884,12.3926,-1.6699,13.3865,3.3389,11.0859,-1.6699,-2.7946
2025-10-22,18.6,75.49,660.6722,602.6584,76.4095,91.595,59.034,98.9,186.8532,3.01,0.8,3.97,1.68,-0.518,46.0784,,-2.04,-0.7889,-0.9893,-3.0321,-0.1105,-0.1766,31.0,5.0,1.0524,-19.0,-10.0,-6.4076,26.3714,cnn,3,9,2,14,0.9333,0,0,2,2,normal,Normal / Mild Pullback,False,13.405,2.9335,7.0477,1.4645,12.0153,-0.7742,13.3808,1.7643,11.8471,-1.156,-2.2866
2025-10-23,17.3,74.05,664.59,607.7246,76.58,91.7645,58.7801,98.94,187.7391,2.96,0.78,4.01,1.71,-0.518,42.6621,,-8.01,-0.2006,-0.157,-2.6371,0.397,0.3256,20.0,2.0,0.3957,-17.0,-9.0,-7.7293,27.5714,cnn,3,9,2,14,0.9333,0,0,2,2,normal,Normal / Mild Pullback,False,13.39,1.2013,13.8585,-0.2158,13.151,-2.8626,14.16,2.332,12.0136,-2.8626,-2.8626
2025-10-24,16.37,68.94,670.0213,614.2141,76.7884,92.0376,59.7959,98.95,188.2509,2.88,0.77,4.02,1.73,-0.515,42.6621,,-4.41,0.0,0.0,-2.6385,0.4715,0.439,13.0,2.0,0.8151,-18.0,-9.0,-6.7998,32.4571,cnn,3,9,2,14,0.9333,0,0,2,2,normal,Normal / Mild Pullback,False,13.5302,0.7102,12.9898,-0.9273,12.3439,-2.6903,14.3322,2.0326,11.9476,-3.65,-3.65
2025-10-27,15.79,66.87,677.9261,625.1527,76.9778,92.3013,59.747,98.78,189.0875,2.8,0.76,4.01,1.73,-0.515,42.6621,,-2.44,0.0,0.0,-3.8464,0.5457,0.511,6.0,1.0,0.8886,-14.0,-7.0,-6.8029,37.3429,cnn,3,9,2,14,0.9333,0,0,2,2,normal,Normal / Mild Pullback,False,14.0397,-0.2773,9.4671,-0.5546,13.511,-2.4094,14.7129,0.8795,11.7093,-4.7735,-4.7735
2025-10-28,16.42,67.3,679.7266,629.9601,76.902,92.1977,59.5028,98.69,187.4635,2.82,0.76,3.99,1.71,-0.515,42.6621,,-1.45,0.0,0.0,-4.6455,0.4838,0.47,2.0,0.0,0.941,-17.0,-9.0,-6.6847,39.3429,cnn,3,9,2,14,0.9333,0,0,2,2,normal,Normal / Mild Pullback,False,14.0229,-1.7204,11.7389,-0.5909,13.4879,-1.7524,15.1338,1.1232,11.7418,-5.0258,-5.0258
2025-10-29,16.92,65.75,680.0531,632.7968,76.6652,91.9246,58.4187,99.22,185.367,2.76,0.75,4.08,1.78,-0.515,42.6621,,-1.68,0.0,0.0,-5.9741,-0.0124,-0.0205,-5.0,-1.0,1.5454,-4.0,1.0,-7.6353,42.1143,cnn,3,9,2,14,0.9333,0,0,1,1,normal,Normal / Mild Pullback,False,14.0108,-1.4271,12.5342,-0.5834,13.4897,-1.1216,15.3789,1.4773,11.7674,-5.0713,-5.0713
2025-10-30,16.91,66.88,672.5739,623.1223,76.5232,91.708,58.4675,99.53,184.5697,2.85,0.77,4.11,1.82,-0.515,36.8601,,-0.39,-1.0998,-1.5289,-4.3984,-0.1606,-0.2049,4.0,2.0,1.7169,1.0,6.0,-6.199,37.0571,cnn,3,9,2,14,0.9333,0,0,1,1,normal,Normal / Mild Pullback,False,14.6907,-1.4004,12.4235,-1.1459,14.9455,0.5237,14.9961,2.5955,11.5297,-4.0157,-4.0157
2025-10-31,17.44,66.61,674.78,626.1281,76.5232,91.708,58.6043,99.8,184.9733,2.94,0.8,4.11,1.81,-0.511,36.8601,,1.07,-0.7754,-1.0538,-4.5252,-0.0495,-0.0821,14.0,5.0,2.1285,-2.0,1.0,-7.2189,34.4571,cnn,3,9,2,14,0.9333,0,0,1,1,normal,Normal / Mild Pullback,False,14.7121,-1.626,11.8066,-1.4852,14.7588,-0.2624,15.0457,2.0571,11.5246,-4.3295,-4.3295
2025-11-03,17.17,67.23,676.0464,629.1241,76.2852,91.4458,58.741,99.87,184.5205,3.04,0.83,4.13,1.82,-0.511,36.8601,,1.38,-0.5892,-0.5804,-4.3687,-0.3849,-0.3883,28.0,9.0,1.7939,-5.0,-2.0,-7.774,32.6,cnn,3,9,2,14,0.9333,0,0,1,1,normal,Normal / Mild Pullback,False,14.6847,-0.2781,17.9195,-2.5858,15.1135,-0.2649,15.0452,1.5621,11.54,-4.5087,-4.5087
2025-11-04,19.0,68.02,668.0328,616.3541,76.2947,91.4268,58.4284,100.22,183.3,3.13,0.83,4.1,1.81,-0.511,36.8601,,2.58,-1.7676,-2.5984,-3.789,-0.2615,-0.2964,31.0,8.0,1.6636,-4.0,2.0,-6.8398,20.9429,cnn,3,9,2,14,0.9333,0,0,2,2,normal,Normal / Mild Pullback,False,15.2961,1.1492,14.8103,-2.2451,14.6047,1.281,14.4242,3.2914,11.2948,-3.3632,-3.3632
2025-11-05,18.01,72.42,670.3478,620.3652,76.3709,91.512,59.1512,100.2,184.3729,3.05,0.81,4.17,1.87,-0.511,36.8601,,1.09,-1.4271,-1.9645,-3.7563,-0.0134,-0.0598,21.0,6.0,1.3657,4.0,9.0,-4.8696,23.0571,cnn,3,9,2,14,0.9333,0,0,2,2,normal,Normal / Mild Pullback,False,15.2032,0.856,14.8087,-2.2064,14.6495,1.005,14.3858,2.0643,11.4276,-3.697,-3.697
2025-11-06,19.5,72.44,663.1555,608.8095,76.3994,91.5594,58.7605,99.73,183.0736,3.13,0.82,4.11,1.83,-0.511,36.2712,,2.59,-2.4848,-3.7907,-4.4319,0.3101,0.3014,18.0,5.0,0.1909,-3.0,3.0,-4.3109,24.3429,cnn,3,9,2,14,0.9333,0,0,2,2,normal,Normal / Mild Pullback,False,15.6737,0.2581,18.1852,-2.6525,15.5494,2.2945,13.7567,2.6715,11.2441,-2.6525,-2.6525
2025-11-07,19.08,74.41,663.8083,606.8885,76.4661,91.6162,59.5908,99.6,184.6091,3.15,0.84,4.11,1.83,-0.508,36.2712,,1.64,-2.3887,-4.0942,-3.0858,0.9877,0.9886,-3.0,3.0,0.6264,6.0,8.0,-1.3493,20.4286,cnn,3,9,2,14,0.9333,0,0,2,2,normal,Normal / Mild Pullback,False,11.9928,0.1431,18.1849,-1.7795,16.7401,1.8868,13.8352,1.2895,11.5548,-2.7482,-2.7482
2025-11-10,17.6,78.86,674.1666,620.3154,76.7231,91.9287,59.9033,99.62,185.6721,3.02,0.82,4.13,1.84,-0.508,36.2712,,0.43,-0.8656,-1.9724,-4.0131,0.6974,0.7267,-16.0,1.0,0.3526,8.0,9.0,-2.9849,29.9429,cnn,3,9,2,14,0.9333,0,0,1,1,normal,Normal / Mild Pullback,False,12.0333,-2.3142,12.885,-1.8652,16.4918,0.2348,12.7277,1.6466,11.7739,-4.2425,-4.2425
2025-11-11,17.28,78.86,675.71,618.6632,76.8087,92.0896,60.0205,99.46,186.745,3.02,0.82,4.13,1.84,-0.508,36.2712,,-1.72,-0.6386,-2.2335,-3.6792,0.6972,0.8406,-9.0,1.0,0.4139,10.0,11.0,-6.038,30.4571,cnn,3,9,2,14,0.9333,0,0,1,1,normal,Normal / Mild Pullback,False,11.9964,-3.3558,11.3932,-1.1684,17.3527,0.6691,12.9166,1.9035,11.8036,-4.4612,-4.4612
2025-11-12,17.51,81.12,676.0859,618.1755,76.6564,91.8718,60.0987,99.48,187.1879,3.02,0.83,4.08,1.81,-0.508,36.2712,,-0.5,-0.5834,-2.3106,-4.4751,0.1742,0.2301,7.0,5.0,0.6985,3.0,5.0,-3.3714,34.5714,cnn,3,9,2,14,0.9333,0,0,1,1,normal,Normal / Mild Pullback,False,11.9524,-3.0364,12.8834,-0.5414,17.8136,0.8473,12.9359,1.5782,11.819,-4.5143,-4.5143
2025-11-13,20.0,79.1,664.867,605.5548,76.3423,91.4647,59.3759,99.18,185.0717,3.09,0.84,4.11,1.83,-0.508,49.1409,,0.5,-2.2331,-4.305,-4.1293,0.123,0.0944,5.0,4.0,0.8029,12.0,12.0,2.7843,24.5429,cnn,3,9,2,14,0.9333,0,0,3,3,normal,Normal / Mild Pullback,False,13.273,-2.9031,12.1921,1.6889,15.4982,1.4463,12.0334,3.2684,11.277,-2.9031,-2.9031
2025-11-14,19.83,79.71,664.7581,606.0127,76.3614,91.4931,59.5028,99.27,184.3925,3.07,0.83,4.14,1.86,-0.506,49.1409,,0.75,-2.2491,-4.2327,-4.516,-0.1126,-0.0805,3.0,3.0,0.8534,12.0,11.0,1.9746,22.0571,cnn,3,9,2,14,0.9333,0,0,3,3,normal,Normal / Mild Pullback,False,13.155,-1.9198,16.5087,1.2412,15.8,1.3097,12.056,1.6896,11.7499,-2.8872,-2.8872
2025-11-17,22.38,82.58,658.5649,600.837,76.2376,91.3321,57.2661,99.59,181.9713,3.13,0.84,4.13,1.85,-0.506,49.1409,,4.78,-3.1598,-5.0506,-5.268,-0.4717,-0.4712,14.0,5.0,1.0143,13.0,11.0,-2.3359,11.6429,cnn,3,9,2,14,0.9333,1,0,4,5,normal,Normal / Mild Pullback,False,13.0676,0.4597,19.9132,2.3826,14.6563,1.983,11.545,2.7182,11.577,-1.9739,-1.9739
2025-11-18,24.69,83.18,653.0347,593.5214,76.2566,91.2848,57.7838,99.55,182.0795,3.2,0.85,4.12,1.85,-0.506,49.1409,,7.41,-3.973,-6.2066,-4.0957,-0.299,-0.4411,23.0,6.0,0.6267,14.0,15.0,-0.7675,8.9,cnn,3,9,2,14,0.9333,2,0,4,6,normal,Normal / Mild Pullback,False,13.3711,2.2633,18.6141,3.6071,13.3643,1.7149,11.863,3.7553,11.43,-1.1438,-1.1438
2025-11-19,23.66,84.32,655.5574,597.0647,76.2947,91.3605,58.3991,100.23,181.5284,3.17,0.84,4.13,1.86,-0.506,49.1409,,6.15,-3.602,-5.6467,-4.4212,-0.1502,-0.256,16.0,4.0,1.3448,16.0,18.0,-0.3036,7.8571,cnn,3,9,2,14,0.9333,2,0,4,6,normal,Normal / Mild Pullback,False,13.3633,2.5731,18.6743,3.2839,13.4357,2.0887,12.0561,3.8767,11.4466,-1.5242,-1.5242
2025-11-20,26.42,77.81,645.5652,582.9311,76.2471,91.3416,58.2038,100.16,179.3137,3.17,0.85,4.1,1.86,-0.506,43.5606,,6.42,-5.0713,-7.8802,-4.2535,-0.4347,-0.4609,21.0,7.0,1.2331,9.0,15.0,1.9377,5.1714,cnn,3,9,2,14,0.9333,3,0,4,7,normal,Normal / Mild Pullback,False,14.1337,4.7293,5.573,5.0818,8.7124,4.6084,10.6879,5.2063,10.9747,0.9961,0.9961
2025-11-21,23.43,78.81,651.9958,587.3105,76.5041,91.6162,60.1768,100.18,182.8374,3.19,0.86,4.06,1.82,-0.506,43.5606,,3.6,-4.1257,-7.1881,-2.9463,-0.3701,-0.4579,31.0,9.0,1.2431,4.0,9.0,3.4193,5.6571,cnn,3,9,2,14,0.9333,1,0,4,5,normal,Normal / Mild Pullback,False,14.3078,3.2229,11.163,3.7328,9.0622,4.2219,10.4133,4.922,10.8929,1.4719,1.4719
2025-11-24,20.52,76.82,661.5923,602.3299,76.7135,91.8813,60.2256,100.14,183.5953,3.15,0.85,4.04,1.81,-0.506,43.5606,,-1.86,-2.7146,-4.8146,-4.4595,-0.3432,-0.455,35.0,9.0,1.3768,3.0,8.0,3.2897,13.6857,cnn,3,9,2,14,0.9333,1,0,4,5,normal,Normal / Mild Pullback,False,14.6954,1.9141,8.5884,2.1399,6.8998,3.1796,9.366,2.3442,10.7376,0.3993,0.3993
2025-11-25,18.56,72.82,667.8151,606.0425,76.9801,92.2411,61.9349,99.66,186.2036,3.1,0.84,4.01,1.79,-0.506,43.5606,,-6.13,-1.7996,-4.228,-3.9578,0.1015,0.0471,28.0,8.0,0.9829,2.0,8.0,5.9439,15.0286,cnn,3,9,2,14,0.9333,0,0,3,3,normal,Normal / Mild Pullback,False,15.1182,1.314,7.0634,1.8592,6.1929,2.5777,8.9406,2.1275,10.6705,-0.5363,-0.5363
2025-11-26,17.19,71.9,672.4254,611.3973,77.0562,92.3831,61.7005,99.6,187.5028,3.0,0.82,4.0,1.77,-0.506,43.5606,,-6.47,-1.1216,-3.3817,-3.2803,0.51,0.4988,24.0,7.0,0.383,-8.0,-1.0,6.8159,17.6571,cnn,3,9,2,14,0.9333,0,0,3,3,normal,Normal / Mild Pullback,False,15.3626,0.693,5.9895,1.3962,5.5435,1.8641,8.7001,2.2832,10.7148,-1.2182,-1.2182
2025-11-28,16.35,68.95,676.0959,616.3541,77.0943,92.4589,61.5247,99.46,188.5166,2.95,0.82,4.02,1.79,-0.507,42.7046,,-10.07,-0.5819,-2.5984,-3.192,0.7464,0.8187,10.0,5.0,-0.0703,-9.0,-3.0,4.6807,21.7714,cnn,3,9,2,14,0.9333,0,0,3,3,normal,Normal / Mild Pullback,False,14.9796,0.3365,4.9051,-0.2385,7.7703,0.95,8.6672,1.1628,10.7301,-1.7545,-1.7545
2025-12-01,17.24,71.35,673.0092,614.2838,76.9557,92.3046,62.1986,99.41,187.2272,2.94,0.82,4.09,1.85,-0.507,42.7046,,-6.19,-1.0358,-2.9256,-3.8053,0.5652,0.6506,0.0,2.0,-0.3908,-2.0,4.0,6.4126,22.0857,cnn,3,9,2,14,0.9333,0,0,3,3,normal,Normal / Mild Pullback,False,15.0316,0.4939,3.8646,0.0676,7.4365,1.2892,8.488,1.1388,10.7347,-1.3039,-1.3039
2025-12-02,16.59,69.91,674.2557,619.0912,77.0991,92.4475,61.8568,99.36,187.0501,2.92,0.81,4.09,1.85,-0.507,42.7046,,-3.93,-0.8525,-2.1659,-3.7618,1.0669,1.0954,-12.0,-2.0,-0.5107,-4.0,3.0,5.584,23.2571,cnn,3,9,2,14,0.9333,0,0,3,3,normal,Normal / Mild Pullback,False,15.0312,0.2216,3.961,-0.3903,7.4849,0.3529,8.9405,1.0092,10.7294,-1.4864,-1.4864
2025-12-03,16.08,66.46,676.5905,620.6041,77.166,92.5903,63.1461,98.85,188.4773,2.89,0.81,4.06,1.82,-0.507,42.7046,,-2.48,-0.5092,-1.9268,-2.8394,1.142,1.2725,-24.0,-2.0,-1.367,-4.0,1.0,6.7073,24.7714,cnn,3,9,2,14,0.9333,0,0,3,3,normal,Normal / Mild Pullback,False,14.4119,0.5381,5.7164,-1.8263,8.8245,0.1899,8.8798,-0.2266,10.864,-1.8263,-1.8263
2025-12-04,15.78,65.69,677.0851,620.0268,77.2234,92.6188,63.361,98.99,188.5363,2.88,0.8,4.11,1.85,-0.507,30.7958,,-1.41,-0.4364,-2.018,-2.5005,1.1163,1.2094,-17.0,-1.0,-1.2076,-6.0,-2.0,6.051,36.0286,cnn,3,9,2,14,0.9333,0,0,1,1,normal,Normal / Mild Pullback,False,14.3743,0.6984,5.7679,-1.1572,9.9644,0.7835,9.1785,0.4039,10.9593,-1.898,-1.898
2025-12-05,15.41,67.28,678.3713,622.5549,77.2234,92.6188,63.2145,98.99,188.9792,2.85,0.79,4.14,1.88,-0.51,30.7958,,-0.94,-0.2473,-1.6185,-3.0982,1.0785,1.1571,-28.0,-3.0,-0.742,3.0,5.0,5.1668,38.1429,cnn,3,9,2,14,0.9333,0,0,1,1,normal,Normal / Mild Pullback,False,13.7465,-0.5731,10.323,-0.4505,11.1488,1.1907,9.3757,-0.3452,11.0132,-2.084,-2.084
2025-12-08,16.66,72.3,676.3333,621.3605,77.0322,92.4189,63.4293,99.09,187.8473,2.89,0.78,4.17,1.91,-0.51,30.7958,,-0.58,-0.547,-1.8073,-2.7205,0.7403,0.8762,-26.0,-6.0,-0.5121,6.0,8.0,4.4704,40.7714,cnn,3,9,2,14,0.9333,0,0,0,0,normal,Normal / Mild Pullback,False,13.8264,-0.4242,10.2072,0.4715,11.5114,1.1684,9.3873,-1.355,11.3232,-1.789,-1.789
2025-12-09,16.93,75.38,675.7496,622.127,76.9461,92.2856,63.3024,99.22,187.493,2.89,0.79,4.18,1.92,-0.51,30.7958,,0.34,-0.6328,-1.6861,-2.1318,0.2907,0.3883,-13.0,-3.0,-0.4015,5.0,8.0,5.4267,40.9429,cnn,3,9,2,14,0.9333,0,0,0,0,normal,Normal / Mild Pullback,False,12.705,-0.6105,10.2949,1.0179,11.6565,1.2455,9.3756,-0.4049,11.4697,-1.7041,-1.7041
2025-12-10,15.77,68.62,680.2312,624.675,77.2043,92.6093,65.4903,98.79,190.1308,2.91,0.78,4.13,1.88,-0.51,30.7958,,-0.31,0.0,-1.2835,-1.2829,0.515,0.5643,-11.0,-4.0,-0.6736,0.0,4.0,8.3879,36.3714,cnn,3,9,2,14,0.9333,0,0,1,1,normal,Normal / Mild Pullback,False,12.8942,-2.3518,9.4312,0.7054,11.3393,1.2436,9.374,-1.2201,11.3887,-2.3518,-2.3518
2025-12-11,14.85,69.24,681.8141,622.6545,77.1947,92.5998,65.8321,98.35,191.6663,2.88,0.78,4.14,1.89,-0.51,30.5732,,-0.93,0.0,-1.6028,-0.9348,0.7022,0.7923,-14.0,-5.0,-1.1359,6.0,8.0,8.6198,43.7429,cnn,3,9,2,14,0.9333,0,0,0,0,normal,Normal / Mild Pullback,False,12.9129,-1.8428,12.2054,0.4614,11.3076,1.1672,9.3596,-1.5731,11.3784,-2.5785,-2.5785
2025-12-12,15.74,69.25,674.4833,610.7504,77.0513,92.4094,65.5196,98.4,190.3671,2.91,0.8,4.19,1.93,-0.515,30.5732,,0.33,-1.0752,-3.484,-0.7207,0.9287,1.0328,-18.0,-4.0,-0.7864,8.0,10.0,8.7739,39.2857,cnn,3,9,2,14,0.9333,0,0,1,1,normal,Normal / Mild Pullback,False,12.0261,0.1234,13.0397,1.1914,9.766,2.0623,8.4121,-2.0142,11.5914,-1.5196,-2.0142
2025-12-15,16.5,73.31,673.4642,607.6848,77.0895,92.5046,65.6954,98.15,190.6033,2.91,0.8,4.18,1.93,-0.515,30.5732,,-0.16,-1.2247,-3.9684,0.2205,0.9536,1.1055,-16.0,-3.0,-1.1282,4.0,7.0,8.9798,49.3143,cnn,3,9,2,14,0.9333,0,0,0,0,normal,Normal / Mild Pullback,False,12.0491,0.8996,13.527,1.2208,9.7446,1.7143,8.633,-2.4214,11.6407,-1.3706,-2.4214
2025-12-16,16.48,67.14,671.6241,608.8891,77.1373,92.5141,65.4414,98.15,189.2647,2.98,0.81,4.15,1.92,-0.515,30.5732,,-0.45,-1.4946,-3.7781,0.2136,1.1802,1.2941,-15.0,-3.0,-1.4459,2.0,7.0,12.054,46.4,cnn,3,9,2,14,0.9333,0,0,0,0,normal,Normal / Mild Pullback,False,11.5407,1.6384,12.9688,0.7461,10.5319,2.2708,8.5492,-1.1583,11.8278,-1.1004,-2.154
2025-12-17,17.62,62.74,664.2338,597.6021,77.0417,92.4094,65.7247,98.37,188.7529,2.99,0.81,4.16,1.92,-0.515,30.5732,,1.85,-2.5785,-5.5618,0.3819,1.0295,1.2319,-21.0,-4.0,-1.1853,4.0,7.0,11.8247,37.6857,cnn,3,9,2,14,0.9333,0,0,1,1,normal,Normal / Mild Pullback,False,11.8551,3.1308,3.5166,2.0537,8.2193,3.322,7.2942,0.2044,11.6213,0.7551,-1.0654
2025-12-18,16.87,60.01,669.2497,606.2615,77.2521,92.6687,65.9102,98.43,189.1564,2.95,0.81,4.12,1.88,-0.515,33.2031,,2.02,-1.8428,-4.1933,-0.2425,1.2549,1.4318,-22.0,-3.0,-1.7959,-1.0,2.0,10.5526,42.3714,cnn,3,9,2,14,0.9333,0,0,0,0,normal,Normal / Mild Pullback,False,12.0491,2.3475,5.3501,1.9634,8.0643,0.4601,10.4281,-1.9344,11.8661,0.4601,-1.9344
2025-12-19,14.91,59.41,675.3154,614.1643,77.2146,92.64,65.6758,98.6,189.8454,2.9,0.8,4.16,1.92,-0.524,33.2031,,-0.83,-0.9532,-2.9445,-0.4163,1.2689,1.4215,-27.0,-5.0,-1.5575,6.0,6.0,7.8668,44.2,cnn,3,9,2,14,0.9333,0,0,0,0,normal,Normal / Mild Pullback,False,10.7004,1.0667,6.2465,1.6486,7.4286,0.7067,10.7342,-3.0547,11.7121,-0.4423,-3.0547
2025-12-22,14.08,61.7,679.5225,617.1083,77.2819,92.7261,65.9982,98.29,191.2526,2.88,0.8,4.17,1.94,-0.524,33.2031,,-2.42,-0.3361,-2.4792,-0.7118,1.0166,1.2115,-31.0,-6.0,-1.8866,11.0,12.0,5.2311,54.8857,cnn,3,9,2,14,0.9333,0,0,0,0,normal,Normal / Mild Pullback,False,10.4234,0.3183,5.3453,0.6936,7.3111,0.606,10.6674,-5.0361,11.9673,-1.0587,-5.0361
2025-12-23,14.0,61.17,682.6282,619.9984,77.3395,92.8027,65.5264,97.94,190.8079,2.83,0.79,4.18,1.94,-0.524,33.2031,,-2.48,0.0,-2.0225,-1.4455,0.816,1.0028,-32.0,-6.0,-2.1969,14.0,13.0,5.4487,58.5714,cnn,3,9,2,14,0.9333,0,0,0,0,normal,Normal / Mild Pullback,False,9.3611,-0.878,6.4642,0.2253,6.9877,0.1846,10.5486,-4.4756,12.1406,-1.5088,-5.4682
2025-12-24,13.47,59.48,685.0295,621.8123,77.4837,93.0131,65.5854,97.98,191.4996,2.84,0.79,4.15,1.91,-0.524,33.2031,,-4.15,0.0,-1.7359,-1.3244,0.6542,0.837,-26.0,-5.0,-1.6857,14.0,12.0,3.233,58.0,cnn,3,9,2,14,0.9333,0,0,0,0,normal,Normal / Mild Pullback,False,8.9319,-1.0444,5.6605,0.5345,7.5424,0.3404,10.6295,-5.13,12.119,-1.8541,-5.7995
2025-12-26,13.6,58.5,684.96,621.7724,77.4452,92.9653,65.379,98.02,191.549,2.86,0.79,4.14,1.91,-0.536,34.8018,,-3.27,-0.0101,-1.7422,-1.1766,0.5048,0.6302,-14.0,-3.0,-1.5863,14.0,14.0,4.0228,54.8571,cnn,3,9,2,14,0.9333,0,0,0,0,normal,Normal / Mild Pullback,False,8.6907,-0.3752,8.4796,0.7026,7.5497,0.7504,10.7139,-4.5916,12.1897,-1.8441,-5.79
2025-12-29,14.2,59.21,682.519,618.7627,77.4741,92.994,64.809,98.04,191.2328,2.87,0.79,4.12,1.9,-0.536,34.8018,,-0.71,-0.3665,-2.2178,-1.1069,0.4926,0.5788,-8.0,-3.0,-1.4277,10.0,11.0,4.3468,47.8857,cnn,3,9,2,14,0.9333,0,0,0,0,normal,Normal / Mild Pullback,False,8.6583,0.5757,9.1462,0.8607,7.3394,1.1005,10.6149,-5.9603,12.6807,-1.4931,-5.9603
2025-12-30,14.33,63.98,681.6855,617.3275,77.5509,93.0993,64.3175,98.24,190.9265,2.84,0.79,4.14,1.9,-0.536,34.8018,,0.25,-0.4881,-2.4446,-1.4924,0.7736,0.8608,-10.0,-3.0,-1.1769,5.0,5.0,2.0905,46.1143,cnn,3,9,2,14,0.9333,0,0,0,0,normal,Normal / Mild Pullback,False,8.479,0.3741,9.5747,0.4876,7.8511,1.0233,10.6352,-7.4509,13.1069,-1.3726,-7.4509
2025-12-31,14.95,63.96,676.635,612.2249,77.4741,93.0131,63.6983,98.28,189.296,2.81,0.79,4.18,1.93,-0.536,34.8018,,0.95,-1.2254,-3.2509,-1.2208,0.4863,0.6119,-11.0,-2.0,-1.087,9.0,8.0,2.615,43.2571,cnn,3,9,2,14,0.9333,0,0,0,0,normal,Normal / Mild Pullback,False,8.9307,1.113,6.5696,1.5134,6.5247,1.4738,10.3065,-7.0718,13.0517,-0.6364,-7.0718
2026-01-02,14.51,62.36,677.8753,611.039,77.5125,93.0418,64.121,98.42,190.5806,2.83,0.79,4.19,1.94,-0.547,26.9912,,1.04,-1.0444,-3.4384,-0.664,0.449,0.4877,-6.0,-2.0,-0.435,13.0,12.0,1.3514,45.2286,cnn,3,9,2,14,0.9333,0,0,0,0,normal,Normal / Mild Pullback,False,8.87,1.5955,7.231,1.2427,6.6239,1.7916,10.4101,-4.5456,14.4069,-0.8182,-7.2418
2026-01-05,14.9,64.71,682.3901,615.8925,77.7143,93.2906,65.4183,98.27,192.3495,2.81,0.79,4.17,1.91,-0.547,26.9912,,1.3,-0.3853,-2.6714,-0.1367,0.6357,0.7253,-7.0,-1.0,-0.7273,6.0,6.0,2.4444,47.6,cnn,3,9,2,14,0.9333,0,0,0,0,normal,Normal / Mild Pullback,False,9.1697,1.0818,6.562,-1.4744,12.1684,0.2632,10.6833,-4.4627,14.4271,-1.4744,-7.8555
2026-01-06,14.75,65.82,686.4484,621.304,77.7335,93.3289,66.0768,98.58,194.6717,2.79,0.79,4.18,1.91,-0.547,26.9912,,0.55,0.0,-1.8162,1.0161,0.6605,0.7667,-6.0,0.0,-0.4142,4.0,3.0,3.2981,52.8571,cnn,3,9,2,14,0.9333,0,0,0,0,normal,Normal / Mild Pullback,False,9.3676,0.2833,6.0838,-0.9266,13.3733,-0.8124,10.5925,-4.942,14.3641,-2.0569,-8.4003
2026-01-07,15.38,66.15,684.2357,621.902,77.7143,93.3002,65.6051,98.68,192.4878,2.79,0.79,4.15,1.88,-0.547,26.9912,,1.05,-0.3223,-1.7217,-0.2536,0.8855,0.9536,-10.0,1.0,-0.4138,-2.0,-3.0,2.2356,48.5714,cnn,3,9,2,14,0.9333,0,0,0,0,normal,Normal / Mild Pullback,False,9.3791,0.1131,6.8257,-0.087,13.6357,-1.7344,11.4096,-4.1838,14.4,-1.7402,-8.1041
2026-01-08,15.45,66.94,684.1662,618.364,77.7719,93.3767,66.9123,98.93,194.1381,2.76,0.79,4.19,1.92,-0.547,30.0319,,0.5,-0.3325,-2.2808,1.1719,1.0733,1.1823,-13.0,0.0,-0.2923,1.0,0.0,4.4023,48.3714,cnn,3,9,2,14,0.9333,0,0,0,0,normal,Normal / Mild Pullback,False,9.3673,0.3959,7.0311,-0.0406,13.6375,0.161,13.4196,-4.1319,14.4014,-1.7302,-8.0947
2026-01-09,14.49,61.55,688.6909,624.523,77.8296,93.4724,66.3225,99.13,195.2646,2.74,0.78,4.18,1.9,-0.558,30.0319,,-0.02,0.0,-1.3075,0.1365,0.8099,0.932,-17.0,0.0,0.3442,5.0,2.0,0.0269,54.1143,cnn,3,9,2,14,0.9333,0,0,0,0,normal,Normal / Mild Pullback,False,9.3657,-0.3472,4.7905,-0.1931,13.4499,-0.0173,13.3195,-2.336,15.2785,-2.3758,-8.6986
2026-01-12,15.12,62.9,689.7723,625.0413,77.868,93.4629,65.5363,98.86,195.4425,2.74,0.78,4.19,1.9,-0.558,30.0319,,0.22,0.0,-1.2256,0.3126,0.8722,0.932,-14.0,0.0,0.5186,5.0,1.0,-1.598,58.0,cnn,3,9,2,14,0.9333,0,0,0,0,normal,Normal / Mild Pullback,False,9.3514,-2.5289,14.3785,0.0475,13.5918,-0.4373,13.3372,-1.9266,15.3255,-2.5289,-8.8417
2026-01-13,15.98,60.79,688.3932,624.1144,77.868,93.4915,65.1038,99.13,195.4425,2.75,0.77,4.18,1.88,-0.558,30.0319,,1.23,-0.1999,-1.3721,0.7843,1.06,1.1711,-16.0,-3.0,0.7419,-1.0,-5.0,-2.6424,59.0857,cnn,3,9,2,14,0.9333,0,0,0,0,normal,Normal / Mild Pullback,False,8.4114,-1.2064,18.7424,0.2378,13.545,-0.2609,13.3206,-1.7952,15.3217,-2.3336,-8.6591
2026-01-14,16.75,58.11,685.0095,617.4471,77.868,93.5202,65.8311,99.13,196.3318,2.76,0.77,4.15,1.86,-0.558,30.0319,,1.37,-0.6905,-2.4257,1.8036,1.0098,1.098,-15.0,-3.0,0.9985,-3.0,-7.0,-1.4823,58.6286,cnn,3,9,2,14,0.9333,0,0,0,0,normal,Normal / Mild Pullback,False,8.632,-0.1999,19.265,0.5331,13.3094,-1.3167,14.3265,-0.3456,15.4266,-1.8512,-8.2079
2026-01-15,15.84,56.14,686.875,619.6696,77.868,93.5202,67.0695,99.32,197.2014,2.71,0.76,4.17,1.88,-0.558,28.2392,,0.39,-0.42,-2.0745,2.0173,0.9472,1.0876,-27.0,-5.0,1.1921,2.0,-4.0,0.2123,63.6571,cnn,3,9,2,14,0.9333,0,0,0,0,normal,Normal / Mild Pullback,False,8.5473,-0.4348,19.0965,-0.039,13.3549,-1.5154,14.2812,0.5947,15.6177,-2.1178,-8.4572
2026-01-16,15.86,58.05,686.2996,619.1514,77.9161,93.5968,66.6862,99.39,196.6974,2.65,0.75,4.24,1.91,-0.565,28.2392,,1.37,-0.5035,-2.1564,1.3759,1.1349,1.285,-34.0,-6.0,1.0369,8.0,-1.0,-1.7993,63.7714,cnn,3,9,2,14,0.9333,0,0,0,0,normal,Normal / Mild Pullback,False,7.3033,0.1547,19.5573,0.5422,13.5731,-1.2738,14.306,1.4735,15.697,-2.0357,-8.3804
2026-01-20,20.09,66.67,672.3287,605.9962,77.7143,93.3767,65.8115,98.64,193.7626,2.73,0.75,4.3,1.97,-0.565,28.2392,,4.97,-2.5289,-4.2353,1.8999,0.5983,0.7641,-22.0,-6.0,0.2133,18.0,9.0,-0.6071,50.8571,cnn,3,9,2,14,0.9333,1,0,0,1,normal,Normal / Mild Pullback,False,10.3805,2.6432,6.3641,1.7636,8.8453,1.2855,12.3254,3.8366,15.0907,0.0059,-6.4766
2026-01-21,16.9,59.56,680.0881,614.1882,77.9449,93.6351,68.8779,98.76,197.0433,2.69,0.74,4.26,1.92,-0.565,28.2392,,0.92,-1.404,-2.9407,2.5642,0.9457,1.0742,-21.0,-6.0,0.1623,10.0,0.0,4.1396,53.8571,cnn,3,9,2,14,0.9333,0,0,0,0,normal,Normal / Mild Pullback,False,10.692,1.4619,4.0955,0.1153,7.5161,-0.1342,11.681,3.8925,15.1076,-1.1351,-7.5436
2026-01-22,15.64,56.5,683.6403,618.653,78.0025,93.6925,68.7305,98.36,197.3002,2.64,0.73,4.26,1.95,-0.565,32.7338,,-1.11,-0.889,-2.2351,2.7192,0.9325,1.0422,-24.0,-7.0,0.0712,9.0,1.0,3.5127,54.7714,cnn,3,9,2,14,0.9333,0,0,0,0,normal,Normal / Mild Pullback,False,10.6247,0.7344,4.6855,-1.6488,9.2421,0.0653,11.8213,3.146,15.0866,-1.6488,-8.0241
2026-01-23,16.09,56.25,683.8883,620.6064,77.9641,93.6446,66.4503,97.6,196.4208,2.68,0.73,4.24,1.92,-0.566,32.7338,,0.25,-0.853,-1.9264,2.9726,0.8076,0.9073,-15.0,-6.0,-0.3472,6.0,-2.0,1.2231,54.8857,cnn,3,9,2,14,0.9333,0,0,0,0,normal,Normal / Mild Pullback,False,10.5059,0.3976,5.6794,0.2017,13.9326,-0.9924,12.371,2.4336,15.1563,-1.6845,-8.0574
2026-01-26,16.15,55.77,687.3612,623.3371,78.0025,93.6925,66.7648,97.04,196.8852,2.69,0.74,4.22,1.9,-0.566,32.7338,,0.29,-0.3496,-1.4949,3.8594,0.6697,0.7304,-15.0,-5.0,-0.9594,7.0,-1.0,1.453,57.6571,cnn,3,9,2,14,0.9333,0,0,0,0,normal,Normal / Mild Pullback,False,10.5873,0.3869,5.6293,0.1761,13.9083,-0.7766,12.524,2.9481,15.2567,-2.1812,-8.5219
2026-01-27,16.35,56.12,690.0999,628.9879,77.9929,93.6829,67.0892,96.22,196.5789,2.71,0.73,4.24,1.9,-0.566,32.7338,,-3.74,0.0,-0.6019,4.5046,0.7072,0.7719,-15.0,-6.0,-1.8364,10.0,-1.0,1.8515,64.9714,cnn,3,9,2,14,0.9333,0,0,0,0,normal,Normal / Mild Pullback,False,10.6713,-0.857,7.7264,-0.4846,13.7982,-0.3365,12.8237,2.1416,15.2649,-2.5694,-8.885
2026-01-28,16.35,57.43,690.0304,631.0707,77.868,93.5298,66.6174,96.45,195.9168,2.72,0.73,4.26,1.9,-0.566,32.7338,,-0.55,-0.0101,-0.2728,3.4625,0.5085,0.5762,-15.0,-6.0,-1.6218,14.0,0.0,1.6715,65.5429,cnn,3,9,2,14,0.9333,0,0,0,0,normal,Normal / Mild Pullback,False,10.5712,-1.3273,7.8348,-0.4975,13.7974,-0.8801,12.966,2.9435,15.3389,-2.5596,-8.8758
2026-01-29,16.88,60.73,688.6611,627.2936,77.8584,93.5394,67.846,96.28,196.1737,2.77,0.74,4.24,1.89,-0.566,30.8,,1.24,-0.2085,-0.8697,3.9175,0.3965,0.4728,-7.0,-5.0,-1.9951,10.0,-1.0,4.4175,63.8286,cnn,3,9,2,14,0.9333,0,0,0,0,normal,Normal / Mild Pullback,False,10.5918,-2.3659,10.4245,-1.84,15.7536,-1.1599,13.0492,3.3259,15.3323,-2.3659,-8.6946
2026-01-30,17.44,59.2,686.6071,619.7593,77.9449,93.5968,67.6297,96.99,195.7389,2.8,0.74,4.26,1.9,-0.563,30.8,,1.35,-0.5061,-2.0603,4.4481,0.6077,0.6275,-1.0,-5.0,-1.3126,8.0,-3.0,4.6299,58.6,cnn,3,9,2,14,0.9333,0,0,0,0,normal,Normal / Mild Pullback,False,10.2632,-0.1951,20.0575,-1.4769,15.7885,-0.8078,13.0234,3.1307,15.3557,-2.0738,-8.4215
2026-02-02,16.34,59.3,690.0204,624.0148,77.9922,93.7123,68.8386,97.61,196.7469,2.81,0.74,4.29,1.94,-0.563,30.8,,0.19,-0.0115,-1.3878,3.9157,0.6189,0.7206,-2.0,-5.0,-0.823,10.0,0.0,5.4678,63.4,cnn,3,9,2,14,0.9333,0,0,0,0,normal,Normal / Mild Pullback,False,10.367,-0.2099,20.0328,-1.8061,15.4924,-2.1685,13.1906,2.6047,15.3282,-2.5582,-8.8745
2026-02-03,18.0,57.54,684.186,614.4274,77.9439,93.6257,70.018,97.44,196.2231,2.85,0.74,4.28,1.92,-0.563,30.8,,1.65,-0.857,-2.9029,4.2748,0.2955,0.3592,4.0,-5.0,-0.8446,11.0,1.0,6.7503,43.3429,cnn,3,9,2,14,0.9333,0,0,0,0,normal,Normal / Mild Pullback,False,10.6396,0.3756,18.949,-0.4699,15.3485,-0.6381,13.1871,4.5093,15.3345,-1.7273,-8.0974
2026-02-04,18.64,57.51,680.8719,603.694,77.8474,93.4525,71.109,97.62,197.9327,2.86,0.75,4.29,1.94,-0.563,30.8,,2.29,-1.3372,-4.5991,5.3032,0.1465,0.1324,7.0,-4.0,-0.9738,11.0,3.0,8.497,47.2286,cnn,3,9,2,14,0.9333,0,0,0,0,normal,Normal / Mild Pullback,False,10.5493,0.8409,18.3625,-0.2492,15.211,-0.7112,13.2232,5.3088,15.2953,-1.2489,-7.6501
2026-02-05,21.77,62.16,672.3683,595.0037,77.7605,93.4043,71.0599,97.82,196.2132,2.97,0.76,4.21,1.89,-0.563,29.0,,4.89,-2.5694,-5.9724,4.9327,0.0594,0.1117,18.0,-3.0,-0.8715,6.0,1.0,10.2264,34.9429,cnn,3,9,2,14,0.9333,1,0,1,2,normal,Normal / Mild Pullback,False,11.3613,0.5386,19.8894,1.7429,13.9105,-0.7733,13.3015,6.2499,15.0687,-0.7733,-6.4821
2026-02-06,20.37,63.62,685.2676,607.5807,78.0308,93.7315,72.3671,97.63,199.8695,2.87,0.76,4.22,1.88,-0.554,29.0,,2.93,-0.7002,-3.9849,5.9027,0.3329,0.38,11.0,-3.0,-1.3141,3.0,-4.0,7.9783,45.3714,cnn,3,9,2,14,0.9333,1,0,0,1,normal,Normal / Mild Pullback,False,13.408,-1.2843,12.2874,-1.1917,11.2349,-1.7882,11.7202,5.0863,14.6708,-2.6411,-8.2425
2026-02-09,17.36,62.74,688.5718,612.2349,78.137,93.8663,72.1607,96.82,199.9881,2.84,0.76,4.22,1.87,-0.554,29.0,,1.02,-0.2214,-3.2494,5.0912,0.395,0.4213,10.0,-2.0,-2.3303,4.0,-3.0,8.8214,48.4857,cnn,3,9,2,14,0.9333,0,0,0,0,normal,Normal / Mild Pullback,False,13.3075,-1.5995,11.2398,-0.9511,11.6575,-2.4166,11.5251,6.0356,14.8892,-3.1083,-8.6828
2026-02-10,17.79,64.55,686.7559,609.3946,78.0598,93.8181,71.394,96.8,200.6996,2.86,0.77,4.16,1.84,-0.554,29.0,,-0.21,-0.4846,-3.6982,5.5524,0.2463,0.3801,12.0,-1.0,-2.0838,-3.0,-6.0,9.4167,47.2286,cnn,3,9,2,14,0.9333,0,0,0,0,normal,Normal / Mild Pullback,False,13.3265,-0.8423,12.7119,0.1488,12.4984,-2.2814,11.513,5.99,14.894,-2.8521,-8.4413
2026-02-11,17.65,61.35,686.5972,611.029,78.0501,93.8085,70.5783,96.83,201.0553,2.84,0.77,4.18,1.86,-0.554,29.0,,-0.99,-0.5076,-3.4399,5.1982,0.2339,0.339,9.0,0.0,-2.3202,0.0,-2.0,8.6924,49.9143,cnn,3,9,2,14,0.9333,0,0,0,0,normal,Normal / Mild Pullback,False,13.3094,-1.081,12.6525,-0.3844,12.8268,-3.743,12.549,6.8898,14.9654,-3.743,-8.4202
2026-02-12,20.82,68.57,675.9901,598.6013,78.0115,93.7027,69.4873,96.93,198.4169,2.92,0.78,4.09,1.8,-0.554,38.1323,,-0.95,-2.0446,-5.4039,5.8178,0.1843,0.1951,16.0,1.0,-2.2193,-6.0,-6.0,6.9623,36.3571,cnn,3,9,2,14,0.9333,1,0,1,2,normal,Normal / Mild Pullback,False,14.3032,1.1978,6.0912,0.6928,10.1105,-2.786,11.5739,8.8143,14.5572,-2.786,-6.9831
2026-02-13,20.6,70.1,676.4664,599.877,78.0695,93.8085,70.0574,96.88,200.4723,2.95,0.79,4.04,1.77,-0.541,38.1323,,0.23,-1.9756,-5.2023,7.2516,0.2587,0.3082,24.0,3.0,-2.4567,-13.0,-11.0,6.0621,33.8429,cnn,3,9,2,14,0.9333,1,0,1,2,normal,Normal / Mild Pullback,False,14.2584,0.0939,10.9959,0.6791,10.1106,-1.8658,12.265,8.5729,14.5689,-2.8544,-7.0486
2026-02-17,20.29,68.84,677.5578,599.259,78.0308,93.7219,70.3031,97.16,200.1264,2.94,0.8,4.05,1.79,-0.541,38.1323,,2.93,-1.8174,-5.2999,5.9335,0.1473,0.1337,29.0,5.0,-2.2437,-19.0,-12.0,6.7839,33.3143,cnn,3,9,2,14,0.9333,1,0,1,2,normal,Normal / Mild Pullback,False,14.2824,0.659,12.124,-0.369,11.151,-1.7661,12.2983,9.0045,14.5944,-3.0109,-7.1984
2026-02-18,19.62,64.19,680.9711,603.7338,78.1274,93.8566,70.1556,97.7,201.164,2.86,0.78,4.09,1.8,-0.541,38.1323,,1.83,-1.3228,-4.5928,6.6812,0.5316,0.5139,13.0,3.0,-0.953,-21.0,-17.0,5.248,34.1571,cnn,3,9,2,14,0.9333,0,0,1,1,normal,Normal / Mild Pullback,False,12.3357,0.9996,12.9822,-0.169,11.4637,-3.6224,12.9292,9.3143,14.6357,-3.6224,-7.6635
2026-02-19,20.23,68.03,679.1751,601.4217,78.1564,93.8759,69.7723,97.93,200.7391,2.88,0.79,4.08,1.79,-0.541,36.9478,,2.58,-1.5831,-4.9582,6.4086,0.2713,0.2572,19.0,5.0,-0.8404,-18.0,-13.0,1.4347,34.4,cnn,3,9,2,14,0.9333,1,0,1,2,normal,Normal / Mild Pullback,False,11.6878,0.7042,13.7822,-0.4631,11.7343,-3.6057,12.928,8.2849,14.8761,-3.6057,-7.4194
2026-02-20,19.09,64.27,684.0869,606.7437,78.2143,93.9432,70.6667,97.8,201.6779,2.86,0.78,4.08,1.8,-0.524,36.9478,,-1.73,-0.8713,-4.1171,5.13,0.2715,0.2676,22.0,5.0,-0.5693,-18.0,-15.0,2.75,42.3429,cnn,3,9,2,14,0.9333,0,0,0,0,normal,Normal / Mild Pullback,False,11.8287,-0.499,13.2244,-2.4731,12.4476,-5.6697,13.2003,7.4318,14.8308,-5.6697,-8.0841
2026-02-23,21.01,68.03,677.1014,599.3687,78.0888,93.8278,67.5609,97.7,199.4644,2.95,0.8,4.03,1.77,-0.524,36.9478,,0.41,-1.8836,-5.2826,6.155,0.1599,0.1955,27.0,7.0,0.1025,-21.0,-15.0,2.6905,32.5429,cnn,3,9,2,14,0.9333,1,0,1,2,normal,Normal / Mild Pullback,False,12.3755,0.5847,10.3725,-0.6038,12.7779,-3.6959,13.7089,7.8172,14.7305,-4.6965,-7.1358
2026-02-24,19.55,65.27,682.0229,605.8068,78.0308,93.7219,67.4921,97.88,201.0553,2.97,0.81,4.04,1.78,-0.524,36.9478,,-0.74,-1.1704,-4.2652,5.7267,0.0362,0.0314,28.0,7.0,0.8656,-18.0,-12.0,1.8806,40.2571,cnn,3,9,2,14,0.9333,0,0,0,0,normal,Normal / Mild Pullback,False,12.5292,-1.0213,10.7206,-1.4796,12.005,-4.7117,13.2829,8.1362,14.7941,-5.3843,-7.8059
2026-02-25,17.93,62.43,687.778,614.5869,78.137,93.8855,68.6716,97.7,201.1739,2.94,0.8,4.05,1.77,-0.524,36.9478,,-1.69,-0.3365,-2.8777,4.8962,0.1848,0.2162,23.0,7.0,1.5381,-19.0,-13.0,2.7042,43.1429,cnn,3,9,2,14,0.9333,0,0,0,0,normal,Normal / Mild Pullback,False,12.8302,-1.157,9.8896,-2.4266,10.6825,-4.9825,13.0112,7.444,14.7208,-6.176,-8.5774
2026-02-26,18.63,63.93,683.9578,607.1722,78.0695,93.8085,69.1826,97.79,202.3103,2.98,0.82,4.02,1.74,-0.524,39.7541,,-1.6,-0.89,-4.0494,6.0834,0.2587,0.298,26.0,9.0,1.3893,-24.0,-16.0,4.7728,42.9143,cnn,3,9,2,14,0.9333,0,0,0,0,normal,Normal / Mild Pullback,False,12.9734,-1.1591,9.894,-3.3715,12.4478,-6.1582,14.0989,8.4689,14.6629,-6.1582,-8.0667
2026-02-27,19.86,73.38,680.6734,605.2288,77.9439,93.5872,65.6247,97.61,202.5475,3.1,0.85,3.97,1.72,-0.506,39.7541,,0.77,-1.366,-4.3565,6.9646,0.1098,0.0511,33.0,11.0,1.3814,-27.0,-17.0,-2.1389,41.1714,cnn,3,9,2,14,0.9333,0,0,0,0,normal,Normal / Mild Pullback,False,13.057,-1.984,12.6289,-3.4548,12.4821,-7.3133,14.9492,9.7159,14.6446,-7.3133,-7.6231
2026-03-02,21.44,73.21,681.0605,606.026,77.8993,93.5436,66.5977,98.38,202.172,3.03,0.85,4.05,1.76,-0.506,39.7541,,0.43,-1.3099,-4.2306,7.0045,-0.0585,-0.0568,23.0,11.0,1.4331,-21.0,-14.0,-0.7239,34.2857,cnn,3,9,2,14,0.9333,1,0,1,2,normal,Normal / Mild Pullback,False,13.0301,-1.1816,15.4922,-2.5278,14.1661,-7.6756,14.8619,9.6345,14.6475,-7.6756,-7.6756
2026-03-03,23.57,77.75,675.0574,599.5381,77.744,93.3308,66.1456,99.05,199.6917,3.08,0.84,4.06,1.77,-0.506,39.7541,,4.02,-2.1798,-5.2558,6.1906,-0.3182,-0.4071,27.0,10.0,1.4753,-23.0,-17.0,-1.7822,31.6286,cnn,3,9,2,14,0.9333,1,0,1,2,normal,Normal / Mild Pullback,False,13.1979,-0.463,14.3994,-1.4023,13.908,-4.1471,18.7022,11.2197,14.5075,-6.8546,-6.8546
2026-03-04,21.15,70.03,679.8202,608.6771,78.0157,93.6597,66.3422,98.77,200.4921,2.97,0.82,4.09,1.8,-0.506,39.7541,,3.22,-1.4896,-3.8116,5.9135,0.0921,0.0364,12.0,8.0,1.3649,-19.0,-12.0,-4.6414,33.0714,cnn,3,9,2,14,0.9333,1,0,1,2,normal,Normal / Mild Pullback,False,13.194,-1.2844,12.6037,-3.4592,14.3444,-4.1015,18.7338,10.7156,14.467,-7.5072,-7.5072
2026-03-05,23.75,74.53,676.0297,606.8432,77.7052,93.2534,65.4576,99.32,198.1698,3.0,0.82,4.13,1.82,-0.506,35.5372,,5.12,-2.0389,-4.1014,5.2265,-0.1826,-0.213,14.0,7.0,1.7414,-16.0,-12.0,-7.2881,31.6286,cnn,3,9,2,14,0.9333,2,0,1,3,normal,Normal / Mild Pullback,False,13.23,-2.2383,15.5932,-3.1572,14.3038,-3.477,18.7148,11.6396,14.3882,-6.9886,-6.9886
2026-03-06,29.49,81.26,667.1689,597.7143,77.3268,92.7986,63.7966,98.99,195.8081,3.13,0.84,4.15,1.8,-0.487,35.5372,,9.63,-3.3228,-5.544,5.6697,-0.5577,-0.6485,16.0,8.0,1.1961,-6.0,-9.0,-9.5216,25.2571,cnn,3,9,2,14,0.9333,3,1,1,5,normal,Normal / Mild Pullback,False,13.307,-1.5006,13.7675,-3.2777,14.5587,-1.7327,18.3407,13.2759,14.0439,-5.7533,-5.7533
2026-03-09,25.5,79.74,673.0133,605.6971,77.7925,93.3017,63.6394,99.18,196.3615,3.19,0.85,4.12,1.78,-0.487,35.5372,,4.06,-2.476,-4.2825,5.1558,-0.3054,-0.4585,32.0,9.0,1.5876,-10.0,-10.0,-10.4591,22.2286,cnn,3,9,2,14,0.9333,2,1,2,5,normal,Normal / Mild Pullback,False,11.6934,-1.3623,14.5364,-3.1109,14.9779,-2.5432,17.9985,11.5042,14.0969,-6.5717,-6.5717
2026-03-10,24.93,76.33,671.9317,605.7072,77.6664,93.1856,63.6099,98.83,194.8891,3.06,0.84,4.15,1.82,-0.487,35.5372,,1.36,-2.6327,-4.2809,3.7687,-0.6023,-0.7251,22.0,8.0,2.076,-7.0,-5.0,-9.6666,20.2714,cnn,3,9,2,14,0.9333,1,1,2,4,normal,Normal / Mild Pullback,False,11.499,-0.9436,15.0468,-3.2807,14.9529,0.0999,20.2951,12.1057,14.0842,-6.4213,-6.4213
2026-03-11,24.23,78.59,671.0883,605.6274,77.4918,92.9921,62.8826,99.23,194.2468,3.09,0.88,4.21,1.85,-0.487,35.5372,,3.08,-2.7549,-4.2935,2.9661,-0.7277,-0.8804,23.0,11.0,2.5103,5.0,1.0,-9.8655,18.3143,cnn,3,9,2,14,0.9333,1,1,2,4,normal,Normal / Mild Pullback,False,11.4865,-2.2031,17.2803,-2.6195,15.5956,0.8039,20.3876,9.3496,15.2023,-6.3037,-6.3037
2026-03-12,27.29,95.3,660.8979,595.2328,76.9969,92.3729,62.3715,99.74,191.2427,3.17,0.91,4.27,1.89,-0.487,46.3878,,3.54,-4.2316,-5.9362,2.525,-1.3495,-1.5304,33.0,14.0,3.0053,9.0,3.0,-8.1915,18.3143,cnn,3,9,2,14,0.9333,2,2,3,7,normal,Normal / Mild Pullback,False,12.5123,-0.9399,14.3608,-2.8839,16.2585,2.2904,19.5367,11.2871,14.7944,-4.859,-4.859
2026-03-13,27.19,91.17,657.1572,591.7048,76.8513,92.16,62.0275,100.36,191.2328,3.28,0.93,4.28,1.92,-0.472,46.3878,,-2.3,-4.7736,-6.4937,2.8199,-1.4872,-1.6463,36.0,15.0,3.5386,19.0,12.0,-8.1773,16.6714,cnn,3,9,2,14,0.9333,2,2,3,7,normal,Normal / Mild Pullback,False,11.5493,-1.8042,16.9339,-3.9965,17.7636,3.878,19.5896,11.592,14.746,-4.3175,-4.3175
2026-03-16,23.51,85.25,663.8449,598.3422,77.0939,92.547,62.3715,99.71,192.6558,3.27,0.94,4.23,1.87,-0.472,46.3878,,-1.99,-3.8045,-5.4448,2.9846,-1.2496,-1.3447,32.0,15.0,2.9211,19.0,10.0,-9.2781,23.9143,cnn,3,9,2,14,0.9333,1,1,3,5,normal,Normal / Mild Pullback,False,12.2452,-1.7727,17.0985,-5.2814,15.9411,4.0845,19.7125,8.7262,15.0808,-5.2814,-5.2814
2026-03-17,22.37,79.23,665.5912,601.2623,77.4432,92.9147,62.3617,99.58,193.7329,3.22,0.92,4.2,1.83,-0.472,46.3878,,-2.56,-3.5515,-4.9834,2.4291,-0.753,-0.8613,28.0,12.0,2.4907,15.0,4.0,-9.7012,22.8857,cnn,3,9,2,14,0.9333,1,1,3,5,normal,Normal / Mild Pullback,False,12.2784,-2.3593,16.2362,-2.7839,23.2849,4.6306,19.8217,10.2841,15.4088,-5.5299,-5.5299
2026-03-18,25.09,81.25,656.3038,592.8809,77.0454,92.4793,61.5459,100.09,191.1834,3.2,0.91,4.26,1.86,-0.472,46.3878,,0.86,-4.8973,-6.3079,3.0653,-1.3849,-1.4675,34.0,13.0,2.4463,17.0,6.0,-8.9751,13.6143,cnn,3,9,2,14,0.9333,2,1,4,7,normal,Normal / Mild Pullback,False,12.9028,-0.4258,15.1066,-0.6653,22.8855,6.372,18.8625,12.4496,15.0752,-4.1931,-4.1931
2026-03-19,24.06,84.88,654.6864,591.0072,77.2977,92.6825,62.1061,99.23,191.0352,3.27,0.9,4.25,1.88,-0.472,52.0,,-3.23,-5.1316,-6.604,3.7974,-1.0987,-1.2712,39.0,11.0,1.3275,17.0,9.0,-7.6579,18.3143,cnn,3,9,2,14,0.9333,1,0,4,5,normal,Normal / Mild Pullback,False,12.9014,-1.9624,19.5384,-0.3302,22.8738,7.9235,18.9967,14.7153,15.3765,-3.9564,-3.9564
2026-03-20,26.78,108.84,645.301,580.0844,76.5796,91.8698,61.9587,99.65,188.2287,3.24,0.88,4.39,2.01,-0.463,52.0,,-0.41,-6.4916,-8.3301,3.6383,-2.09,-2.2072,38.0,10.0,1.8916,31.0,21.0,-7.0528,8.4,cnn,3,9,2,14,0.9333,2,0,5,7,normal,Normal / Mild Pullback,False,13.1669,-2.2326,20.5429,1.5974,21.5484,9.2742,17.8927,15.6899,15.0782,-2.5595,-2.5595
2026-03-23,26.15,98.15,652.0767,586.7432,77.0842,92.4019,63.0797,98.95,190.2354,3.19,0.88,4.34,2.01,-0.463,52.0,,2.64,-5.5098,-7.2778,4.3712,-1.2865,-1.5196,24.0,8.0,1.2794,31.0,24.0,-3.0497,11.6286,cnn,3,9,2,14,0.9333,2,0,5,7,normal,Normal / Mild Pullback,False,13.6801,-3.572,16.0586,0.5859,20.9741,7.4308,18.1519,13.0581,15.2917,-3.572,-3.572
2026-03-24,26.95,103.01,649.8878,582.7317,76.8222,92.1407,63.6037,99.43,190.4637,3.19,0.87,4.39,2.06,-0.463,52.0,,4.58,-5.827,-7.9117,4.8371,-1.5489,-1.6872,22.0,6.0,1.5836,35.0,28.0,-1.1015,10.3571,cnn,3,9,2,14,0.9333,2,0,5,7,normal,Normal / Mild Pullback,False,13.2545,-0.4348,30.5336,3.4952,24.12,8.8842,18.0966,14.6183,15.3426,-3.2472,-3.2472
2026-03-25,25.33,97.59,653.5094,586.5635,77.0648,92.4503,63.831,99.6,191.3866,3.17,0.87,4.33,2.02,-0.463,52.0,,0.24,-5.3022,-7.3062,4.7237,-1.3723,-1.5287,23.0,7.0,1.9447,28.0,25.0,-2.1747,16.5429,cnn,3,9,2,14,0.9333,2,0,4,6,normal,Normal / Mild Pullback,False,12.9806,-0.2406,30.8222,3.5154,24.125,7.8606,18.3157,13.6244,15.3668,-3.7834,-3.7834
2026-03-26,27.44,115.02,641.8386,572.5635,76.5796,91.8698,63.7322,99.9,189.63,3.21,0.88,4.42,2.08,-0.463,49.7942,,3.38,-6.9934,-9.5186,5.4469,-1.9084,-2.0667,23.0,6.0,2.1577,40.0,34.0,-1.8331,10.2571,cnn,3,9,2,14,0.9333,2,0,4,6,normal,Normal / Mild Pullback,False,14.0526,1.6649,26.6893,5.3279,21.1941,10.6729,16.4339,14.0104,15.1915,-2.0338,-2.0338
2026-03-27,31.05,111.95,630.894,561.3774,76.3855,91.5892,62.6448,100.15,187.0299,3.42,0.91,4.44,2.13,-0.459,49.7942,,4.27,-8.5793,-11.2863,5.8456,-1.9994,-2.1349,32.0,6.0,2.6022,47.0,41.0,2.9911,8.1714,cnn,3,9,2,14,0.9333,2,0,4,6,normal,Normal / Mild Pullback,False,14.8929,3.9174,19.7046,8.2023,17.1548,12.7868,14.2623,15.9345,14.6572,-0.3343,-0.3343
2026-03-30,30.61,108.33,628.7847,557.0867,76.4729,91.6859,62.882,100.51,186.6429,3.46,0.93,4.35,2.04,-0.459,49.7942,,4.46,-8.885,-11.9644,6.1018,-1.8311,-1.9859,43.0,8.0,2.1651,30.0,28.0,2.2706,5.7714,cnn,3,9,2,14,0.9333,2,0,4,6,normal,Normal / Mild Pullback,False,14.807,4.3119,18.5157,9.8881,16.0397,12.6145,14.405,16.4916,14.6088,2.9068,2.9068
2026-03-31,25.25,96.05,647.0621,575.9462,77.2006,92.6148,64.4044,99.96,190.4637,3.28,0.9,4.3,2.0,-0.459,49.7942,,-1.7,-6.2365,-8.984,4.6977,-0.699,-0.7672,20.0,6.0,0.9187,24.0,23.0,1.5802,14.8857,cnn,3,9,2,14,0.9333,2,0,4,6,normal,Normal / Mild Pullback,False,18.7382,3.9472,16.1189,7.6268,11.9322,9.4166,11.7688,12.3825,13.6926,0.7535,0.7535
2026-04-01,24.54,90.19,651.9374,583.061,77.3898,92.8823,65.0964,99.65,191.0789,3.16,0.87,4.33,2.02,-0.459,49.7942,,-0.79,-5.53,-7.8597,3.9797,-0.8023,-0.83,19.0,5.0,0.891,24.0,22.0,2.3187,15.8571,cnn,3,9,2,14,0.9333,1,0,3,4,normal,Normal / Mild Pullback,False,18.7698,3.765,16.183,7.0844,12.1806,9.6789,11.8801,13.3797,13.9629,0.09,0.09
2026-04-02,23.87,84.41,652.5244,583.7296,77.5751,93.1255,65.2447,100.03,191.6248,3.17,0.86,4.31,1.97,-0.459,51.4286,,-3.57,-5.4449,-7.754,3.5524,-0.1675,-0.1371,17.0,4.0,0.7149,18.0,15.0,3.2651,18.2857,cnn,3,9,2,14,0.9333,1,0,4,5,normal,Normal / Mild Pullback,False,18.7481,3.6031,16.6101,8.2811,11.9371,9.8837,11.8209,14.1597,14.0085,0.4727,0.4727
2026-04-06,24.17,81.68,655.6088,587.2421,77.7116,93.3104,65.8773,99.98,192.4485,3.05,0.85,4.34,1.98,-0.464,51.4286,,-6.88,-4.998,-7.199,4.3451,0.4976,0.5515,-8.0,1.0,1.0001,19.0,18.0,5.0822,21.8571,cnn,3,9,2,14,0.9333,1,0,4,5,normal,Normal / Mild Pullback,False,18.3742,4.1233,16.5416,7.5562,12.8862,8.966,12.1897,13.469,14.0173,0.044,0.044
2026-04-07,25.78,83.15,655.8973,587.3319,77.7311,93.3201,65.9861,99.64,192.0217,3.12,0.86,4.33,1.96,-0.464,51.4286,,-4.83,-4.9562,-7.1848,3.1729,-0.079,0.0197,-7.0,1.0,0.4638,21.0,18.0,6.3933,21.5714,cnn,3,9,2,14,0.9333,2,0,4,6,normal,Normal / Mild Pullback,False,18.0336,5.3457,15.1627,6.805,14.3281,9.7919,12.1677,13.2701,14.0308,2.547,2.547
2026-04-08,21.04,78.74,672.6027,604.7945,78.1893,93.865,67.9039,99.13,196.4578,2.94,0.83,4.29,1.96,-0.464,51.4286,,-4.21,-2.5354,-4.4252,3.0176,0.6733,0.729,-12.0,-1.0,0.3035,14.0,14.0,6.644,29.1714,cnn,3,9,2,14,0.9333,1,0,3,4,normal,Normal / Mild Pullback,False,20.3679,3.5399,7.7176,5.207,10.2868,8.5531,10.1308,11.4208,13.2589,0.5103,0.5103
2026-04-09,19.49,74.01,676.483,608.8857,78.2771,93.9525,69.0506,98.82,196.5769,2.9,0.83,4.29,1.95,-0.464,42.9864,,-5.05,-1.9732,-3.7786,2.5563,1.0134,1.0328,-19.0,-5.0,-0.4132,8.0,10.0,8.9331,33.8,cnn,3,9,2,14,0.9333,0,0,2,2,normal,Normal / Mild Pullback,False,20.4571,3.199,8.3696,4.1976,11.2066,7.5996,10.4203,10.2552,13.3002,-0.0662,-0.0662
2026-04-10,19.23,72.15,676.0353,609.7638,77.9651,93.6315,68.151,98.65,195.1578,2.94,0.82,4.31,1.95,-0.474,42.9864,,-4.64,-2.038,-3.6399,1.6797,1.2575,1.3625,-23.0,-9.0,-1.0928,4.0,6.0,6.8197,38.0571,cnn,3,9,2,14,0.9333,0,0,2,2,normal,Normal / Mild Pullback,False,19.6144,4.5154,6.3145,5.0746,10.9947,8.5597,10.4085,9.9874,13.3274,0.9772,0.9772
2026-04-13,19.12,74.42,682.6418,616.0704,78.2576,93.9622,68.5959,98.37,197.3212,2.95,0.82,4.3,1.92,-0.474,42.9864,,-5.05,-1.0807,-2.6433,0.8525,1.8299,1.9555,-33.0,-11.0,-1.9829,2.0,0.0,6.4609,40.9714,cnn,3,9,2,14,0.9333,0,0,1,1,normal,Normal / Mild Pullback,False,19.6629,3.2969,9.7979,4.237,10.7529,7.754,10.2092,9.845,13.2962,1.2185,1.2185
2026-04-14,18.36,74.35,690.9597,627.2563,78.4916,94.2444,68.497,98.12,198.1449,2.84,0.81,4.26,1.89,-0.474,42.9864,,-7.42,0.0,-0.8756,-0.1156,1.813,1.834,-43.0,-13.0,-1.5946,3.0,2.0,5.5114,47.2571,cnn,3,9,2,14,0.9333,0,0,1,1,normal,Normal / Mild Pullback,False,19.7865,1.3853,11.8108,2.4811,10.612,6.2955,9.8663,8.9904,13.1268,0.7891,0.7891
2026-04-15,18.17,67.94,696.4121,636.0375,78.4526,94.186,68.3784,98.06,198.2144,2.85,0.8,4.29,1.9,-0.474,42.9864,,-2.87,0.0,0.0,-0.6921,1.3034,1.3682,-37.0,-12.0,-1.5264,9.0,7.0,4.7954,56.2,cnn,3,9,2,14,0.9333,0,0,1,1,normal,Normal / Mild Pullback,False,19.8938,1.6101,12.4992,1.663,10.2237,6.0534,9.7514,7.3092,13.1883,0.2457,0.2457
2026-04-16,17.94,65.89,698.1234,639.101,78.3453,94.0887,68.0423,98.22,199.1175,2.86,0.81,4.32,1.93,-0.474,42.7885,,-1.55,0.0,0.0,-1.0333,1.6873,1.7403,-34.0,-10.0,-1.8683,6.0,7.0,3.9327,61.4857,cnn,3,9,2,14,0.9333,0,0,1,1,normal,Normal / Mild Pullback,False,18.9412,0.9677,13.5064,2.4228,11.0387,6.6286,9.9036,7.4262,13.1947,0.3449,0.3449
2026-04-17,17.48,65.7,706.5607,647.463,78.6379,94.4487,69.5647,98.1,201.6184,2.83,0.8,4.26,1.9,-0.485,42.7885,,-1.75,0.0,0.0,-1.5118,1.7338,1.9056,-44.0,-10.0,-1.1388,1.0,2.0,3.7858,68.5714,cnn,3,9,2,14,0.9333,0,0,1,1,normal,Normal / Mild Pullback,False,19.0717,0.5351,11.7107,1.48,9.6741,4.0879,10.7256,6.5641,13.0146,-0.8534,-0.8534
2026-04-20,18.87,67.9,705.1478,645.4074,78.5696,94.3611,69.8316,98.05,202.2535,2.87,0.81,4.26,1.91,-0.485,42.7885,,-0.25,-0.2,-0.3175,-0.6161,2.5986,2.7119,-37.0,-7.0,-1.6056,-13.0,-10.0,3.1411,69.9714,cnn,3,9,2,14,0.9333,0,0,1,1,normal,Normal / Mild Pullback,False,17.9798,0.9101,11.3899,1.3108,9.8758,4.2231,10.671,6.1991,13.068,-0.6547,-0.6547
2026-04-21,19.5,70.78,700.5312,642.9528,78.3648,94.1276,68.8331,98.41,201.013,2.85,0.8,4.3,1.92,-0.485,42.7885,,1.14,-0.8534,-0.6966,-0.0934,1.6614,1.8676,-34.0,-8.0,-0.5457,-4.0,-9.0,1.5731,67.5714,cnn,3,9,2,14,0.9333,0,0,1,1,normal,Normal / Mild Pullback,False,18.2422,1.0808,10.6451,2.7966,9.3154,4.2112,10.6834,5.8409,13.1695,0.6207,0.6207
2026-04-22,18.92,69.88,707.6253,653.7097,78.4916,94.2833,68.4575,98.59,200.9237,2.84,0.79,4.3,1.92,-0.485,42.7885,,0.75,0.0,0.0,-0.8712,2.1731,2.3254,-35.0,-8.0,-0.8448,-9.0,-14.0,-1.1507,68.4571,cnn,3,9,2,14,0.9333,0,0,1,1,normal,Normal / Mild Pullback,False,18.1828,0.052,7.994,3.1805,10.274,4.2238,10.6956,4.6107,13.0407,-0.3881,-0.3881
2026-04-23,19.31,67.7,704.8792,650.0275,78.3648,94.1179,69.1989,98.8,200.9138,2.86,0.8,4.34,1.92,-0.485,34.4186,,1.37,-0.3881,-0.5633,0.0622,1.687,1.8038,-31.0,-7.0,-0.8032,1.0,-10.0,0.5089,66.1714,cnn,3,9,2,14,0.9333,0,0,0,0,normal,Normal / Mild Pullback,False,18.4052,1.4412,9.5062,3.2649,10.1247,4.8373,10.4624,5.8942,13.0947,0.4418,0.4418
2026-04-24,18.71,66.97,710.3416,662.4609,78.4721,94.2638,68.1016,98.51,200.4969,2.86,0.8,4.31,1.89,-0.495,34.4186,,1.23,0.0,0.0,-0.5884,2.4713,2.606,-35.0,-8.0,-1.3914,-11.0,-19.0,-3.4489,65.4,cnn,3,9,2,14,0.9333,0,0,0,0,normal,Normal / Mild Pullback,False,16.5495,0.9399,8.5097,3.3168,10.1903,4.4401,10.2899,4.9578,13.0251,-0.3306,-0.3306
2026-04-27,18.02,68.42,711.5653,662.8102,78.5014,94.2833,69.2681,98.48,200.2588,2.84,0.81,4.35,1.91,-0.495,34.4186,,-0.85,0.0,0.0,-1.2035,2.7699,2.9416,-58.0,-10.0,-1.6675,-9.0,-22.0,-1.963,66.2857,cnn,3,9,2,14,0.9333,0,0,0,0,normal,Normal / Mild Pullback,False,14.4155,0.3971,9.3852,3.374,10.1706,4.9527,10.4075,3.4833,13.3024,-0.502,-0.502
2026-04-28,17.83,68.68,708.1028,656.1445,78.3941,94.1763,69.5647,98.62,199.2366,2.85,0.81,4.36,1.92,-0.495,34.4186,,-1.67,-0.4866,-1.0057,-1.303,2.5123,2.7162,-61.0,-12.0,-1.8804,1.0,-12.0,-1.7647,67.4286,cnn,3,9,2,14,0.9333,0,0,0,0,normal,Normal / Mild Pullback,False,14.5568,1.6974,8.9218,3.7221,9.532,5.4476,10.0996,4.095,13.254,-0.0155,-0.0155
2026-04-29,18.81,74.33,707.9934,660.1559,78.1308,93.8844,68.24,98.92,198.8892,2.82,0.81,4.42,1.96,-0.495,34.4186,,-0.11,-0.502,-0.4005,-1.4773,1.2049,1.3709,-46.0,-9.0,-1.0404,12.0,-4.0,-3.1633,66.2286,cnn,3,9,2,14,0.9333,0,0,0,0,normal,Normal / Mild Pullback,False,11.8602,3.1268,10.7644,4.3186,9.3227,6.0457,10.0906,4.1336,13.2533,0.9036,0.9036
2026-04-30,16.89,72.07,715.0377,666.3127,78.3746,94.2055,69.0506,98.08,201.8962,2.83,0.81,4.4,1.94,-0.495,39.6887,,-2.42,0.0,0.0,-1.5483,1.2725,1.4245,-33.0,-6.0,-1.5755,7.0,-8.0,-3.2864,69.5143,cnn,3,9,2,14,0.9333,0,0,0,0,normal,Normal / Mild Pullback,False,11.9716,1.7978,11.8112,4.1063,9.0271,5.2626,9.7493,3.3547,13.1187,-0.0904,-0.0904
2026-05-01,16.99,70.41,717.0177,672.709,78.4716,94.3004,69.0209,98.21,201.2809,2.77,0.81,4.39,1.91,-0.502,39.6887,,-1.72,0.0,0.0,-3.4348,1.1558,1.2615,-40.0,-5.0,-1.8195,8.0,-6.0,-3.7274,71.1714,cnn,3,9,2,14,0.9333,0,0,0,0,normal,Normal / Mild Pullback,False,11.9121,2.3548,12.2075,2.5699,12.152,5.2578,9.7492,1.4833,13.5153,-0.3663,-0.3663
2026-05-04,18.29,77.86,714.391,671.4417,78.2168,94.0069,68.2004,98.47,200.1099,2.78,0.8,4.45,1.95,-0.502,39.6887,,0.27,-0.3663,-0.1884,-4.0132,0.6501,0.7464,-27.0,-5.0,-1.5103,11.0,-3.0,-4.992,66.8857,cnn,3,9,2,14,0.9333,0,0,0,0,normal,Normal / Mild Pullback,False,12.2808,2.9651,10.2212,2.8746,11.8143,5.7882,9.4826,3.5641,13.8989,0.8022,0.8022
2026-05-05,17.38,76.78,720.122,680.153,78.3344,94.1243,69.1198,98.48,201.6978,2.77,0.79,4.43,1.96,-0.502,39.6887,,-0.45,0.0,0.0,-3.9696,0.7762,0.8617,-35.0,-7.0,-1.1642,10.0,0.0,-4.5931,67.2571,cnn,3,9,2,14,0.9333,0,0,0,0,normal,Normal / Mild Pullback,False,12.2571,1.991,11.1496,1.3761,12.3072,4.2099,9.8868,3.4796,13.8813,1.0791,0.2294
2026-05-06,17.39,70.63,730.1313,694.2828,78.5696,94.4373,69.9008,98.02,203.2955,2.75,0.78,4.36,1.94,-0.502,39.6887,,-1.42,0.0,0.0,-4.1324,0.4864,0.6098,-19.0,-5.0,-1.1197,7.0,-2.0,-5.1702,68.7429,cnn,3,9,2,14,0.9333,0,0,0,0,normal,Normal / Mild Pullback,False,10.1681,1.1556,7.4978,1.0111,11.3852,3.1697,8.8985,3.5147,13.8952,-0.3066,-1.1447
2026-05-07,17.08,72.24,727.8926,693.4545,78.2756,94.1047,69.1495,98.25,201.9955,2.79,0.79,4.41,1.96,-0.502,32.9502,,0.19,-0.3066,-0.1193,-5.0423,-0.0019,0.162,-11.0,-4.0,-0.5768,12.0,1.0,-6.9298,67.2857,cnn,3,9,2,14,0.9333,0,0,0,0,normal,Normal / Mild Pullback,False,10.4589,2.2677,6.5198,1.5227,11.1589,0.816,13.215,5.7051,14.3168,0.2939,-0.8406
2026-05-08,17.19,67.25,733.9022,709.7097,78.55,94.4177,69.0506,97.84,202.5512,2.81,0.79,4.38,1.93,-0.507,32.9502,,0.2,0.0,0.0,-5.7496,0.7503,0.8398,-13.0,-3.0,-0.8211,7.0,-2.0,-6.6689,67.2857,cnn,3,9,2,14,0.9333,0,0,0,0,normal,Normal / Mild Pullback,False,10.4458,0.2101,12.4495,1.0873,10.6313,0.2169,12.9134,4.6302,14.2473,-0.5274,-1.6526
2026-05-11,18.38,70.74,735.5737,711.7653,78.3932,94.2221,67.7655,97.94,202.4421,2.79,0.78,4.42,1.95,-0.507,32.9502,,0.09,0.0,0.0,-6.236,0.1733,0.2766,-16.0,-4.0,-0.4371,12.0,3.0,-8.3194,66.6286,cnn,3,9,2,14,0.9333,0,1,0,1,normal,Normal / Mild Pullback,False,10.2463,-0.0879,12.349,1.5271,10.9853,-0.3043,12.93,4.2256,14.2518,-0.7534,-1.8761
2026-05-12,17.99,71.68,734.4594,705.7282,78.2854,94.0851,67.4491,98.29,202.2634,2.82,0.77,4.46,1.99,-0.507,32.9502,,0.61,-0.1515,-0.8482,-7.0731,-0.2627,-0.169,-2.0,-4.0,0.1733,20.0,10.0,-7.3619,65.6857,cnn,3,9,2,14,0.9333,0,0,0,0,normal,Normal / Mild Pullback,False,9.9005,-0.6028,13.2166,1.6636,10.9019,-1.7272,14.0862,5.0221,14.2868,-1.7272,-1.7272
2026-05-13,17.87,70.24,738.5685,713.1823,78.3246,94.0851,66.3716,98.48,201.3802,2.82,0.76,4.46,1.99,-0.507,32.9502,,0.48,0.0,0.0,-7.686,-0.1631,-0.1071,-3.0,-4.0,0.4283,17.0,9.0,-8.4751,64.9714,cnn,3,9,2,14,0.9333,0,1,0,1,normal,Normal / Mild Pullback,False,9.7853,-0.1428,14.9974,1.6556,10.8941,-0.6129,15.2882,4.4067,14.2539,-2.274,-2.274
2026-05-14,17.26,69.63,744.399,718.2514,78.2658,94.0265,66.9647,98.88,202.1146,2.76,0.76,4.47,2.0,-0.507,36.6102,,0.18,0.0,0.0,-8.0884,-0.1015,-0.0662,-10.0,-5.0,0.672,15.0,7.0,-7.7017,65.9143,cnn,3,9,2,14,0.9333,0,0,0,0,normal,Normal / Mild Pullback,False,9.9373,-0.7284,13.4894,1.1107,10.3555,-0.8581,15.1376,3.258,14.1972,-3.0394,-3.0394
2026-05-15,18.43,79.87,735.4444,707.4146,77.8835,93.6352,66.2036,99.27,200.0305,2.8,0.75,4.59,2.1,-0.508,36.6102,,1.24,-1.2029,-1.5088,-7.9771,-0.9592,-0.8613,-3.0,-5.0,1.1927,33.0,20.0,-8.5692,63.2286,cnn,3,9,2,14,0.9333,0,1,0,1,normal,Normal / Mild Pullback,False,10.7421,0.8753,9.8263,2.6205,7.2785,2.1186,15.7425,4.777,13.9554,-1.8588,-1.8588
2026-05-18,17.82,86.07,734.927,704.3712,77.962,93.6841,67.1427,98.97,201.2611,2.83,0.75,4.61,2.13,-0.508,36.6102,,-0.56,-1.2724,-1.9325,-7.1101,-0.7734,-0.7175,-4.0,-6.0,0.9383,35.0,22.0,-7.7465,62.0857,cnn,3,9,2,14,0.9333,0,0,0,0,normal,Normal / Mild Pullback,False,10.6873,1.6165,10.0497,2.8322,7.0887,1.5813,15.9306,5.5823,14.0088,-1.7898,-1.7898
2026-05-19,18.06,85.32,730.0318,700.0305,77.7757,93.4591,66.7868,99.3,200.09,2.86,0.76,4.67,2.18,-0.508,36.6102,,0.07,-1.93,-2.5368,-6.9595,-0.7518,-0.7103,1.0,-4.0,0.9044,37.0,26.0,-6.8937,59.2571,cnn,3,9,2,14,0.9333,0,0,0,0,normal,Normal / Mild Pullback,False,10.6996,2.2801,6.4213,2.7953,7.224,0.9854,16.4256,6.0799,13.933,-1.1312,-1.1312
2026-05-20,17.44,81.53,737.5139,711.6256,78.2756,94.0265,68.3784,99.11,202.2833,2.8,0.75,4.57,2.13,-0.508,36.6102,,-0.43,-0.9249,-0.9225,-6.9593,-0.2752,-0.2724,-4.0,-4.0,0.5274,27.0,21.0,-4.1635,60.5143,cnn,3,9,2,14,0.9333,0,0,0,0,normal,Normal / Mild Pullback,False,10.7119,1.801,4.3237,2.1369,5.985,1.0002,16.4371,4.5073,13.8471,-2.1342,-2.1342
2026-05-21,16.76,79.72,738.9764,712.9827,78.3148,94.1047,68.4179,99.19,203.1566,2.78,0.75,4.57,2.18,-0.508,43.6123,,-0.5,-0.7284,-0.7335,-6.011,-0.0638,-0.014,-8.0,-5.0,0.3947,23.0,26.0,-5.6906,57.5143,cnn,3,9,2,14,0.9333,0,0,1,1,normal,Normal / Mild Pullback,False,10.4779,1.8527,4.22,-0.6961,15.4051,0.4831,16.4766,3.5959,13.9296,-2.3279,-2.3279
2026-05-22,16.7,78.43,741.8818,716.0062,78.3246,94.1536,68.5761,99.32,205.0124,2.74,0.74,4.56,2.16,-0.507,43.6123,,-1.73,-0.3382,-0.3126,-6.5764,-0.1879,-0.1169,-12.0,-6.0,0.8222,25.0,27.0,-3.5842,58.2286,cnn,3,9,2,14,0.9333,0,0,1,1,normal,Normal / Mild Pullback,False,10.3049,1.7301,4.2611,-0.861,15.2876,-1.364,17.2256,3.4066,13.9159,-2.7104,-2.7104
2026-05-26,17.01,74.95,746.8068,728.719,78.5892,94.4569,69.4954,99.17,206.0644,2.72,0.74,4.5,2.1,-0.507,43.6123,,-0.81,0.0,0.0,-7.2729,0.112,0.1841,-12.0,-7.0,0.7006,15.0,19.0,-4.4062,59.8286,cnn,3,9,2,14,0.9333,0,0,1,1,normal,Normal / Mild Pullback,False,10.4221,1.1964,3.3143,-1.8039,14.7204,-2.0599,17.0095,1.8618,13.9778,-3.352,-3.352
2026-05-27,16.29,70.9,746.6775,727.8907,78.5402,94.4177,68.7837,99.21,205.9155,2.71,0.74,4.48,2.09,-0.507,43.6123,,-1.77,-0.0173,-0.1137,-7.0989,0.1864,0.2564,-14.0,-7.0,0.5983,12.0,17.0,-6.2308,60.6286,cnn,3,9,2,14,0.9333,0,0,1,1,normal,Normal / Mild Pullback,False,10.1144,0.5037,7.5397,-3.3353,16.2618,-1.9013,17.0301,2.2963,13.9987,-3.3353,-3.3353
2026-05-28,15.74,69.74,750.7966,734.0276,78.6383,94.5156,68.754,99.02,206.6697,2.72,0.73,4.45,2.06,-0.507,41.8519,,-1.7,0.0,0.0,-6.9459,0.6495,0.6723,-10.0,-8.0,0.1011,3.0,10.0,-4.9907,60.7143,cnn,3,9,2,14,0.9333,0,0,1,1,normal,Normal / Mild Pullback,False,10.1043,0.33,6.9681,-2.2316,18.8007,-3.145,16.9903,1.4361,13.9737,-3.8656,-3.8656
2026-05-29,15.32,70.22,752.6671,736.7318,78.7167,94.6623,68.8133,98.91,207.2453,2.72,0.73,4.45,2.07,-0.505,41.8519,,-1.44,0.0,0.0,-6.6362,0.4365,0.4849,-11.0,-8.0,0.8462,5.0,13.0,-5.3259,60.4571,cnn,3,9,2,14,0.9333,0,0,1,1,normal,Normal / Mild Pullback,False,9.7608,-2.5024,19.896,-1.9472,19.0608,-1.794,18.1069,1.5074,13.9793,-4.1045,-4.1045
2026-06-01,16.05,73.33,754.7167,741.1523,78.6566,94.5866,67.5282,99.2,207.6225,2.72,0.73,4.47,2.07,-0.505,41.8519,,-0.65,0.0,0.0,-6.1534,0.2357,0.3035,-5.0,-8.0,1.008,8.0,16.0,-7.0498,59.4571,cnn,3,9,2,14,0.9333,0,0,1,1,normal,Normal / Mild Pullback,False,9.7607,-2.547,19.7855,-0.4891,21.3765,-1.298,18.3276,1.2542,13.9698,-4.365,-4.365
2026-06-02,15.77,73.43,755.7416,744.565,78.7157,94.6259,68.7441,99.22,208.4462,2.71,0.74,4.46,2.07,-0.505,41.8519,,-1.24,0.0,0.0,-6.0221,0.6378,0.6585,-7.0,-6.0,0.7617,1.0,12.0,-4.7179,56.9714,cnn,3,9,2,14,0.9333,0,0,1,1,normal,Normal / Mild Pullback,False,9.4936,-2.9648,19.1177,-1.2165,21.5158,-1.5652,18.3134,1.7795,14.0281,-4.4947,-4.4947
2026-06-03,16.06,73.58,750.4384,742.6193,78.4989,94.4194,67.1031,99.53,207.6622,2.75,0.74,4.49,2.11,-0.505,41.8519,,-0.23,-0.7017,-0.2613,-5.156,0.2101,0.3135,-2.0,-5.0,1.0662,6.0,15.0,-6.8396,54.6286,cnn,3,9,2,14,0.9333,0,0,1,1,normal,Normal / Mild Pullback,False,9.896,-3.8197,20.4048,-1.7607,22.1047,-0.9998,18.1663,2.2661,13.9554,-3.8197,-3.8197
2026-06-04,15.4,71.16,753.274,739.0269,78.6467,94.5669,69.1791,99.41,209.2302,2.74,0.74,4.47,2.11,-0.505,36.9963,,-0.34,-0.3265,-0.7438,-4.2345,0.0981,0.1372,-1.0,-4.0,1.4181,11.0,17.0,-4.073,54.5714,cnn,3,9,2,14,0.9333,0,0,0,0,normal,Normal / Mild Pullback,False,8.8945,-2.5532,26.3284,-1.113,22.8018,-0.5118,18.4021,1.5766,13.9539,-4.1818,-4.1818
2026-06-05,21.51,75.2,733.8325,703.5529,78.2527,94.1538,69.3669,100.07,206.2529,2.76,0.74,4.55,2.19,-0.505,36.9963,,6.19,-2.899,-5.5082,-2.8978,-0.0293,0.0522,-3.0,-5.0,1.8524,14.0,23.0,-0.4975,41.8571,cnn,3,9,2,14,0.9333,2,0,0,2,normal,Normal / Mild Pullback,False,13.1261,0.5695,18.9995,1.1874,18.1896,1.6387,15.7919,3.5513,12.9169,-1.6433,-1.6433
2026-06-08,18.92,76.98,735.4941,714.5394,78.361,94.2226,69.5548,100.05,206.0346,2.75,0.75,4.56,2.21,-0.505,36.9963,,2.87,-2.6792,-4.0326,-3.1922,-0.2407,-0.2066,-6.0,-4.0,2.2588,18.0,28.0,0.5121,39.3714,cnn,3,9,2,14,0.9333,0,0,1,1,normal,Normal / Mild Pullback,False,12.8216,2.1117,22.3451,-0.5073,19.8123,1.0958,15.8411,3.7758,12.9365,-1.8655,-1.8655
2026-06-09,19.87,77.03,733.335,706.317,78.4398,94.3407,70.4247,99.91,207.6026,2.78,0.75,4.53,2.2,-0.505,36.9963,,4.1,-2.9648,-5.137,-2.7169,0.0595,0.1258,-1.0,-3.0,2.0114,11.0,25.0,4.2414,33.7714,cnn,3,9,2,14,0.9333,0,0,1,1,normal,Normal / Mild Pullback,False,12.8399,1.8018,23.0483,-0.2606,19.7661,2.2518,16.0224,5.1709,13.0685,-1.5766,-1.5766
2026-06-10,22.22,73.95,721.7736,692.2072,78.2921,94.1538,70.8201,99.95,204.9628,2.8,0.75,4.55,2.21,-0.505,36.9963,,6.16,-4.4947,-7.032,-2.1505,0.0085,0.073,-2.0,-2.0,1.6889,9.0,22.0,6.8432,27.2857,cnn,3,9,2,14,0.9333,2,0,1,3,normal,Normal / Mild Pullback,False,13.99,2.1408,21.337,1.4835,17.7396,4.3374,14.7313,6.4437,12.636,0.7496,0.7496
2026-06-11,19.44,69.45,734.0415,715.5872,78.7551,94.6947,71.522,99.86,208.1584,2.78,0.75,4.45,2.16,-0.505,47.6636,,4.04,-2.8714,-3.8919,-2.5734,0.5496,0.6479,-4.0,-1.0,1.4013,-1.0,17.0,8.4245,29.6857,cnn,3,9,2,14,0.9333,0,0,2,2,normal,Normal / Mild Pullback,False,15.2165,1.4779,19.3164,-0.9342,15.9221,1.8082,14.0355,4.0898,12.2664,-0.9342,-0.9342
2026-06-12,17.68,69.36,738.0114,719.7982,78.7551,94.7144,72.5699,99.75,210.0439,2.71,0.74,4.48,2.17,-0.505,47.6636,,-3.83,-2.3461,-3.3264,-2.2984,0.6252,0.7317,-5.0,-2.0,0.8799,1.0,17.0,9.3082,33.5143,cnn,3,9,2,14,0.9333,0,0,2,2,normal,Normal / Mild Pullback,False,15.0646,0.6145,19.5818,0.1562,17.9591,1.6201,13.9721,3.0488,12.274,-1.4671,-1.4671
2026-06-15,16.2,69.38,751.0255,742.4097,78.8536,94.8619,71.4034,99.63,211.2646,2.66,0.73,4.47,2.15,-0.505,47.6636,,-2.72,-0.624,-0.2895,-3.5967,1.2455,1.3102,-14.0,-2.0,0.3626,-12.0,5.0,5.6167,40.1429,cnn,3,9,2,14,0.9333,0,0,1,1,normal,Normal / Mild Pullback,False,15.691,-2.5648,15.6659,-0.8129,15.8752,0.255,12.5872,0.6561,11.8218,-3.1745,-3.1745
2026-06-16,16.41,67.28,746.5482,728.2999,78.8438,94.8423,71.6604,99.54,210.56,2.71,0.75,4.43,2.14,-0.505,47.6636,,-3.46,-1.2165,-2.1845,-3.3071,1.1311,1.2363,-12.0,0.0,0.5759,-18.0,1.0,5.0671,39.5143,cnn,3,9,2,14,0.9333,0,0,2,2,normal,Normal / Mild Pullback,False,15.8808,-2.0259,15.9786,-0.353,15.6217,0.3097,12.5536,2.1229,11.8753,-2.5938,-2.5938
2026-06-17,18.44,70.66,737.2253,720.9656,78.5482,94.4784,70.3357,100.09,207.4041,2.63,0.74,4.49,2.23,-0.505,47.6636,,-3.78,-2.4501,-3.1696,-3.5673,0.9932,1.0906,-23.0,-2.0,0.7956,-18.0,5.0,4.2862,32.9429,cnn,3,9,2,14,0.9333,0,0,2,2,normal,Normal / Mild Pullback,False,16.3726,-0.6435,14.3064,0.7745,14.1063,0.5729,12.2317,2.953,11.6122,-1.362,-1.362
2026-06-18,16.4,65.39,744.8903,739.0369,78.8241,94.8029,70.8992,100.85,208.3668,2.66,0.74,4.46,2.21,-0.505,39.3519,,-3.04,-1.4359,-0.7425,-4.553,0.7007,0.8258,-14.0,-1.0,1.7556,-11.0,8.0,2.6598,37.3429,cnn,3,9,2,14,0.9333,0,0,1,1,normal,Normal / Mild Pullback,False,16.3843,-2.377,10.1384,0.608,13.8135,-0.6227,11.6503,1.4262,11.4733,-2.377,-2.377
2026-06-22,17.28,70.02,742.5461,737.1818,78.7551,94.7144,71.5823,101.02,208.825,2.65,0.74,4.51,2.28,-0.507,39.3519,,-0.4,-1.746,-0.9916,-3.9717,0.5622,0.6479,-13.0,-1.0,1.8449,-6.0,10.0,4.1221,33.9429,cnn,3,9,2,14,0.9333,0,0,1,1,normal,Normal / Mild Pullback,False,16.4259,-0.4554,18.3042,0.446,13.9592,0.5226,11.9851,1.2977,11.4922,-2.0688,-2.0688
2026-06-23,19.49,68.78,731.7629,712.9072,78.6861,94.6652,72.7059,101.41,208.1077,2.71,0.74,4.5,2.29,-0.507,39.3519,,3.29,-3.1729,-4.2519,-3.7421,0.4616,0.5434,-3.0,0.0,2.1043,-6.0,13.0,7.4883,28.4571,cnn,3,9,2,14,0.9333,0,0,1,1,normal,Normal / Mild Pullback,False,17.1727,1.798,14.1684,1.6113,11.4465,1.8853,10.6446,3.9559,11.2874,-0.6257,-0.6257
2026-06-24,18.63,69.06,731.4237,709.8803,78.6664,94.6062,73.5511,101.61,209.5921,2.76,0.75,4.41,2.23,-0.507,39.3519,,2.22,-3.2177,-4.6584,-3.339,0.0982,0.1581,4.0,1.0,2.4604,-9.0,13.0,8.0618,26.4571,cnn,3,9,2,14,0.9333,0,0,1,1,normal,Normal / Mild Pullback,False,16.9576,1.7075,14.3408,2.519,11.861,0.6737,11.6521,4.138,11.2858,-0.5796,-0.5796
2026-06-25,18.89,67.1,732.4811,715.6343,78.696,94.6947,74.3466,101.43,210.957,2.78,0.76,4.4,2.19,-0.507,36.1233,,0.45,-3.0778,-3.8856,-2.974,0.1983,0.2934,7.0,2.0,2.2377,-8.0,10.0,10.1824,25.4286,cnn,3,9,2,14,0.9333,0,0,1,1,normal,Normal / Mild Pullback,False,16.9777,1.4272,14.7053,2.8122,11.8773,0.6305,11.6477,5.6,11.6811,-0.7231,-0.7231
2026-06-26,18.41,66.79,727.1843,705.7846,78.6467,94.6357,74.7443,101.36,209.5224,2.83,0.77,4.38,2.18,-0.511,36.1233,,2.01,-3.7787,-5.2085,-2.1142,0.0108,0.1271,11.0,4.0,2.3632,-7.0,12.0,12.2426,24.6571,cnn,3,9,2,14,0.9333,0,0,2,2,normal,Normal / Mild Pullback,False,16.9412,3.0577,11.9012,2.7682,11.98,1.3855,11.3003,6.3527,11.5591,1.2606,0.0645
2026-06-29,17.65,68.14,739.1645,723.3263,78.8241,94.8128,74.3267,101.11,212.2522,2.8,0.76,4.38,2.16,-0.511,36.1233,,0.37,-2.1935,-2.8525,-2.0275,0.1364,0.159,8.0,3.0,2.2242,-7.0,9.0,9.9851,26.8571,cnn,3,9,2,14,0.9333,0,0,1,1,normal,Normal / Mild Pullback,False,18.0721,0.9055,9.5798,1.4615,9.3411,-0.0189,9.7106,3.8754,11.2299,-0.3806,-1.5573
2026-06-30,16.45,71.96,744.9202,735.6335,78.7846,94.7833,74.4261,101.19,211.9732,2.75,0.76,4.44,2.2,-0.511,36.1233,,-3.04,-1.4319,-1.1996,-3.1017,0.1628,0.208,3.0,3.0,2.0061,-3.0,13.0,11.6643,29.9714,cnn,3,9,2,14,0.9333,0,0,1,1,normal,Normal / Mild Pullback,False,18.2927,-0.1835,8.3495,1.0766,8.802,-2.318,10.7034,2.9882,11.1347,-2.318,-2.318
2026-07-01,16.59,68.56,743.9127,724.4151,78.7738,94.8238,75.7486,101.39,212.6108,2.74,0.76,4.48,2.25,-0.511,36.1233,,-2.04,-1.5652,-2.7063,-2.6371,0.0738,0.2092,3.0,2.0,2.1871,2.0,18.0,11.9412,31.6286,cnn,3,9,2,14,0.9333,0,0,1,1,normal,Normal / Mild Pullback,False,18.2797,0.7978,10.2856,0.6651,9.3386,-0.5458,12.4271,3.6882,11.1733,-2.1857,-2.1857
2026-07-02,16.15,65.4,742.9352,711.8582,78.8925,94.9326,74.5951,100.86,214.1052,2.75,0.75,4.49,2.26,-0.511,42.2727,,-2.74,-1.6945,-4.3927,-1.5622,0.5014,0.5436,0.0,1.0,1.3363,0.0,15.0,12.2876,32.5429,cnn,3,9,2,14,0.9333,0,0,2,2,normal,Normal / Mild Pullback,False,18.1309,1.3655,10.0568,-0.2001,10.7492,0.3021,12.6952,,,-2.057,
2026-07-06,15.57,65.76,749.4191,722.0676,79.0509,95.0908,75.1321,100.85,214.1948,2.72,0.75,4.48,2.24,-0.516,42.2727,,-2.84,-0.8366,-3.0215,-2.1471,0.5139,0.5541,-2.0,1.0,1.4485,1.0,13.0,9.1638,41.6571,cnn,3,9,2,14,0.9333,0,0,1,1,normal,Normal / Mild Pullback,False,18.3671,-0.2809,10.6284,-1.2232,9.5396,0.8505,13.3142,,,-2.9044,
2026-07-07,16.13,70.25,745.8579,708.6915,78.942,94.992,74.6449,101.14,213.9259,2.67,0.76,4.55,2.3,-0.516,42.2727,,-1.52,-1.3078,-4.818,-1.2967,0.881,0.8902,-9.0,2.0,1.0693,0.0,11.0,5.8737,39.7714,cnn,3,9,2,14,0.9333,0,0,2,2,normal,Normal / Mild Pullback,False,15.8156,0.551,10.187,0.0762,10.4018,3.159,14.5143,,,-2.4408,
2026-07-08,16.9,72.41,743.5536,710.6995,78.843,94.8436,72.9247,101.05,211.4053,2.7,0.76,4.56,2.31,-0.516,42.2727,,0.45,-1.6127,-4.5484,-1.5111,0.6151,0.659,-5.0,1.0,0.9995,0.0,10.0,3.7085,38.6286,cnn,3,9,2,14,0.9333,0,0,2,2,normal,Normal / Mild Pullback,False,15.8667,1.2624,9.5696,0.2696,10.2815,3.2721,14.4729,,,-2.1384,
2026-07-09,15.84,68.89,749.848,722.5272,78.9321,94.9425,74.2272,100.94,212.7005,2.7,0.76,4.54,2.31,-0.516,37.2093,,-0.75,-0.7798,-2.9598,-1.8672,0.6276,0.6379,-8.0,1.0,1.0309,1.0,11.0,3.0784,44.7143,cnn,3,9,2,14,0.9333,0,0,0,0,normal,Normal / Mild Pullback,False,16.0455,-0.1317,9.2206,-1.7999,10.955,2.2416,14.2827,,,-2.9599,
2026-07-10,15.03,69.55,753.08,724.7548,78.8925,94.8733,74.5951,100.97,213.4975,2.69,0.77,4.56,2.32,-0.522,37.2093,,-1.12,-0.3522,-2.6606,-1.1398,0.7669,0.7641,-11.0,2.0,1.0205,1.0,11.0,0.9517,46.8286,cnn,3,9,2,14,0.9333,0,0,0,0,normal,Normal / Mild Pullback,False,14.768,-1.5445,10.2657,-2.122,10.5583,2.4253,14.35,,,-3.3764,
2026-07-13,17.16,77.77,747.3143,710.9991,78.7045,94.7051,74.6946,101.28,213.4277,2.69,0.78,4.62,2.36,-0.522,37.2093,,1.59,-1.1151,-4.5081,0.3411,-0.0643,0.011,-9.0,3.0,1.422,17.0,20.0,2.581,40.8571,cnn,3,9,2,14,0.9333,0,0,0,0,normal,Normal / Mild Pullback,False,14.0602,-0.945,9.4331,-1.3455,10.1339,3.1849,13.9782,,,-2.6309,
2026-07-14,16.5,75.03,749.9677,718.9409,78.8628,94.8436,74.5753,100.94,212.6507,2.72,0.79,4.58,2.33,-0.522,37.2093,,0.37,-0.764,-3.4415,-0.5861,0.1368,0.1364,1.0,5.0,1.193,10.0,16.0,1.1251,41.0571,cnn,3,9,2,14,0.9333,0,0,0,0,normal,Normal / Mild Pullback,False,13.9971,-0.4722,11.5359,-1.4591,9.9934,2.4913,14.0565,,,-2.9754,
2026-07-15,15.67,68.48,752.9403,716.9929,78.9915,95.0117,75.3508,100.5,212.1725,2.71,0.79,4.55,2.32,-0.522,37.2093,,-1.23,-0.3707,-3.7031,-1.2476,0.1749,0.1579,5.0,6.0,0.8732,8.0,17.0,5.26,44.4286,cnn,3,9,2,14,0.9333,0,0,0,0,normal,Normal / Mild Pullback,False,12.5924,-0.9804,10.7081,-3.3585,11.6701,2.3423,14.0285,,,-3.3585,
2026-07-16,16.73,68.16,748.8604,705.2051,78.9816,95.0216,77.4787,100.73,214.2546,2.71,0.78,4.57,2.35,-0.522,32.8704,,0.89,-0.9105,-5.2863,-0.2499,0.1748,0.1891,0.0,3.0,1.1955,14.0,21.0,7.7855,41.8571,cnn,3,9,2,14,0.9333,0,0,0,0,normal,Normal / Mild Pullback,False,12.5588,-1.6704,13.0315,-1.2028,15.294,3.6179,13.9455,,,-2.8319,
2026-07-17,18.77,70.88,741.4488,694.6062,78.8331,94.9227,76.2557,100.75,212.571,2.73,0.79,4.55,2.31,-0.528,32.8704,,3.74,-1.8912,-6.7098,-0.086,0.3627,0.4703,10.0,5.0,0.6594,6.0,8.0,7.7992,37.0,cnn,3,9,2,14,0.9333,0,0,1,1,normal,Normal / Mild Pullback,False,12.2418,-0.5866,11.8125,0.5032,14.967,4.4465,13.3304,,,-1.8606,
2026-07-20,18.65,72.66,740.2518,695.3354,78.8628,94.893,75.4602,100.99,211.6245,2.69,0.78,4.6,2.35,-0.528,32.8704,,1.49,-2.0496,-6.6119,0.6836,0.0492,0.095,3.0,4.0,0.1388,14.0,14.0,7.1,36.0,cnn,3,9,2,14,0.9333,0,0,1,1,normal,Normal / Mild Pullback,False,11.6582,-0.4043,11.8412,2.0995,16.3677,4.1208,13.4933,,,-1.7019,
2026-07-21,17.05,74.67,746.4265,708.232,78.8331,94.8436,75.5497,101.18,211.9632,2.69,0.78,4.63,2.37,-0.528,32.8704,,0.55,-1.2326,-4.8798,-0.3727,0.0991,0.1364,4.0,4.0,0.1584,12.0,9.0,4.9938,42.7714,cnn,3,9,2,14,0.9333,0,0,0,0,normal,Normal / Mild Pullback,False,11.9928,-0.9916,9.4816,3.0804,18.0081,2.5619,13.6229,,,-2.5151,
2026-07-22,16.64,76.31,745.5586,704.6157,78.7045,94.6952,75.1719,101.14,211.9035,2.68,0.78,4.67,2.39,-0.528,32.8704,,0.97,-1.3474,-5.3655,0.6968,0.0233,0.0317,-3.0,4.0,-0.2663,17.0,10.0,1.4785,44.4286,cnn,3,9,2,14,0.9333,0,0,0,0,normal,Normal / Mild Pullback,False,10.6692,-2.4016,13.3641,2.9943,18.0674,2.8967,13.5949,,,-2.4016,
2026-07-23,18.7,80.08,736.3515,691.2397,78.4175,94.3491,74.7244,101.43,211.1264,2.77,0.79,4.71,2.43,-0.528,42.3469,,1.97,-2.5657,-7.1619,1.878,-0.3165,-0.2718,1.0,4.0,-0.1771,30.0,20.0,0.9153,40.8571,cnn,3,9,2,14,0.9333,0,0,1,1,normal,Normal / Mild Pullback,False,11.6665,0.4755,18.0861,4.1155,16.2093,3.3081,13.121,,,-1.1813,
2026-07-24,18.58,76.82,737.0996,683.5178,78.4175,94.3392,75.3011,101.47,212.7702,2.79,0.8,4.69,2.43,-0.533,42.3469,,-0.19,-2.4667,-8.199,2.5916,-0.3539,-0.3754,1.0,4.0,0.0394,29.0,24.0,0.6493,40.7714,cnn,3,9,2,14,0.9333,0,0,1,1,normal,Normal / Mild Pullback,False,11.6622,1.0962,18.621,4.6459,16.145,3.6255,13.1472,,,-1.2816,
2026-07-27,18.67,77.21,737.2593,681.41,78.457,94.4084,75.0923,101.51,214.3742,2.81,0.81,4.65,2.44,-0.533,42.3469,,0.02,-2.4456,-8.4821,3.5071,-0.2412,-0.2402,-2.0,4.0,0.148,27.0,26.0,-0.9073,38.2286,cnn,3,9,2,14,0.9333,0,0,2,2,normal,Normal / Mild Pullback,False,11.3154,2.5139,20.249,4.5921,16.1856,3.2986,13.2445,,,-1.303,
2026-07-28,18.21,76.09,739.0248,674.7869,78.6055,94.5568,76.3551,101.38,216.8748,2.84,0.81,4.61,2.41,-0.533,42.3469,,1.16,-2.212,-9.3717,3.9323,-0.2773,-0.27,4.0,5.0,0.267,23.0,25.0,2.7485,37.1429,cnn,3,9,2,14,0.9333,0,0,2,2,normal,Normal / Mild Pullback,False,9.7028,4.1128,21.9215,4.0089,16.626,3.3812,13.2537,,,-1.5387,
2026-07-29,20.66,74.18,727.6531,661.0411,78.4274,94.3392,75.7486,100.8,214.9221,2.87,0.81,4.67,2.41,-0.533,42.3469,,4.02,-3.7167,-11.2178,5.2165,-0.4535,-0.4685,12.0,5.0,-0.3854,23.0,21.0,4.192,25.5571,cnn,3,9,2,14,0.9333,1,0,2,3,normal,Normal / Mild Pullback,False,10.6769,5.5287,13.0911,5.8989,12.7329,5.0201,11.6274,,,1.6766,
2026-07-30,17.09,77.09,739.8528,682.8384,78.655,94.6062,75.4702,100.01,214.5734,2.84,0.8,4.68,2.41,-0.533,42.1296,,-1.61,-2.1024,-8.2903,3.5376,-0.1508,-0.2294,10.0,4.0,-1.3611,20.0,16.0,0.1792,38.1143,cnn,3,9,2,14,0.9333,0,0,2,2,normal,Normal / Mild Pullback,False,12.4253,3.6228,14.2874,4.8794,11.2555,3.9653,10.4915,,,0.72,
2026-07-31,15.99,83.02,745.1796,687.2739,78.6649,94.626,75.6292,99.8,214.2048,2.85,0.79,4.75,2.47,-0.538,42.1296,,-2.59,-1.3976,-7.6946,2.6297,-0.2885,-0.3229,10.0,4.0,-1.051,26.0,21.0,1.0809,39.5714,cnn,3,9,2,14,0.9333,0,0,2,2,normal,Normal / Mild Pullback,False,12.6927,3.5112,14.3052,3.9235,11.6384,2.9878,10.4024,,,1.4243,
2026-08-03,15.86,80.48,755.7932,699.3413,78.8777,94.9214,76.6236,99.96,216.297,2.78,0.78,4.7,2.43,-0.538,42.1296,,-2.81,0.0,-6.0738,2.7828,-0.2191,-0.1782,6.0,3.0,-0.8825,22.0,19.0,1.1251,46.1429,cnn,3,9,2,14,0.9333,0,0,1,1,normal,Normal / Mild Pullback,False,13.3207,2.0273,13.3414,1.9798,10.7911,1.238,9.3603,,,0.6507,
2026-08-04,16.5,77.56,769.4194,723.0965,79.1164,95.2197,77.3992,99.89,219.4053,2.73,0.78,4.63,2.4,-0.538,42.1296,,-1.71,0.0,-2.8834,2.7566,0.2209,0.2398,6.0,2.0,-1.2359,8.0,10.0,0.5147,58.9714,cnn,3,9,2,14,0.9333,0,0,1,1,normal,Normal / Mild Pullback,False,14.538,-0.0998,5.8247,-0.503,7.0686,-1.2381,7.1796,,,-1.2381,
2026-08-05,15.81,73.58,767.8832,716.5533,79.0866,95.1402,76.902,99.69,218.9071,2.75,0.78,4.63,2.41,-0.538,42.1296,,-4.85,-0.1997,-3.7622,3.2923,0.3089,0.3127,5.0,2.0,-1.3459,7.0,10.0,2.1128,60.2286,cnn,3,9,2,14,0.9333,0,0,1,1,normal,Normal / Mild Pullback,False,14.4964,0.3507,5.8253,-0.0948,7.1248,-0.6015,7.376,,,-1.0405,
2026-08-06,15.15,76.12,766.6562,713.9061,79.0269,95.0805,76.0568,99.97,217.7614,2.71,0.78,4.69,2.43,-0.538,37.963,,-1.94,-0.3591,-4.1177,3.2062,0.1201,0.1453,1.0,2.0,-0.961,15.0,12.0,0.2184,59.6857,cnn,3,9,2,14,0.9333,0,0,0,0,normal,Normal / Mild Pullback,False,14.3079,1.2127,6.7838,-0.7755,8.2643,0.5998,8.2737,,,-0.8822,
2026-08-07,14.9,72.03,771.3446,722.2774,79.1761,95.2794,75.7784,99.6,219.2658,2.7,0.78,4.65,2.4,-0.543,37.963,,-1.09,0.0,-2.9934,3.2221,0.3594,0.4281,1.0,1.0,-1.3568,9.0,8.0,-0.8192,65.1429,cnn,3,9,2,14,0.9333,0,0,0,0,normal,Normal / Mild Pullback,False,14.375,0.3983,6.4337,-0.9751,7.8465,-0.397,8.1015,,,-1.4846,
2026-08-10,15.46,75.46,771.1152,720.1196,79.0468,95.1203,75.5994,99.81,219.3953,2.7,0.78,4.72,2.43,-0.543,37.963,,-0.4,-0.0297,-3.2832,4.3475,0.4349,0.4383,1.0,0.0,-1.4514,10.0,7.0,-1.9126,64.3714,cnn,3,9,2,14,0.9333,0,0,0,0,normal,Normal / Mild Pullback,False,14.0037,-0.0466,7.5794,-1.2367,7.8943,-0.9146,8.3181,,,-1.4553,
2026-08-11,15.28,77.92,768.6513,717.7021,79.0766,95.16,76.375,99.82,219.8635,2.72,0.79,4.7,2.43,-0.543,37.963,,-1.22,-0.3492,-3.6079,5.3494,0.2711,0.3336,0.0,0.0,-1.1096,12.0,10.0,-0.076,60.0857,cnn,3,9,2,14,0.9333,0,0,0,0,normal,Normal / Mild Pullback,False,14.0839,-0.4036,8.8266,-0.6035,8.1002,-1.059,8.3975,,,-1.1394,
2026-08-12,14.55,72.09,770.5765,722.9467,79.1761,95.3192,76.9418,100.01,220.2521,2.71,0.79,4.68,2.42,-0.543,37.963,,-1.26,-0.0996,-2.9035,5.0892,0.2337,0.3236,0.0,0.0,-0.4876,13.0,10.0,-0.2256,61.6857,cnn,3,9,2,14,0.9333,0,0,0,0,normal,Normal / Mild Pullback,False,14.0564,-0.444,8.735,-0.8298,7.9345,-1.8978,8.5323,,,-1.8978,
2026-08-13,14.63,69.23,775.9532,731.308,79.3551,95.5081,77.3097,99.96,221.8959,2.71,0.79,4.63,2.39,-0.543,37.8995,,-0.52,0.0,-1.7805,4.4235,0.4729,0.512,0.0,1.0,-0.7644,6.0,4.0,-3.7021,66.1143,cnn,3,9,2,14,0.9333,0,0,0,0,normal,Normal / Mild Pullback,False,13.9712,-1.9643,6.601,-0.8716,7.8206,-1.7471,8.736,,,-2.5775,
2026-08-14,14.25,69.58,774.417,730.309,79.2755,95.4385,77.4887,99.67,221.9357,2.67,0.8,4.68,2.41,-0.547,37.8995,,-0.65,-0.198,-1.9147,4.5607,0.5612,0.5434,-6.0,1.0,-1.072,13.0,10.0,-2.7091,64.3143,cnn,3,9,2,14,0.9333,0,0,0,0,normal,Normal / Mild Pullback,False,13.3602,-1.368,8.7912,-0.9004,7.8334,-1.9914,8.8219,,,-2.3843,
2026-08-17,15.19,75.63,770.756,729.1102,79.1761,95.3192,76.9517,99.64,219.9632,2.7,0.81,4.72,2.44,-0.547,37.8995,,-0.27,-0.6698,-2.0757,4.0503,0.3972,0.449,1.0,3.0,-1.3368,12.0,9.0,-2.0594,59.1429,cnn,3,9,2,14,0.9333,0,0,0,0,normal,Normal / Mild Pullback,False,13.5231,-1.1907,8.6268,-0.7273,7.6409,-1.9776,8.8141,,,-1.9776,
2026-08-18,15.84,74.98,765.549,716.7631,79.0965,95.2098,76.4148,99.65,218.9669,2.75,0.82,4.71,2.41,-0.547,37.8995,,0.56,-1.3408,-3.734,4.0411,0.3341,0.3861,6.0,4.0,-1.5122,8.0,4.0,-1.3815,54.6286,cnn,3,9,2,14,0.9333,0,0,0,0,normal,Normal / Mild Pullback,False,13.6536,-0.2007,8.3341,-0.7388,7.6667,-1.746,8.6471,,,-1.746,
2026-08-19,14.89,71.26,767.155,715.3346,79.2755,95.4286,74.5753,98.83,221.2384,2.73,0.81,4.65,2.35,-0.547,37.8995,,0.34,-1.1339,-3.9258,4.3595,0.7256,0.7744,5.0,3.0,-2.284,-2.0,-4.0,-3.5864,56.6286,cnn,3,9,2,14,0.9333,0,0,0,0,normal,Normal / Mild Pullback,False,13.6246,-0.3875,8.0828,-0.5071,7.9908,-0.84,9.6248,,,-1.9517,
2026-08-20,16.01,73.18,760.711,710.1899,79.1264,95.2396,74.2869,98.9,219.4551,2.75,0.82,4.69,2.35,-0.547,39.9015,,1.38,-1.9643,-4.6168,4.5518,0.904,0.9438,-2.0,3.0,-2.4943,-2.0,-8.0,-3.7689,51.3714,cnn,3,9,2,14,0.9333,0,0,0,0,normal,Normal / Mild Pullback,False,13.1576,1.1146,5.8136,1.386,8.3495,0.1287,9.1586,,,-1.1212,
2026-08-21,15.13,73.4,763.8232,712.6974,79.1761,95.3391,74.4361,98.8,220.8399,2.7,0.81,4.74,2.4,-0.551,39.9015,,0.88,-1.5632,-4.28,4.8404,0.9674,1.0598,-9.0,1.0,-2.6313,5.0,-3.0,-4.6073,54.6571,cnn,3,9,2,14,0.9333,0,0,0,0,normal,Normal / Mild Pullback,False,13.1829,0.4741,6.2619,0.5838,8.5778,1.2669,10.5843,,,-1.5241,
2026-08-24,15.85,73.98,761.5788,705.5848,79.2656,95.4186,74.3366,99.0,221.0989,2.69,0.81,4.7,2.38,-0.551,39.9015,,0.66,-1.8525,-5.2353,5.4671,1.0306,1.07,-12.0,0.0,-2.4727,5.0,-6.0,-4.1675,54.9714,cnn,3,9,2,14,0.9333,0,0,0,0,normal,Normal / Mild Pullback,False,13.2808,0.4689,6.282,0.3261,8.9609,1.5496,10.5054,,,-1.2338,
2026-08-25,15.45,71.92,764.0128,709.9802,79.4844,95.6672,73.9091,98.92,220.9395,2.7,0.81,4.64,2.32,-0.551,39.9015,,-0.39,-1.5388,-4.645,5.0246,1.1181,1.1744,-14.0,0.0,-2.4265,3.0,-9.0,-6.3694,59.6,cnn,3,9,2,14,0.9333,0,0,0,0,normal,Normal / Mild Pullback,False,13.2898,-0.5392,7.8782,-0.4583,9.1231,0.497,10.8328,,,-1.5485,
2026-08-26,15.21,69.44,764.1824,710.6295,79.4645,95.6473,74.1576,99.17,221.2782,2.67,0.8,4.66,2.34,-0.551,39.9015,,0.32,-1.5169,-4.5578,5.2571,1.3225,1.3866,-20.0,-1.0,-1.6171,-1.0,-7.0,-6.7801,53.9429,cnn,3,9,2,14,0.9333,0,0,0,0,normal,Normal / Mild Pullback,False,11.6866,-0.1201,8.8252,-1.0769,9.5208,0.3923,10.8394,,,-1.5703,
2026-08-27,14.51,69.86,769.1899,720.3594,79.4347,95.5976,73.9289,99.16,220.6207,2.63,0.79,4.67,2.34,-0.551,44.4444,,-1.5,-0.8716,-3.251,3.9901,0.9913,1.0479,-21.0,-1.0,-0.8499,-1.0,-7.0,-5.7783,57.3143,cnn,3,9,2,14,0.9333,0,0,1,1,normal,Normal / Mild Pullback,False,10.5362,0.2684,10.8908,-0.8832,9.9977,0.2808,10.7602,,,-2.2111,
2026-08-28,14.43,70.97,767.4443,715.6843,79.3054,95.4385,73.8792,99.7,219.8635,2.6,0.79,4.73,2.42,-0.554,44.4444,,-0.7,-1.0966,-3.8789,3.5295,0.8142,0.8586,-25.0,0.0,-0.1002,-2.0,-5.0,-5.148,53.7429,cnn,3,9,2,14,0.9333,0,0,1,1,normal,Normal / Mild Pullback,False,10.4482,0.1092,11.203,-1.1009,10.1429,,,,,,
2026-08-31,14.92,75.32,765.15,716.0139,79.375,95.528,73.1434,99.43,218.5684,2.63,0.8,4.75,2.44,-0.554,44.4444,,-0.93,-1.3923,-3.8346,2.8418,0.6304,0.6391,-15.0,2.0,-0.5302,5.0,1.0,-5.7092,49.2,cnn,3,9,2,14,0.9333,0,0,1,1,normal,Normal / Mild Pullback,False,9.397,-0.1421,11.784,-1.2594,10.2577,,,,,,
2026-09-01,16.34,77.88,759.8931,706.9034,79.1,95.21,72.2087,99.67,216.7751,2.65,0.81,4.79,2.44,-0.554,44.4444,,0.89,-2.0697,-5.0582,1.4971,-0.0208,-0.0102,-8.0,3.0,-0.2202,16.0,4.0,-5.5365,44.8571,cnn,3,9,2,14,0.9333,0,0,1,1,normal,Normal / Mild Pullback,False,7.1774,0.0814,11.0799,-1.0147,9.9482,,,,,,
2026-09-02,15.2,79.71,763.2646,708.5017,79.11,95.21,73.8196,99.56,217.7814,2.66,0.81,4.79,2.45,-0.554,44.4444,,-0.01,-1.6352,-4.8435,1.8555,0.0296,0.0734,-9.0,3.0,-0.1304,16.0,4.0,-3.4274,46.0571,cnn,3,9,2,14,0.9333,0,0,1,1,normal,Normal / Mild Pullback,False,7.3736,-0.958,11.0272,-0.3346,11.4749,,,,,,
2026-09-03,14.32,74.68,771.2548,716.9229,79.21,95.3,74.446,99.0,219.2259,2.65,0.81,4.77,2.42,-0.554,37.5546,,-0.19,-0.6055,-3.7125,0.4069,0.2317,0.2309,-6.0,3.0,-0.9703,8.0,-1.0,-2.7015,47.5143,cnn,3,9,2,14,0.9333,0,0,0,0,normal,Normal / Mild Pullback,False,8.2784,-1.1485,9.6709,-1.2402,9.8855,,,,,,
2026-09-04,14.53,73.1,768.2822,718.2116,79.16,95.27,74.8437,99.16,218.1799,2.68,0.81,4.78,2.43,-0.556,37.5546,,0.1,-0.9886,-3.5394,0.0046,-0.0203,-0.0098,-2.0,3.0,-0.4418,13.0,3.0,-0.8398,45.2286,cnn,3,9,2,14,0.9333,0,0,0,0,normal,Normal / Mild Pullback,False,8.1061,-1.2088,9.742,0.6791,12.7636,,,,,,
2026-09-08,15.72,76.14,764.0627,717.6122,79.12,95.21,73.8892,98.84,215.9184,2.67,0.81,4.8,2.43,-0.556,37.5546,,0.8,-1.5324,-3.6199,-0.3477,0.0926,0.0943,-3.0,3.0,-0.9718,8.0,0.0,-1.3601,39.1429,cnn,3,9,2,14,0.9333,0,0,1,1,normal,Normal / Mild Pullback,False,8.3224,-1.1189,9.5811,1.2194,12.3123,,,,,,
2026-09-09,16.46,76.74,760.5115,715.5644,78.98,95.04,73.034,98.77,213.8362,2.71,0.81,4.83,2.46,-0.556,37.5546,,0.12,-1.99,-3.895,-1.2065,-0.1222,-0.1262,-1.0,2.0,-1.0519,13.0,3.0,-3.3509,38.2,cnn,3,9,2,14,0.9333,0,0,1,1,normal,Normal / Mild Pullback,False,8.4016,-1.0952,9.5447,0.9597,12.7163,,,,,,
2026-09-10,17.84,82.09,755.9528,707.9523,78.62,94.63,73.392,99.09,212.3717,2.7,0.8,4.95,2.55,-0.556,39.3352,,2.64,-2.5775,-4.9173,-0.1312,-0.7023,-0.723,-1.0,1.0,-0.9199,27.0,13.0,-2.7684,32.2,cnn,3,9,2,14,0.9333,0,0,1,1,normal,Normal / Mild Pullback,False,8.5365,0.6294,12.5991,1.4852,12.1754,,,,,,
2026-09-11,15.84,82.21,762.3968,714.1359,78.6,94.61,73.4815,99.12,214.0653,2.65,0.8,4.96,2.6,-0.557,39.3352,,1.52,-1.7471,-4.0868,-0.4486,-0.9516,-0.9403,-6.0,1.0,-0.8403,33.0,21.0,-3.2617,32.6857,cnn,3,9,2,14,0.9333,0,0,1,1,normal,Normal / Mild Pullback,False,8.742,-0.0927,10.9197,1.1743,11.7713,,,,,,
2026-09-14,17.1,83.9,758.9952,708.4418,78.53,94.49,73.6903,99.46,214.2048,2.71,0.8,4.97,2.6,-0.557,39.3352,,2.57,-2.1854,-4.8516,0.3167,-0.9404,-0.9938,4.0,0.0,-0.2107,29.0,19.0,-2.9696,31.0,cnn,3,9,2,14,0.9333,0,0,1,1,normal,Normal / Mild Pullback,False,8.8279,1.911,14.5169,,,,,,,,
2026-09-15,17.2,83.71,755.5139,703.8066,78.38,94.3,73.6306,99.65,213.1588,2.76,0.8,5.0,2.62,-0.557,39.3352,,1.48,-2.6341,-5.4741,0.8613,-1.0055,-1.0692,6.0,-1.0,0.01,28.0,18.0,-2.3854,27.9714,cnn,3,9,2,14,0.9333,0,0,1,1,normal,Normal / Mild Pullback,False,8.8202,2.3648,13.1819,,,,,,,,
2026-09-16,17.71,80.73,752.1822,703.9864,78.42,94.39,72.3281,100.31,211.485,2.7,0.78,5.01,2.68,-0.557,39.3352,,1.25,-3.0635,-5.45,-0.0236,-0.8553,-0.861,-5.0,-4.0,0.6623,30.0,27.0,-3.666,27.3143,cnn,3,9,2,14,0.9333,0,0,1,1,normal,Normal / Mild Pullback,False,8.6543,2.0777,14.4886,,,,,,,,
2026-09-17,15.44,76.22,760.711,716.1737,78.72,94.74,72.3281,100.22,212.5112,2.7,0.78,4.94,2.61,-0.557,53.3019,,-2.4,-1.9643,-3.8131,-1.77,-0.7008,-0.7215,-3.0,-3.0,1.4065,29.0,26.0,-2.1918,28.2857,cnn,3,9,2,14,0.9333,0,0,3,3,normal,Normal / Mild Pullback,False,9.6396,0.8504,13.2099,,,,,,,,
2026-09-18,14.81,80.64,761.69,720.699,78.53,94.55,72.338,100.22,211.495,2.68,0.77,5.01,2.68,-0.555,53.3019,,-1.03,-1.8382,-3.2054,-3.1018,-0.7537,-0.7241,-7.0,-5.0,1.3347,32.0,33.0,-2.7486,30.4286,cnn,3,9,2,14,0.9333,0,0,3,3,normal,Normal / Mild Pullback,False,9.1761,1.2682,13.4535,,,,,,,,
2026-09-21,14.87,81.2,773.5,741.47,78.68,94.71,71.99,100.43,212.68,2.66,0.77,4.96,2.62,-0.555,53.3019,,-2.23,-0.3162,-0.4157,-4.5296,-0.6266,-0.6598,-4.0,-4.0,1.6498,22.0,22.0,-4.496,34.1714,cnn,3,9,2,14,0.9333,0,0,3,3,normal,Normal / Mild Pullback,False,10.6188,,,,,,,,,,
2026-09-22,14.21,78.56,773.38,747.46,78.67,94.72,71.19,100.6,212.8,2.68,0.77,4.96,2.63,-0.555,53.3019,,-2.99,-0.3316,0.0,-4.5024,-0.7514,-0.7321,-1.0,-4.0,1.6162,26.0,25.0,-5.6943,35.0286,cnn,3,9,2,14,0.9333,0,0,3,3,normal,Normal / Mild Pullback,False,10.5397,,,,,,,,,,
2026-09-23,15.18,95.45,767.81,741.21,78.1,93.97,70.38,101.1,211.31,2.73,0.77,5.11,2.76,-0.555,53.3019,,-2.53,-1.0494,-0.8362,-4.1581,-1.7417,-1.7741,3.0,-4.0,2.2038,47.0,44.0,-5.2458,32.5429,cnn,3,9,2,14,0.9333,0,0,3,3,normal,Normal / Mild Pullback,False,10.8661,,,,,,,,,,
2026-09-24,15.67,104.58,767.18,741.1,77.89,93.68,70.94,101.29,210.26,2.8,0.79,5.18,2.85,-0.555,48.0769,,0.23,-1.1306,-0.8509,-3.6863,-1.9814,-2.0569,13.0,-1.0,2.1377,52.0,51.0,-4.7127,35.7429,cnn,3,9,2,14,0.9333,0,0,2,2,normal,Normal / Mild Pullback,False,10.873,,,,,,,,,,
2026-09-25,14.87,96.0,771.35,744.5,77.86,93.61,71.55,100.97,211.11,2.93,0.81,5.17,2.83,-0.555,48.0769,,0.06,-0.5932,-0.396,-4.2378,-1.9824,-2.0791,30.0,2.0,1.8253,50.0,49.0,-3.4889,36.9429,cnn,3,9,2,14,0.9333,0,0,2,2,normal,Normal / Mild Pullback,False,,,,,,,,,,,
2026-09-28,16.07,101.82,765.61,736.53,77.54,93.16,70.55,101.2,209.74,3.02,0.83,5.24,2.9,-0.555,48.0769,,1.2,-1.333,-1.4623,-4.9401,-2.2261,-2.3874,42.0,4.0,1.5045,51.0,48.0,-4.2775,34.3714,cnn,3,9,2,14,0.9333,0,0,2,2,normal,Normal / Mild Pullback,False,,,,,,,,,,,
2026-09-29,16.04,106.6,764.2,737.93,77.36,92.91,69.83,101.37,209.5,3.08,0.84,5.26,2.91,-0.548,48.0769,,1.83,-1.5147,-1.275,-4.0836,-2.5386,-2.7405,45.0,4.0,1.9511,51.0,47.0,-4.4113,28.8571,cnn,3,9,2,14,0.9333,0,0,2,2,normal,Normal / Mild Pullback,False,,,,,,,,,,,
2026-09-30,16.34,110.45,762.63,739.77,76.868,92.219,69.44,101.45,208.02,3.12,0.84,5.29,2.93,-0.548,48.0769,,1.16,-1.717,-1.0288,-4.8992,-2.3894,-2.5838,47.0,3.0,1.7859,50.0,49.0,-4.1795,30.2571,cnn,3,9,2,14,0.9333,0,0,2,2,normal,Normal / Mild Pullback,False,,,,,,,,,,,
2026-10-01,16.39,108.13,763.99,742.03,76.9,92.3,69.95,102.1,209.0,3.24,0.86,5.24,2.88,-0.548,46.4912,,0.72,-1.5417,-0.7265,-3.7823,-2.3611,-2.4982,58.0,5.0,2.5512,45.0,43.0,-5.3319,28.9143,cnn,3,9,2,14,0.9333,0,0,2,2,normal,Normal / Mild Pullback,False,,,,,,,,,,,
2026-10-02,15.31,107.2868,769.64,749.58,76.91,92.39,70.78,101.924,209.73,3.24,0.86,5.24,2.88,-0.548,46.4912,,0.44,-0.8136,0.0,-3.9322,-2.4717,-2.4953,59.0,5.0,2.9535,47.0,46.0,-4.7249,31.1714,cnn,3,9,2,14,0.9333,0,0,2,2,normal,Normal / Mild Pullback,False,,,,,,,,,,,
